{"agg/fold_id_mean":0,"agg/best_epoch_std":0,"agg/val.SP_sex_mean":10.470085470085472,"agg/test.accuracy_std":0,"agg/test.recall_mean":71.42857142857143,"agg/val.EO_sex_mean":32.35294117647059,"_timestamp":1.7670597853230646e+09,"agg/seed_std":0,"agg/val.EO_sex_std":0,"agg/test.best_f1_std":0,"agg/val.roc_auc_mean":63.76811594202899,"fold":0,"val.accuracy":69.35483870967742,"agg/test.SP_age_mean":9.781209781209776,"agg/val.EO_age_std":0,"agg/val.f1_score_mean":64.15094339622641,"agg/test.best_f1_mean":57.35294117647059,"agg/test.best_thr_f1_mean":0.5149999999999999,"agg/test.EO_sex_std":0,"agg/test.recall_std":0,"agg/val.SP_sex_std":0,"agg/val.val_score_std":0,"agg/test.best_accuracy_mean":62.33766233766234,"agg/test.precision_mean":47.05882352941176,"agg/test.SP_sex_mean":13.7037037037037,"agg/test.f1_score_std":0,"agg/test.roc_auc_std":0,"agg/test.val_score_bestthr_std":0,"agg/test.EO_age_mean":18.71657754010695,"agg/val.val_score_bestthr_std":0,"agg/test.SP_sex_std":0,"agg/test.best_accuracy_std":0,"agg/val.SP_age_std":0,"test.accuracy":60.3896103896104,"agg/test.val_score_std":0,"agg/val.EO_age_mean":50,"agg/seed_mean":0,"agg/test.EO_sex_mean":4.1666666666666625,"agg/test.val_score_bestthr_mean":90.43399614473144,"seed":0,"agg/val.SP_age_mean":29.166666666666668,"agg/test.EO_age_std":0,"agg/test.best_thr_f1_std":0,"agg/fold_id_std":0,"agg/test.SP_age_std":0,"agg/best_epoch_mean":29,"val.f1_score":64.15094339622641,"agg/val.accuracy_mean":69.35483870967742,"agg/val.accuracy_std":0,"_wandb":{"runtime":66},"_runtime":66.143623544,"agg/test.precision_std":0,"agg/val.val_score_mean":100.2104134746584,"val.roc_auc":63.76811594202899,"agg/test.accuracy_mean":60.3896103896104,"val.val_score_bestthr":100.2104134746584,"agg/val.roc_auc_std":0,"val.val_score":100.2104134746584,"agg/test.roc_auc_mean":63.19241982507289,"_step":1,"agg/test.f1_score_mean":56.73758865248227,"agg/test.val_score_mean":88.29472313893466,"test.roc_auc":63.19241982507289,"agg/val.f1_score_std":0,"agg/val.val_score_bestthr_mean":100.2104134746584,"test.f1_score":56.73758865248227}