{"agg/val.SP_sex_mean":4.914529914529914,"val.val_score":102.7041044291993,"agg/test.EO_sex_std":0,"test.SP_age":28.298887122416538,"agg/test.precision_std":0,"agg/val.SP_age_std":0,"agg/test.recall_std":0,"test.recall":46.42857142857143,"agg/val.EO_age_std":0,"agg/val.val_score_bestthr_mean":104.98207175756986,"agg/fold_id_mean":0,"agg/test.roc_auc_mean":62.24489795918367,"test.SP_sex":10.925925925925926,"agg/test.f1_score_std":0,"agg/val.EO_age_mean":50,"test.EO_age":64.70588235294117,"agg/fold_id_std":0,"agg/val.EO_sex_mean":9.80392156862745,"val.SP_age":28.47222222222222,"agg/test.SP_age_std":0,"val.val_score_bestthr":104.98207175756986,"seed":0,"agg/val.val_score_bestthr_std":0,"agg/val.roc_auc_std":0,"agg/val.f1_score_mean":66.66666666666666,"test.accuracy":66.23376623376623,"agg/best_epoch_std":0,"agg/test.precision_mean":54.166666666666664,"agg/test.recall_mean":46.42857142857143,"agg/val.EO_sex_std":0,"agg/test.SP_age_mean":28.298887122416538,"agg/seed_mean":0,"agg/test.EO_age_mean":64.70588235294117,"agg/test.f1_score_mean":50,"agg/seed_std":0,"_runtime":87.581904942,"val.EO_sex":9.80392156862745,"agg/val.accuracy_mean":72.58064516129032,"test.precision":54.166666666666664,"val.SP_sex":4.914529914529914,"test.f1_score":50,"agg/val.val_score_std":0,"agg/test.roc_auc_std":0,"val.EO_age":50,"agg/test.accuracy_mean":66.23376623376623,"agg/test.EO_age_std":0,"_wandb":{"runtime":87},"agg/best_epoch_mean":16,"agg/val.val_score_mean":102.7041044291993,"agg/test.accuracy_std":0,"val.accuracy":72.58064516129032,"val.f1_score":66.66666666666666,"_timestamp":1.7672333083783157e+09,"test.roc_auc":62.24489795918367,"agg/test.SP_sex_mean":10.925925925925926,"agg/val.f1_score_std":0,"fold":0,"agg/val.roc_auc_mean":72.46376811594203,"test.EO_sex":10.416666666666668,"agg/test.EO_sex_mean":10.416666666666668,"_step":1,"agg/val.accuracy_std":0,"agg/val.SP_age_mean":28.47222222222222,"agg/val.SP_sex_std":0,"agg/test.SP_sex_std":0,"val.roc_auc":72.46376811594203}