{"agg/val.EO_sex_std":0,"test.recall":23.214285714285715,"agg/test.precision_std":0,"val.EO_sex":14.70588235294118,"agg/best_epoch_mean":29,"seed":0,"agg/val.EO_sex_mean":14.70588235294118,"agg/val.EO_age_std":0,"agg/best_epoch_std":0,"test.EO_sex":2.0833333333333344,"val.accuracy":70.96774193548387,"val.f1_score":60.86956521739131,"agg/val.roc_auc_mean":69.78818283166109,"_timestamp":1.7672375641160893e+09,"test.SP_age":17.181467181467184,"agg/val.accuracy_std":0,"agg/test.EO_sex_std":0,"val.val_score_bestthr":100.20204691723131,"agg/val.SP_age_std":0,"test.accuracy":66.23376623376623,"agg/test.roc_auc_std":0,"agg/val.roc_auc_std":0,"test.roc_auc":58.673469387755105,"test.f1_score":33.33333333333334,"agg/test.SP_age_std":0,"val.EO_age":66.66666666666667,"test.EO_age":35.294117647058826,"agg/val.f1_score_std":0,"agg/val.SP_age_mean":27.77777777777778,"agg/test.f1_score_mean":33.33333333333334,"agg/test.f1_score_std":0,"test.precision":59.09090909090909,"agg/test.EO_sex_mean":2.0833333333333344,"agg/fold_id_mean":0,"_runtime":65.381338301,"agg/test.SP_sex_std":0,"agg/test.EO_age_std":0,"agg/test.recall_std":0,"agg/test.accuracy_std":0,"agg/val.f1_score_mean":60.86956521739131,"agg/test.SP_sex_mean":2.037037037037037,"agg/seed_std":0,"test.SP_sex":2.037037037037037,"agg/test.accuracy_mean":66.23376623376623,"agg/fold_id_std":0,"agg/test.precision_mean":59.09090909090909,"agg/seed_mean":0,"agg/test.recall_mean":23.214285714285715,"agg/val.val_score_std":0,"agg/val.accuracy_mean":70.96774193548387,"val.SP_sex":10.897435897435898,"_wandb":{"runtime":65},"agg/val.SP_sex_mean":10.897435897435898,"agg/test.roc_auc_mean":58.673469387755105,"agg/test.SP_age_mean":17.181467181467184,"agg/val.val_score_bestthr_mean":100.20204691723131,"val.SP_age":27.77777777777778,"fold":0,"agg/val.EO_age_mean":66.66666666666667,"agg/val.val_score_mean":97.39235127880765,"_step":1,"agg/test.EO_age_mean":35.294117647058826,"val.roc_auc":69.78818283166109,"agg/val.SP_sex_std":0,"agg/val.val_score_bestthr_std":0,"val.val_score":97.39235127880765}