{"agg/test.SP_sex_mean":3.185185185185185,"agg/test.roc_auc_mean":60.34985422740525,"test.SP_sex":3.185185185185185,"fold":0,"agg/test.SP_age_mean":27.99227799227799,"test.roc_auc":60.34985422740525,"_runtime":109.92878063,"agg/test.roc_auc_std":0,"agg/test.EO_sex_mean":10.416666666666668,"agg/seed_mean":0,"test.f1_score":39.02439024390244,"agg/test.precision_std":0,"_wandb":{"runtime":109},"test.EO_sex":10.416666666666668,"agg/val.SP_age_mean":22.22222222222222,"agg/val.EO_age_std":0,"agg/seed_std":0,"agg/val.f1_score_std":0,"val.EO_sex":3.9215686274509887,"val.val_score_bestthr":104.41243941745434,"test.precision":61.53846153846154,"agg/val.roc_auc_mean":73.46711259754738,"val.SP_sex":5.9829059829059785,"agg/best_epoch_std":0,"agg/test.EO_age_std":0,"agg/val.SP_sex_mean":5.9829059829059785,"agg/test.accuracy_std":0,"seed":0,"agg/val.f1_score_mean":65.3061224489796,"agg/val.SP_sex_std":0,"agg/fold_id_mean":0,"val.EO_age":50,"agg/val.SP_age_std":0,"agg/test.EO_sex_std":0,"agg/test.f1_score_mean":39.02439024390244,"val.f1_score":65.3061224489796,"agg/test.SP_sex_std":0,"val.roc_auc":73.46711259754738,"agg/test.precision_mean":61.53846153846154,"agg/test.recall_mean":28.57142857142857,"agg/val.val_score_bestthr_std":0,"agg/val.accuracy_mean":72.58064516129032,"agg/val.accuracy_std":0,"test.recall":28.57142857142857,"agg/val.EO_age_mean":50,"agg/test.recall_std":0,"val.SP_age":22.22222222222222,"agg/test.f1_score_std":0,"val.val_score":104.41243941745434,"agg/val.val_score_std":0,"agg/test.accuracy_mean":67.53246753246754,"_timestamp":1.7672355621510854e+09,"_step":1,"agg/val.EO_sex_std":0,"agg/test.SP_age_std":0,"test.SP_age":27.99227799227799,"test.EO_age":47.05882352941176,"agg/val.val_score_bestthr_mean":104.41243941745434,"agg/val.EO_sex_mean":3.9215686274509887,"agg/fold_id_std":0,"val.accuracy":72.58064516129032,"test.accuracy":67.53246753246754,"agg/best_epoch_mean":12,"agg/test.EO_age_mean":47.05882352941176,"agg/val.roc_auc_std":0,"agg/val.val_score_mean":104.41243941745434}