{"val.roc_auc":72.12931995540693,"agg/val.SP_sex_std":0,"agg/best_epoch_mean":18,"_wandb":{"runtime":87},"agg/test.SP_age_mean":24.789915966386562,"agg/test.EO_sex_std":0,"agg/val.EO_age_mean":50,"agg/test.precision_std":0,"agg/seed_mean":0,"test.f1_score":51.06382978723405,"agg/val.roc_auc_mean":72.12931995540693,"agg/val.f1_score_std":0,"agg/test.f1_score_std":0,"agg/val.f1_score_mean":67.9245283018868,"agg/test.f1_score_mean":51.06382978723405,"agg/test.EO_age_std":0,"_step":1,"test.accuracy":55.1948051948052,"agg/test.recall_mean":64.28571428571429,"val.f1_score":67.9245283018868,"agg/test.val_score_std":0,"agg/test.best_f1_mean":54.82233502538071,"test.roc_auc":59.65743440233236,"agg/test.best_thr_f1_std":0,"agg/test.precision_mean":42.35294117647059,"agg/seed_std":0,"val.accuracy":72.58064516129032,"agg/test.EO_sex_mean":12.5,"agg/test.EO_age_mean":16.04278074866311,"agg/test.val_score_mean":80.14191163979025,"agg/val.val_score_bestthr_mean":105.59233741680887,"agg/val.EO_age_std":0,"agg/val.SP_sex_mean":2.777777777777779,"agg/val.accuracy_mean":72.58064516129032,"agg/val.accuracy_std":0,"_timestamp":1.7670794109968054e+09,"agg/test.val_score_bestthr_mean":69.23890267327344,"val.val_score":105.59233741680887,"_runtime":87.757410725,"agg/val.val_score_std":0,"agg/test.accuracy_std":0,"agg/test.SP_age_std":0,"agg/val.roc_auc_std":0,"seed":0,"agg/fold_id_std":0,"agg/fold_id_mean":0,"agg/test.best_thr_f1_mean":0.185,"agg/val.val_score_mean":105.59233741680887,"agg/test.recall_std":0,"fold":0,"agg/val.val_score_bestthr_std":0,"agg/val.SP_age_mean":35.41666666666667,"agg/test.val_score_bestthr_std":0,"agg/test.SP_sex_std":0,"agg/val.EO_sex_std":0,"agg/test.best_f1_std":0,"agg/val.EO_sex_mean":6.862745098039225,"agg/test.accuracy_mean":55.1948051948052,"agg/test.roc_auc_std":0,"agg/val.SP_age_std":0,"agg/test.best_accuracy_std":0,"agg/test.SP_sex_mean":5.148148148148146,"agg/test.roc_auc_mean":59.65743440233236,"agg/test.best_accuracy_mean":42.2077922077922,"agg/best_epoch_std":0}