{"test.accuracy":52.5974025974026,"agg/val.val_score_std":0,"test.roc_auc":61.15160349854227,"val.accuracy":66.12903225806451,"agg/val.val_score_bestthr_mean":97.3223150716035,"agg/val.EO_sex_std":0,"test.f1_score":48.951048951048946,"agg/seed_std":0,"agg/val.roc_auc_std":0,"agg/test.roc_auc_std":0,"agg/val.SP_age_std":0,"agg/test.best_thr_f1_mean":0.24,"_timestamp":1.7670788116785216e+09,"agg/val.f1_score_std":0,"agg/test.best_thr_f1_std":0,"agg/val.SP_age_mean":29.166666666666668,"agg/test.SP_sex_mean":4.296296296296287,"agg/test.val_score_bestthr_std":0,"agg/val.EO_age_mean":50,"seed":0,"agg/val.SP_sex_std":0,"agg/test.EO_age_std":0,"agg/val.val_score_mean":95.22287741586639,"agg/test.accuracy_mean":52.5974025974026,"agg/val.EO_age_std":0,"agg/test.best_accuracy_std":0,"agg/test.SP_age_mean":20.270270270270274,"_step":1,"agg/val.accuracy_mean":66.12903225806451,"agg/test.EO_age_mean":36.36363636363637,"agg/test.precision_mean":40.229885057471265,"agg/test.val_score_mean":76.31779171029171,"agg/test.recall_mean":62.5,"val.val_score":95.22287741586639,"agg/test.SP_sex_std":0,"agg/fold_id_std":0,"agg/test.accuracy_std":0,"agg/test.best_f1_mean":54.187192118226605,"val.roc_auc":69.23076923076923,"agg/test.val_score_std":0,"agg/best_epoch_std":0,"agg/seed_mean":0,"agg/test.best_f1_std":0,"agg/test.roc_auc_mean":61.15160349854227,"agg/val.accuracy_std":0,"agg/val.roc_auc_mean":69.23076923076923,"agg/val.f1_score_mean":60.377358490566046,"agg/test.SP_age_std":0,"agg/val.val_score_bestthr_std":0,"_runtime":95.797965213,"agg/best_epoch_mean":18,"_wandb":{"runtime":95},"agg/fold_id_mean":0,"agg/test.EO_sex_mean":14.583333333333337,"agg/test.EO_sex_std":0,"agg/val.EO_sex_mean":26.470588235294112,"agg/test.val_score_bestthr_mean":66.48501663744564,"agg/test.f1_score_mean":48.951048951048946,"agg/test.best_accuracy_mean":39.61038961038961,"fold":0,"agg/test.precision_std":0,"val.f1_score":60.377358490566046,"agg/val.SP_sex_mean":3.8461538461538436,"agg/test.recall_std":0,"agg/test.f1_score_std":0}