{"agg/val.val_score_bestthr_std":0,"agg/test.best_accuracy_mean":40.25974025974026,"agg/test.EO_sex_mean":27.083333333333332,"agg/test.EO_age_std":0,"agg/test.SP_age_mean":25.482625482625487,"agg/val.val_score_mean":106.31986814576946,"agg/test.best_f1_mean":54.45544554455445,"agg/val.EO_age_mean":50,"agg/test.recall_std":0,"agg/seed_mean":0,"agg/val.roc_auc_mean":71.12597547380156,"agg/val.EO_sex_mean":26.470588235294112,"test.roc_auc":61.42492711370262,"agg/test.best_f1_std":0,"agg/test.EO_age_mean":28.342245989304814,"agg/test.precision_mean":46.774193548387096,"test.accuracy":61.038961038961034,"agg/test.roc_auc_mean":61.42492711370262,"agg/test.f1_score_mean":49.152542372881356,"val.val_score":106.31986814576946,"agg/test.accuracy_mean":61.038961038961034,"agg/test.recall_mean":51.78571428571429,"agg/val.EO_age_std":0,"agg/val.f1_score_std":0,"agg/seed_std":0,"agg/test.best_thr_f1_std":0,"agg/test.roc_auc_std":0,"agg/test.f1_score_std":0,"agg/test.val_score_mean":84.72800202920092,"agg/test.val_score_bestthr_std":0,"agg/test.EO_sex_std":0,"agg/val.val_score_bestthr_mean":106.31986814576946,"test.f1_score":49.152542372881356,"agg/val.accuracy_std":0,"agg/val.SP_sex_std":0,"agg/best_epoch_mean":16,"_wandb":{"runtime":162},"agg/test.SP_sex_std":0,"agg/test.SP_age_std":0,"agg/fold_id_mean":0,"agg/test.val_score_std":0,"agg/val.f1_score_mean":66.66666666666666,"agg/test.precision_std":0,"agg/val.SP_age_std":0,"agg/best_epoch_std":0,"val.accuracy":74.19354838709677,"val.roc_auc":71.12597547380156,"agg/fold_id_std":0,"agg/val.SP_age_mean":27.77777777777778,"agg/test.SP_sex_mean":7.814814814814813,"agg/test.best_accuracy_std":0,"_step":1,"val.f1_score":66.66666666666666,"agg/val.EO_sex_std":0,"agg/val.val_score_std":0,"fold":0,"agg/val.accuracy_mean":74.19354838709677,"_runtime":162.823936025,"agg/test.best_thr_f1_mean":0.21999999999999997,"seed":0,"agg/test.accuracy_std":0,"_timestamp":1.7670797372053802e+09,"agg/val.SP_sex_mean":16.45299145299145,"agg/test.val_score_bestthr_mean":67.27436572534414,"agg/val.roc_auc_std":0}