{"val.val_score_bestthr":93.35267939682076,"agg/val.roc_auc_mean":66.5551839464883,"test.f1_score":47.05882352941176,"agg/test.roc_auc_mean":58.709912536443156,"_runtime":48.324544879,"val.val_score":93.35267939682076,"agg/fold_id_mean":0,"agg/val.EO_sex_std":0,"_wandb":{"runtime":48},"agg/val.SP_age_mean":21.52777777777778,"agg/test.SP_sex_std":0,"agg/test.recall_std":0,"agg/val.roc_auc_std":0,"test.recall":42.857142857142854,"agg/val.SP_age_std":0,"agg/best_epoch_std":0,"fold":0,"agg/val.accuracy_std":0,"test.SP_sex":6.074074074074076,"agg/val.f1_score_mean":52.38095238095239,"agg/seed_std":0,"agg/val.val_score_mean":93.35267939682076,"agg/test.EO_sex_std":0,"agg/val.f1_score_std":0,"agg/val.val_score_bestthr_std":0,"test.precision":52.17391304347826,"val.f1_score":52.38095238095239,"agg/test.EO_sex_mean":8.333333333333332,"agg/val.SP_sex_mean":6.8376068376068355,"agg/val.accuracy_mean":67.74193548387096,"agg/fold_id_std":0,"test.roc_auc":58.709912536443156,"agg/test.f1_score_mean":47.05882352941176,"agg/test.SP_sex_mean":6.074074074074076,"val.SP_sex":6.8376068376068355,"agg/test.EO_age_mean":46.524064171122994,"test.SP_age":23.552123552123554,"agg/test.precision_std":0,"agg/test.roc_auc_std":0,"agg/seed_mean":0,"agg/val.val_score_bestthr_mean":93.35267939682076,"agg/test.accuracy_std":0,"agg/test.EO_age_std":0,"test.EO_age":46.524064171122994,"agg/test.SP_age_std":0,"agg/test.precision_mean":52.17391304347826,"agg/val.EO_age_std":0,"agg/test.recall_mean":42.857142857142854,"agg/best_epoch_mean":23,"test.accuracy":64.93506493506493,"agg/test.f1_score_std":0,"val.roc_auc":66.5551839464883,"agg/test.SP_age_mean":23.552123552123554,"_timestamp":1.7672335560360413e+09,"val.EO_sex":2.941176470588236,"test.EO_sex":8.333333333333332,"agg/val.EO_age_mean":26.666666666666668,"val.EO_age":26.666666666666668,"agg/test.accuracy_mean":64.93506493506493,"val.SP_age":21.52777777777778,"_step":1,"agg/val.SP_sex_std":0,"agg/val.val_score_std":0,"seed":0,"val.accuracy":67.74193548387096,"agg/val.EO_sex_mean":2.941176470588236}