{"agg/test.recall_std":0,"_timestamp":1.7672322048833654e+09,"agg/test.EO_sex_mean":8.333333333333334,"_step":1,"agg/val.val_score_std":0,"agg/val.EO_sex_mean":3.9215686274509887,"agg/seed_std":0,"agg/test.SP_sex_mean":3.592592592592593,"agg/val.roc_auc_mean":72.35228539576366,"agg/test.f1_score_mean":30.985915492957744,"agg/test.EO_age_std":0,"agg/best_epoch_mean":18,"agg/val.val_score_bestthr_mean":104.41243941745434,"agg/test.EO_sex_std":0,"agg/val.accuracy_std":0,"agg/best_epoch_std":0,"test.EO_age":29.411764705882355,"agg/val.accuracy_mean":72.58064516129032,"agg/val.SP_age_mean":22.22222222222222,"agg/val.f1_score_mean":65.3061224489796,"agg/test.recall_mean":19.642857142857142,"test.precision":73.33333333333333,"agg/val.SP_age_std":0,"test.EO_sex":8.333333333333334,"agg/test.SP_sex_std":0,"agg/val.SP_sex_std":0,"agg/test.roc_auc_mean":60.14941690962099,"agg/test.SP_age_std":0,"agg/val.EO_sex_std":0,"test.f1_score":30.985915492957744,"val.SP_age":22.22222222222222,"val.EO_age":50,"test.SP_sex":3.592592592592593,"agg/val.roc_auc_std":0,"agg/test.accuracy_mean":68.18181818181817,"agg/test.roc_auc_std":0,"_wandb":{"runtime":55},"val.f1_score":65.3061224489796,"agg/test.accuracy_std":0,"agg/val.val_score_mean":98.11492343096364,"val.val_score":98.11492343096364,"agg/val.f1_score_std":0,"agg/seed_mean":0,"agg/fold_id_std":0,"agg/val.EO_age_mean":50,"test.SP_age":14.157014157014158,"agg/fold_id_mean":0,"test.roc_auc":60.14941690962099,"seed":0,"agg/test.SP_age_mean":14.157014157014158,"agg/test.EO_age_mean":29.411764705882355,"test.accuracy":68.18181818181817,"val.SP_sex":5.9829059829059785,"_runtime":55.464342317,"agg/test.precision_std":0,"val.roc_auc":72.35228539576366,"agg/val.SP_sex_mean":5.9829059829059785,"agg/val.val_score_bestthr_std":0,"agg/test.precision_mean":73.33333333333333,"agg/test.f1_score_std":0,"test.recall":19.642857142857142,"fold":0,"val.EO_sex":3.9215686274509887,"val.val_score_bestthr":104.41243941745434,"agg/val.EO_age_std":0,"val.accuracy":72.58064516129032}