{"test.SP_age":7.897793263646924,"val.EO_age":46.66666666666667,"_runtime":134.003121671,"agg/val.SP_age_mean":25,"agg/test.f1_score_mean":48.484848484848484,"agg/val.SP_sex_mean":3.205128205128205,"agg/test.SP_age_std":0,"val.val_score_bestthr":95.78733518221183,"val.EO_sex":37.25490196078432,"val.f1_score":58.333333333333336,"agg/test.roc_auc_std":0,"agg/val.val_score_mean":95.78733518221183,"agg/val.roc_auc_std":0,"val.val_score":95.78733518221183,"agg/val.SP_age_std":0,"agg/test.precision_mean":55.81395348837209,"agg/test.precision_std":0,"test.f1_score":48.484848484848484,"agg/test.accuracy_mean":66.88311688311688,"agg/test.EO_sex_mean":20.833333333333332,"val.SP_age":25,"agg/val.roc_auc_mean":63.09921962095875,"test.EO_age":29.411764705882355,"agg/test.recall_std":0,"agg/val.EO_age_mean":46.66666666666667,"fold":0,"val.roc_auc":63.09921962095875,"test.EO_sex":20.833333333333332,"agg/test.SP_sex_std":0,"agg/best_epoch_std":0,"test.recall":42.857142857142854,"test.roc_auc":63.33819241982507,"agg/test.EO_age_std":0,"agg/test.recall_mean":42.857142857142854,"agg/test.roc_auc_mean":63.33819241982507,"agg/test.EO_age_mean":29.411764705882355,"agg/val.val_score_std":0,"agg/test.SP_age_mean":7.897793263646924,"agg/fold_id_std":0,"test.SP_sex":8.777777777777779,"agg/test.EO_sex_std":0,"agg/val.EO_sex_mean":37.25490196078432,"agg/val.EO_sex_std":0,"agg/val.EO_age_std":0,"agg/val.accuracy_std":0,"_step":1,"_wandb":{"runtime":134},"test.accuracy":66.88311688311688,"agg/test.f1_score_std":0,"agg/test.SP_sex_mean":8.777777777777779,"test.precision":55.81395348837209,"agg/test.accuracy_std":0,"_timestamp":1.7672475981239798e+09,"agg/val.f1_score_mean":58.333333333333336,"agg/val.f1_score_std":0,"agg/seed_std":0,"agg/val.val_score_bestthr_mean":95.78733518221183,"val.SP_sex":3.205128205128205,"agg/seed_mean":0,"seed":0,"val.accuracy":67.74193548387096,"agg/best_epoch_mean":65,"agg/fold_id_mean":0,"agg/val.accuracy_mean":67.74193548387096,"agg/val.SP_sex_std":0,"agg/val.val_score_bestthr_std":0}