{"agg/test.precision_mean":54.54545454545454,"agg/test.roc_auc_std":0,"val.val_score":99.35985309230091,"agg/val.SP_age_mean":46.52777777777778,"fold":0,"agg/val.roc_auc_mean":73.57859531772576,"agg/val.f1_score_std":0,"agg/val.EO_age_std":0,"val.SP_age":46.52777777777778,"agg/test.EO_age_std":0,"agg/fold_id_mean":0,"agg/val.roc_auc_std":0,"agg/seed_mean":0,"_step":1,"_timestamp":1.7672490431731968e+09,"test.accuracy":65.5844155844156,"val.EO_sex":12.745098039215685,"val.val_score_bestthr":102.3899704422712,"agg/val.SP_sex_mean":1.0683760683760646,"agg/val.accuracy_std":0,"agg/test.EO_sex_mean":20.833333333333332,"agg/test.recall_mean":32.142857142857146,"test.EO_sex":20.833333333333332,"agg/test.SP_sex_mean":1.6296296296296309,"_wandb":{"runtime":65},"agg/seed_std":0,"agg/val.f1_score_mean":65.38461538461539,"agg/test.SP_age_mean":36.1003861003861,"agg/test.precision_std":0,"val.EO_age":66.66666666666667,"agg/test.f1_score_std":0,"agg/val.val_score_std":0,"agg/fold_id_std":0,"agg/best_epoch_mean":16,"seed":0,"agg/test.accuracy_mean":65.5844155844156,"agg/test.roc_auc_mean":59.7667638483965,"agg/test.accuracy_std":0,"agg/val.SP_age_std":0,"agg/test.EO_age_mean":37.96791443850267,"agg/val.EO_sex_std":0,"agg/test.f1_score_mean":40.449438202247194,"agg/test.SP_age_std":0,"val.f1_score":65.38461538461539,"_runtime":65.589140034,"agg/test.EO_sex_std":0,"agg/val.SP_sex_std":0,"test.recall":32.142857142857146,"agg/best_epoch_std":0,"agg/val.EO_sex_mean":12.745098039215685,"test.precision":54.54545454545454,"val.accuracy":70.96774193548387,"test.SP_sex":1.6296296296296309,"agg/val.val_score_bestthr_std":0,"test.SP_age":36.1003861003861,"val.SP_sex":1.0683760683760646,"agg/val.EO_age_mean":66.66666666666667,"agg/val.val_score_mean":99.35985309230091,"agg/test.recall_std":0,"test.f1_score":40.449438202247194,"val.roc_auc":73.57859531772576,"agg/test.SP_sex_std":0,"agg/val.accuracy_mean":70.96774193548387,"test.EO_age":37.96791443850267,"test.roc_auc":59.7667638483965,"agg/val.val_score_bestthr_mean":102.3899704422712}