{"agg/test.recall_mean":48.214285714285715,"val.roc_auc":73.69007803790412,"agg/val.SP_sex_mean":17.52136752136752,"test.f1_score":50.467289719626166,"agg/val.val_score_mean":109.58419269692989,"agg/val.accuracy_std":0,"seed":0,"agg/val.EO_sex_std":0,"agg/test.precision_std":0,"agg/best_epoch_std":0,"agg/seed_mean":0,"val.SP_age":33.333333333333336,"agg/fold_id_mean":0,"test.precision":52.94117647058824,"agg/val.EO_age_std":0,"test.EO_age":61.49732620320856,"agg/val.val_score_std":0,"fold":0,"val.val_score":109.58419269692989,"agg/val.val_score_bestthr_std":0,"agg/val.val_score_bestthr_mean":111.09864528398478,"agg/test.SP_age_std":0,"agg/test.recall_std":0,"_step":1,"agg/test.SP_sex_std":0,"agg/test.EO_sex_mean":16.666666666666668,"test.roc_auc":64.15816326530613,"val.accuracy":77.41935483870968,"val.f1_score":69.56521739130434,"agg/test.f1_score_mean":50.467289719626166,"agg/test.accuracy_mean":65.5844155844156,"agg/val.roc_auc_mean":73.69007803790412,"agg/fold_id_std":0,"agg/val.f1_score_mean":69.56521739130434,"agg/test.accuracy_std":0,"agg/val.f1_score_std":0,"agg/val.SP_sex_std":0,"agg/test.EO_age_std":0,"_runtime":125.613789693,"val.EO_sex":3.9215686274509887,"agg/val.EO_sex_mean":3.9215686274509887,"agg/val.SP_age_mean":33.333333333333336,"agg/test.EO_age_mean":61.49732620320856,"_wandb":{"runtime":125},"agg/val.SP_age_std":0,"val.SP_sex":17.52136752136752,"agg/test.SP_sex_mean":11.074074074074074,"test.SP_sex":11.074074074074074,"agg/seed_std":0,"agg/val.EO_age_mean":55.55555555555556,"agg/best_epoch_mean":58,"test.EO_sex":16.666666666666668,"val.val_score_bestthr":111.09864528398478,"test.recall":48.214285714285715,"agg/test.f1_score_std":0,"_timestamp":1.767245121718366e+09,"agg/val.roc_auc_std":0,"test.SP_age":42.05087440381558,"agg/test.roc_auc_std":0,"agg/test.roc_auc_mean":64.15816326530613,"val.EO_age":55.55555555555556,"agg/test.precision_mean":52.94117647058824,"agg/val.accuracy_mean":77.41935483870968,"agg/test.EO_sex_std":0,"agg/test.SP_age_mean":42.05087440381558,"test.accuracy":65.5844155844156}