{"agg/val.EO_sex_std":0,"seed":0,"val.accuracy":69.35483870967742,"agg/best_epoch_std":0,"agg/seed_std":0,"agg/best_epoch_mean":20,"test.SP_age":17.181467181467184,"agg/seed_mean":0,"agg/test.precision_mean":66.66666666666666,"agg/test.EO_age_mean":35.294117647058826,"agg/val.val_score_std":0,"agg/test.precision_std":0,"test.roc_auc":61.53425655976677,"test.f1_score":36.36363636363637,"val.EO_age":66.66666666666667,"agg/val.val_score_bestthr_std":0,"agg/fold_id_mean":0,"agg/val.accuracy_std":0,"agg/val.SP_age_std":0,"agg/fold_id_std":0,"agg/test.SP_sex_mean":1.037037037037039,"agg/test.accuracy_mean":68.18181818181817,"agg/val.EO_sex_mean":8.823529411764708,"agg/val.SP_sex_std":0,"agg/val.val_score_mean":97.12985127880765,"agg/test.f1_score_std":0,"agg/val.val_score_bestthr_mean":97.12985127880765,"agg/test.roc_auc_std":0,"test.accuracy":68.18181818181817,"agg/test.SP_age_std":0,"agg/test.SP_age_mean":17.181467181467184,"_wandb":{"runtime":78},"agg/test.SP_sex_std":0,"agg/val.SP_age_mean":27.77777777777778,"agg/test.f1_score_mean":36.36363636363637,"test.EO_age":35.294117647058826,"val.val_score_bestthr":97.12985127880765,"agg/test.accuracy_std":0,"agg/val.f1_score_std":0,"agg/test.EO_sex_std":0,"_runtime":78.142087958,"test.precision":66.66666666666666,"agg/test.recall_std":0,"_step":1,"agg/val.EO_age_std":0,"agg/val.EO_age_mean":66.66666666666667,"agg/val.roc_auc_mean":70.23411371237458,"agg/val.SP_sex_mean":8.11965811965812,"val.SP_age":27.77777777777778,"agg/test.EO_sex_mean":0,"agg/test.recall_mean":25,"val.f1_score":57.777777777777786,"agg/val.f1_score_mean":57.777777777777786,"test.recall":25,"agg/test.roc_auc_mean":61.53425655976677,"test.SP_sex":1.037037037037039,"_timestamp":1.7672491304724405e+09,"agg/val.accuracy_mean":69.35483870967742,"val.EO_sex":8.823529411764708,"val.roc_auc":70.23411371237458,"agg/val.roc_auc_std":0,"fold":0,"val.val_score":97.12985127880765,"val.SP_sex":8.11965811965812,"test.EO_sex":0,"agg/test.EO_age_std":0}