{"agg/test.EO_sex_std":0,"agg/val.f1_score_std":0,"agg/val.SP_age_std":0,"agg/val.val_score_bestthr_std":0,"test.accuracy":66.23376623376623,"val.EO_age":66.66666666666667,"val.roc_auc":72.68673355629878,"agg/val.accuracy_mean":74.19354838709677,"agg/test.f1_score_std":0,"agg/val.EO_sex_std":0,"agg/test.EO_age_mean":26.203208556149736,"val.val_score_bestthr":105.51441095731995,"val.f1_score":65.21739130434783,"test.f1_score":38.095238095238095,"agg/seed_std":0,"test.roc_auc":59.00145772594752,"agg/val.f1_score_mean":65.21739130434783,"agg/test.roc_auc_std":0,"agg/val.EO_age_mean":66.66666666666667,"val.accuracy":74.19354838709677,"agg/test.f1_score_mean":38.095238095238095,"test.EO_sex":10.416666666666668,"agg/best_epoch_mean":16,"agg/test.precision_mean":57.14285714285714,"agg/test.precision_std":0,"agg/fold_id_std":0,"test.SP_age":22.90862290862291,"agg/val.roc_auc_mean":72.68673355629878,"agg/test.roc_auc_mean":59.00145772594752,"agg/test.accuracy_mean":66.23376623376623,"agg/test.SP_sex_mean":0.5185185185185182,"agg/test.EO_sex_mean":10.416666666666668,"agg/test.EO_age_std":0,"val.SP_age":33.333333333333336,"agg/test.SP_sex_std":0,"agg/val.val_score_std":0,"seed":0,"agg/seed_mean":0,"agg/test.accuracy_std":0,"test.recall":28.57142857142857,"agg/val.val_score_mean":103.30172279037797,"_step":1,"val.SP_sex":4.273504273504275,"agg/val.val_score_bestthr_mean":105.51441095731995,"agg/val.roc_auc_std":0,"agg/val.EO_age_std":0,"_timestamp":1.767249577891452e+09,"val.val_score":103.30172279037797,"agg/val.SP_sex_std":0,"test.SP_sex":0.5185185185185182,"agg/fold_id_mean":0,"_wandb":{"runtime":71},"test.EO_age":26.203208556149736,"test.precision":57.14285714285714,"agg/test.SP_age_std":0,"agg/best_epoch_std":0,"agg/test.recall_mean":28.57142857142857,"agg/val.EO_sex_mean":24.50980392156863,"agg/val.SP_age_mean":33.333333333333336,"agg/test.SP_age_mean":22.90862290862291,"agg/val.accuracy_std":0,"_runtime":71.935849678,"agg/val.SP_sex_mean":4.273504273504275,"val.EO_sex":24.50980392156863,"agg/test.recall_std":0,"fold":0}