{"agg/test.val_score_bestthr_mean":89.96450345274079,"agg/test.val_score_bestthr_std":0,"agg/val.EO_sex_std":0,"agg/test.best_f1_std":0,"agg/val.val_score_bestthr_std":0,"agg/test.SP_sex_mean":3.903654485049829,"val.val_score":99.69195478798018,"agg/fold_id_std":0,"agg/test.precision_mean":62.19512195121951,"agg/val.EO_age_std":0,"agg/test.val_score_mean":85.20155743736134,"agg/test.recall_std":0,"agg/test.EO_age_mean":19.761273209549067,"val.f1_score":63.888888888888886,"agg/val.val_score_bestthr_mean":92.68791549986662,"agg/test.f1_score_std":0,"agg/val.val_score_mean":99.69195478798018,"agg/fold_id_mean":0,"agg/test.EO_age_std":0,"_timestamp":1.7671425530929513e+09,"agg/test.EO_sex_mean":5.505142165759224,"agg/test.recall_mean":48.113207547169814,"agg/val.SP_sex_mean":0.9316770186335421,"agg/val.SP_age_std":0,"fold":0,"agg/val.SP_age_mean":37.77173913043478,"agg/val.EO_sex_mean":4.36507936507936,"_step":1,"agg/test.precision_std":0,"agg/val.EO_age_mean":49.65034965034965,"agg/test.best_accuracy_mean":55.55555555555556,"agg/test.SP_age_std":0,"agg/val.accuracy_mean":68.67469879518072,"agg/val.val_score_std":0,"agg/test.f1_score_mean":54.255319148936174,"_runtime":191.347254531,"agg/test.best_accuracy_std":0,"agg/test.best_f1_mean":69.1275167785235,"agg/best_epoch_std":0,"agg/seed_std":0,"agg/val.SP_sex_std":0,"agg/test.val_score_std":0,"agg/val.f1_score_mean":63.888888888888886,"val.roc_auc":67.44186046511629,"_wandb":{"runtime":191},"agg/test.best_thr_f1_std":0,"agg/seed_mean":0,"agg/val.roc_auc_mean":67.44186046511629,"agg/test.best_thr_f1_mean":0.24999999999999994,"agg/test.roc_auc_std":0,"agg/best_epoch_mean":50,"agg/test.SP_sex_std":0,"agg/test.EO_sex_std":0,"test.accuracy":58.454106280193244,"agg/test.accuracy_mean":58.454106280193244,"agg/val.f1_score_std":0,"agg/val.roc_auc_std":0,"seed":0,"test.f1_score":54.255319148936174,"agg/test.SP_age_mean":8.850771869639795,"agg/val.accuracy_std":0,"val.accuracy":68.67469879518072,"agg/test.roc_auc_mean":64.86082570521202,"test.roc_auc":64.86082570521202,"agg/test.accuracy_std":0}