{"agg/val.EO_sex_mean":49.01960784313725,"agg/val.SP_age_mean":28.47222222222222,"agg/val.roc_auc_std":0,"agg/fold_id_std":0,"agg/val.accuracy_std":0,"agg/test.roc_auc_std":0,"agg/fold_id_mean":0,"agg/test.f1_score_mean":51.388888888888886,"agg/val.EO_age_std":0,"test.f1_score":51.388888888888886,"agg/seed_mean":0,"agg/val.val_score_bestthr_mean":103.54425817059662,"agg/best_epoch_std":0,"agg/test.SP_sex_mean":10.999999999999998,"agg/test.best_thr_f1_std":0,"fold":0,"agg/test.EO_age_std":0,"agg/val.SP_sex_std":0,"agg/test.SP_age_std":0,"agg/test.best_accuracy_std":0,"agg/val.SP_age_std":0,"test.accuracy":54.54545454545454,"agg/val.roc_auc_mean":69.11928651059085,"val.val_score":101.37231081431746,"agg/test.val_score_std":0,"agg/test.accuracy_mean":54.54545454545454,"agg/test.roc_auc_mean":61.734693877551,"agg/val.val_score_std":0,"agg/val.accuracy_mean":70.96774193548387,"agg/val.f1_score_mean":63.99999999999999,"agg/test.precision_std":0,"agg/val.val_score_bestthr_std":0,"agg/val.SP_sex_mean":15.384615384615385,"agg/test.best_accuracy_mean":62.98701298701299,"agg/test.best_f1_std":0,"_wandb":{"runtime":208},"_runtime":208.374663656,"agg/test.best_f1_mean":56.48854961832062,"agg/seed_std":0,"agg/test.val_score_mean":79.47038340983104,"agg/test.SP_age_mean":15.795586527293848,"agg/test.recall_mean":66.07142857142857,"agg/best_epoch_mean":22,"agg/val.val_score_mean":101.37231081431746,"test.roc_auc":61.734693877551,"agg/test.EO_age_mean":45.98930481283422,"agg/test.f1_score_std":0,"agg/test.EO_sex_mean":4.1666666666666625,"agg/test.precision_mean":42.04545454545455,"agg/val.f1_score_std":0,"agg/test.EO_sex_std":0,"seed":0,"agg/test.val_score_bestthr_std":0,"val.roc_auc":69.11928651059085,"agg/val.EO_age_mean":66.66666666666667,"agg/test.best_thr_f1_mean":0.605,"_timestamp":1.7670752240546718e+09,"agg/val.EO_sex_std":0,"agg/test.val_score_bestthr_mean":90.37560405778511,"val.accuracy":70.96774193548387,"agg/test.recall_std":0,"_step":1,"agg/test.SP_sex_std":0,"val.f1_score":63.99999999999999,"agg/test.accuracy_std":0}