{"agg/test.precision_std":0,"test.EO_age":37.43315508021391,"test.recall":42.857142857142854,"agg/val.SP_age_mean":16.666666666666668,"val.EO_age":46.66666666666667,"agg/val.EO_sex_std":0,"agg/val.accuracy_mean":67.74193548387096,"val.roc_auc":61.20401337792642,"agg/test.f1_score_mean":46.15384615384615,"agg/test.accuracy_std":0,"agg/seed_mean":0,"agg/val.roc_auc_std":0,"agg/test.SP_sex_mean":5.222222222222222,"agg/test.recall_mean":42.857142857142854,"agg/val.val_score_bestthr_mean":96.02991939538428,"agg/test.precision_mean":50,"_wandb":{"runtime":101},"_step":1,"agg/test.SP_age_mean":23.873873873873876,"val.SP_sex":9.829059829059828,"agg/test.SP_sex_std":0,"fold":0,"test.roc_auc":60.27696793002916,"test.SP_age":23.873873873873876,"agg/best_epoch_std":0,"agg/test.recall_std":0,"agg/val.EO_age_std":0,"agg/test.EO_age_std":0,"agg/val.roc_auc_mean":61.20401337792642,"agg/test.SP_age_std":0,"agg/val.f1_score_std":0,"agg/val.SP_sex_std":0,"agg/test.roc_auc_std":0,"agg/val.SP_sex_mean":9.829059829059828,"agg/fold_id_mean":0,"test.EO_sex":22.916666666666668,"val.SP_age":16.666666666666668,"test.accuracy":63.63636363636363,"test.precision":50,"agg/val.f1_score_mean":58.333333333333336,"val.f1_score":58.333333333333336,"agg/fold_id_std":0,"agg/val.SP_age_std":0,"agg/val.EO_sex_mean":14.70588235294118,"test.SP_sex":5.222222222222222,"agg/val.val_score_std":0,"agg/val.accuracy_std":0,"val.val_score_bestthr":96.02991939538428,"_timestamp":1.7672470532297397e+09,"_runtime":101.765455255,"val.accuracy":67.74193548387096,"agg/test.f1_score_std":0,"agg/best_epoch_mean":42,"val.val_score":94.95371631102903,"val.EO_sex":14.70588235294118,"agg/val.val_score_mean":94.95371631102903,"agg/seed_std":0,"agg/val.val_score_bestthr_std":0,"agg/test.EO_sex_mean":22.916666666666668,"agg/test.roc_auc_mean":60.27696793002916,"agg/test.EO_sex_std":0,"agg/test.EO_age_mean":37.43315508021391,"agg/test.accuracy_mean":63.63636363636363,"seed":0,"test.f1_score":46.15384615384615,"agg/val.EO_age_mean":46.66666666666667}