{"agg/test.SP_age_mean":50.15898251192369,"agg/test.best_thr_f1_std":0,"fold":0,"agg/test.f1_score_mean":54.20560747663551,"agg/val.val_score_mean":97.57484876498161,"agg/test.f1_score_std":0,"agg/val.val_score_std":0,"val.accuracy":69.35483870967742,"agg/fold_id_mean":0,"agg/test.precision_mean":56.86274509803921,"agg/val.SP_age_mean":25,"agg/seed_mean":0,"agg/val.SP_age_std":0,"agg/val.EO_age_mean":26.66666666666666,"agg/val.SP_sex_std":0,"agg/test.SP_age_std":0,"val.f1_score":57.777777777777786,"agg/val.val_score_bestthr_mean":97.57484876498161,"agg/val.accuracy_std":0,"agg/test.val_score_std":0,"val.val_score":97.57484876498161,"agg/test.best_thr_f1_mean":0.48499999999999993,"agg/test.best_accuracy_mean":55.84415584415584,"agg/test.accuracy_std":0,"_step":1,"agg/test.best_f1_mean":55.26315789473685,"agg/val.roc_auc_mean":66.33221850613155,"agg/test.SP_sex_mean":0.33333333333332993,"agg/test.recall_std":0,"test.roc_auc":64.99635568513118,"test.accuracy":68.18181818181817,"seed":0,"agg/test.EO_sex_std":0,"agg/test.EO_age_mean":67.37967914438502,"agg/val.SP_sex_mean":1.495726495726496,"agg/test.roc_auc_std":0,"test.f1_score":54.20560747663551,"agg/test.EO_sex_mean":12.5,"agg/val.accuracy_mean":69.35483870967742,"agg/val.roc_auc_std":0,"agg/fold_id_std":0,"agg/test.best_accuracy_std":0,"agg/test.val_score_bestthr_mean":82.33681109510057,"agg/val.EO_sex_std":0,"agg/test.recall_mean":51.78571428571429,"agg/test.best_f1_std":0,"agg/test.val_score_mean":93.9809019702395,"agg/test.accuracy_mean":68.18181818181817,"agg/best_epoch_mean":30,"agg/test.EO_age_std":0,"val.roc_auc":66.33221850613155,"agg/best_epoch_std":0,"_wandb":{"runtime":86},"agg/test.SP_sex_std":0,"agg/seed_std":0,"agg/val.val_score_bestthr_std":0,"agg/test.roc_auc_mean":64.99635568513118,"agg/val.f1_score_mean":57.777777777777786,"agg/val.EO_age_std":0,"_runtime":86.950102301,"_timestamp":1.7670776456834748e+09,"agg/val.EO_sex_mean":13.725490196078427,"agg/test.precision_std":0,"agg/test.val_score_bestthr_std":0,"agg/val.f1_score_std":0}