{"agg/val.roc_auc_mean":75.0278706800446,"agg/val.roc_auc_std":0,"agg/test.recall_std":0,"agg/test.SP_sex_std":0,"agg/test.recall_mean":33.92857142857143,"val.EO_age":33.333333333333336,"_wandb":{"runtime":75},"agg/seed_mean":0,"agg/seed_std":0,"agg/test.accuracy_mean":67.53246753246754,"agg/fold_id_std":0,"test.f1_score":43.18181818181819,"agg/val.f1_score_std":0,"agg/val.val_score_std":0,"agg/val.EO_age_std":0,"agg/test.SP_sex_mean":2.2222222222222197,"val.SP_age":23.61111111111111,"agg/val.SP_age_std":0,"agg/test.f1_score_mean":43.18181818181819,"agg/test.precision_std":0,"agg/test.EO_age_std":0,"agg/test.f1_score_std":0,"test.accuracy":67.53246753246754,"agg/best_epoch_std":0,"seed":0,"agg/val.SP_sex_std":0,"val.roc_auc":75.0278706800446,"agg/test.roc_auc_mean":63.046647230320694,"val.val_score":100.13039659043393,"agg/val.val_score_mean":100.13039659043393,"agg/val.accuracy_mean":70.96774193548387,"agg/test.accuracy_std":0,"agg/val.val_score_bestthr_std":0,"agg/val.f1_score_mean":66.66666666666667,"agg/test.precision_mean":59.375,"agg/val.EO_sex_std":0,"val.val_score_bestthr":103.30981081431747,"test.EO_sex":18.75,"agg/test.SP_age_std":0,"agg/test.EO_sex_mean":18.75,"agg/val.accuracy_std":0,"agg/val.SP_age_mean":23.61111111111111,"val.accuracy":70.96774193548387,"test.SP_age":43.886743886743886,"fold":0,"test.precision":59.375,"agg/test.SP_age_mean":43.886743886743886,"agg/test.EO_sex_std":0,"agg/fold_id_mean":0,"agg/val.EO_age_mean":33.333333333333336,"test.roc_auc":63.046647230320694,"test.EO_age":58.82352941176471,"_timestamp":1.7672441964874406e+09,"val.EO_sex":15.686274509803921,"_step":1,"test.SP_sex":2.2222222222222197,"agg/val.EO_sex_mean":15.686274509803921,"agg/val.val_score_bestthr_mean":103.30981081431747,"val.SP_sex":26.4957264957265,"agg/test.EO_age_mean":58.82352941176471,"agg/best_epoch_mean":22,"test.recall":33.92857142857143,"_runtime":75.003619733,"val.f1_score":66.66666666666667,"agg/test.roc_auc_std":0,"agg/val.SP_sex_mean":26.4957264957265}