{"sum/agg/best_epoch_mean":24,"sum/agg/test.recall_mean":83.92857142857143,"sum/agg/test.EO_sex_std":0,"sum/agg/test.f1_score_mean":59.11949685534591,"val/val_score_bestthr":100.90662453980765,"sum/agg/test.f1_score_std":0,"sum/agg/best_epoch_std":0,"sum/agg/test.EO_age_mean":18.181818181818176,"sum/agg/val.SP_age_std":0,"test/f1":59.11949685534591,"test/recall":83.92857142857143,"sum/agg/val.roc_auc_std":0,"_runtime":63.978252115,"_timestamp":1.7673263228333235e+09,"sum/agg/test.roc_auc_std":0,"test/SP_age":33.78378378378378,"val/EO_age":66.66666666666667,"seed":0,"sum/agg/val.accuracy_mean":70.96774193548387,"sum/agg/val.EO_age_mean":66.66666666666667,"sum/agg/val.f1_score_mean":62.500000000000014,"test/SP_sex":17.44444444444444,"sum/agg/test.recall_std":0,"sum/agg/test.roc_auc_mean":63.083090379008745,"sum/agg/val.EO_age_std":0,"test/acc":57.7922077922078,"fold":0,"val/EO_sex":20.588235294117652,"sum/agg/val.roc_auc_mean":68.67335562987738,"sum/agg/val.EO_sex_std":0,"_step":1,"val/SP_age":34.02777777777778,"sum/agg/fold_id_mean":0,"sum/agg/val.accuracy_std":0,"sum/agg/val.SP_sex_mean":9.829059829059828,"val/val_score":90.7405243892044,"sum/agg/test.accuracy_std":0,"sum/agg/val.val_score_std":0,"sum/agg/val.val_score_mean":90.7405243892044,"sum/agg/fold_id_std":0,"val/acc":70.96774193548387,"test/auc":63.083090379008745,"sum/agg/val.val_score_bestthr_mean":100.90662453980765,"sum/agg/val.val_score_bestthr_std":0,"sum/agg/test.SP_sex_mean":17.44444444444444,"_wandb":{"runtime":63},"val/f1":62.500000000000014,"sum/agg/test.precision_mean":45.63106796116505,"val/auc":68.67335562987738,"test/EO_sex":18.75,"sum/agg/seed_mean":0,"sum/agg/val.SP_sex_std":0,"sum/agg/test.SP_age_std":0,"val/SP_sex":9.829059829059828,"sum/agg/test.EO_sex_mean":18.75,"test/EO_age":18.181818181818176,"sum/agg/test.accuracy_mean":57.7922077922078,"sum/agg/val.f1_score_std":0,"sum/agg/test.SP_age_mean":33.78378378378378,"sum/agg/seed_std":0,"test/precision":45.63106796116505,"sum/agg/val.EO_sex_mean":20.588235294117652,"sum/agg/val.SP_age_mean":34.02777777777778,"sum/agg/test.EO_age_std":0,"sum/agg/test.SP_sex_std":0,"sum/agg/test.precision_std":0}