{"agg/test.best_thr_f1_mean":0.4599999999999999,"agg/val.accuracy_mean":72.28915662650603,"agg/val.f1_score_mean":76.28865979381443,"agg/seed_std":0,"_wandb":{"runtime":188},"test.roc_auc":66.2619092097889,"agg/test.SP_sex_std":0,"agg/val.EO_sex_std":0,"agg/val.val_score_std":0,"agg/test.val_score_std":0,"agg/test.accuracy_mean":60.38647342995169,"agg/test.roc_auc_std":0,"agg/best_epoch_mean":13,"test.accuracy":60.38647342995169,"agg/test.val_score_bestthr_std":0,"agg/test.EO_age_mean":26.790450928381972,"val.val_score":109.72569039442146,"agg/test.f1_score_std":0,"agg/test.best_accuracy_mean":62.80193236714976,"test.f1_score":65.83333333333333,"agg/val.val_score_mean":109.72569039442146,"agg/test.roc_auc_mean":66.2619092097889,"_timestamp":1.7671427514256537e+09,"agg/test.best_thr_f1_std":0,"agg/test.SP_age_mean":15.403087478559174,"agg/best_epoch_std":0,"agg/val.SP_age_std":0,"_step":1,"agg/test.EO_sex_mean":1.0284331518451317,"agg/val.EO_sex_mean":0.3968253968254065,"agg/test.precision_mean":58.95522388059702,"agg/test.EO_sex_std":0,"agg/test.best_f1_std":0,"agg/test.SP_age_std":0,"agg/val.val_score_bestthr_std":0,"agg/fold_id_mean":0,"agg/val.EO_age_std":0,"agg/val.accuracy_std":0,"agg/test.val_score_mean":92.85912636109694,"agg/test.best_accuracy_std":0,"agg/val.f1_score_std":0,"agg/val.SP_sex_mean":7.66045548654245,"agg/test.val_score_bestthr_mean":97.81968275503921,"seed":0,"agg/val.SP_sex_std":0,"agg/test.SP_sex_mean":1.1794019933554778,"agg/fold_id_std":0,"agg/val.EO_age_mean":36.36363636363637,"agg/val.roc_auc_std":0,"val.f1_score":76.28865979381443,"agg/val.SP_age_mean":26.358695652173914,"fold":0,"agg/seed_mean":0,"agg/val.roc_auc_mean":76.39534883720931,"agg/test.f1_score_mean":65.83333333333333,"agg/test.recall_std":0,"agg/test.precision_std":0,"val.roc_auc":76.39534883720931,"agg/test.best_f1_mean":70.72243346007603,"_runtime":188.531926059,"agg/test.accuracy_std":0,"agg/test.recall_mean":74.52830188679245,"agg/val.val_score_bestthr_mean":109.72569039442146,"val.accuracy":72.28915662650603,"agg/test.EO_age_std":0}