{"agg/test.precision_mean":54.83870967741935,"agg/test.SP_sex_mean":3.2222222222222205,"agg/val.SP_sex_mean":14.316239316239315,"val.f1_score":73.07692307692308,"val.EO_age":33.333333333333336,"test.SP_sex":3.2222222222222205,"_wandb":{"runtime":155},"agg/val.val_score_bestthr_mean":113.1173500624402,"agg/val.accuracy_std":0,"test.f1_score":39.08045977011494,"_timestamp":1.7672361545469067e+09,"agg/val.roc_auc_mean":76.70011148272017,"agg/test.SP_age_std":0,"agg/val.SP_age_mean":35.41666666666667,"agg/test.recall_mean":30.357142857142854,"test.EO_sex":8.333333333333332,"agg/fold_id_mean":0,"agg/seed_std":0,"agg/val.val_score_std":0,"test.recall":30.357142857142854,"val.accuracy":77.41935483870968,"agg/test.accuracy_std":0,"agg/test.SP_age_mean":30.6949806949807,"agg/fold_id_std":0,"agg/test.EO_sex_std":0,"agg/test.precision_std":0,"agg/test.EO_age_std":0,"agg/test.EO_age_mean":52.94117647058824,"_runtime":155.095757814,"val.SP_age":35.41666666666667,"val.val_score":109.89487645761365,"agg/test.roc_auc_std":0,"agg/best_epoch_std":0,"agg/val.f1_score_mean":73.07692307692308,"test.precision":54.83870967741935,"seed":0,"val.EO_sex":0.9803921568627527,"agg/seed_mean":0,"agg/val.f1_score_std":0,"agg/best_epoch_mean":58,"test.accuracy":65.5844155844156,"agg/val.val_score_bestthr_std":0,"_step":1,"test.roc_auc":59.821428571428584,"agg/test.recall_std":0,"agg/val.EO_sex_mean":0.9803921568627527,"agg/val.EO_sex_std":0,"agg/test.roc_auc_mean":59.821428571428584,"agg/val.SP_age_std":0,"agg/val.val_score_mean":109.89487645761365,"test.SP_age":30.6949806949807,"agg/val.EO_age_mean":33.333333333333336,"agg/test.accuracy_mean":65.5844155844156,"fold":0,"agg/val.SP_sex_std":0,"agg/test.SP_sex_std":0,"agg/test.f1_score_std":0,"agg/val.accuracy_mean":77.41935483870968,"agg/val.roc_auc_std":0,"val.roc_auc":76.70011148272017,"val.SP_sex":14.316239316239315,"agg/test.f1_score_mean":39.08045977011494,"val.val_score_bestthr":113.1173500624402,"test.EO_age":52.94117647058824,"agg/test.EO_sex_mean":8.333333333333332,"agg/val.EO_age_std":0}