{"agg/test.best_f1_mean":54.25531914893617,"val.accuracy":72.58064516129032,"agg/test.best_thr_f1_mean":0.43499999999999994,"agg/test.f1_score_mean":51.66666666666667,"agg/test.best_f1_std":0,"agg/val.EO_sex_mean":18.627450980392158,"agg/test.EO_age_mean":43.31550802139038,"agg/val.val_score_bestthr_std":0,"agg/test.precision_std":0,"_timestamp":1.767074792206828e+09,"agg/val.f1_score_std":0,"test.roc_auc":63.192419825072875,"agg/val.SP_age_mean":40.97222222222222,"agg/val.accuracy_mean":72.58064516129032,"agg/val.SP_age_std":0,"agg/test.EO_age_std":0,"agg/val.val_score_std":0,"agg/test.best_accuracy_mean":44.15584415584416,"agg/test.best_accuracy_std":0,"agg/test.SP_sex_mean":7.296296296296295,"agg/test.best_thr_f1_std":0,"agg/test.precision_mean":48.4375,"agg/test.EO_sex_mean":22.916666666666664,"agg/test.val_score_bestthr_std":0,"agg/val.SP_sex_std":0,"agg/val.roc_auc_std":0,"agg/test.roc_auc_std":0,"val.val_score":104.24241050845484,"agg/test.accuracy_mean":62.33766233766234,"agg/test.f1_score_std":0,"agg/val.val_score_mean":104.24241050845484,"agg/val.accuracy_std":0,"agg/test.val_score_mean":87.12683065227182,"agg/val.f1_score_mean":65.3061224489796,"agg/val.val_score_bestthr_mean":104.24241050845484,"agg/seed_mean":0,"agg/val.EO_age_mean":38.888888888888886,"agg/best_epoch_mean":37,"_step":1,"agg/seed_std":0,"agg/best_epoch_std":0,"agg/test.SP_age_std":0,"agg/val.EO_sex_std":0,"agg/test.EO_sex_std":0,"val.roc_auc":68.89632107023411,"val.f1_score":65.3061224489796,"agg/test.roc_auc_mean":63.192419825072875,"seed":0,"_runtime":59.000714921,"agg/test.SP_sex_std":0,"agg/test.val_score_std":0,"agg/test.val_score_bestthr_mean":70.88647111136787,"agg/test.accuracy_std":0,"agg/fold_id_std":0,"fold":0,"agg/test.recall_mean":55.35714285714286,"agg/val.SP_sex_mean":0.6410256410256387,"_wandb":{"runtime":59},"agg/val.roc_auc_mean":68.89632107023411,"agg/fold_id_mean":0,"test.accuracy":62.33766233766234,"agg/val.EO_age_std":0,"agg/test.SP_age_mean":30.888030888030894,"agg/test.recall_std":0,"test.f1_score":51.66666666666667}