{"agg/test.SP_age_mean":50.257400257400256,"agg/test.precision_std":0,"agg/val.SP_age_std":0,"agg/test.best_f1_std":0,"agg/fold_id_mean":0,"agg/test.EO_sex_std":0,"agg/test.best_thr_f1_std":0,"_wandb":{"runtime":40},"agg/test.val_score_bestthr_std":0,"agg/val.EO_age_mean":55.55555555555556,"fold":0,"agg/best_epoch_std":0,"agg/val.val_score_std":0,"agg/val.accuracy_mean":74.19354838709677,"agg/test.roc_auc_std":0,"agg/val.SP_sex_std":0,"val.val_score":104.61485991870242,"test.roc_auc":61.953352769679306,"_runtime":40.432944242,"agg/val.val_score_bestthr_mean":105.45351352142251,"agg/val.roc_auc_mean":70.1226309921962,"test.f1_score":48.14814814814815,"agg/val.SP_age_mean":45.833333333333336,"agg/val.f1_score_mean":63.63636363636365,"agg/test.val_score_mean":86.3437995367407,"agg/test.val_score_std":0,"agg/seed_mean":0,"agg/test.f1_score_std":0,"agg/test.SP_sex_std":0,"agg/test.best_accuracy_std":0,"agg/best_epoch_mean":20,"agg/test.accuracy_mean":63.63636363636363,"_timestamp":1.7670731591045208e+09,"test.accuracy":63.63636363636363,"agg/test.best_f1_mean":53.658536585365844,"val.roc_auc":70.1226309921962,"agg/test.roc_auc_mean":61.953352769679306,"agg/val.EO_age_std":0,"val.accuracy":74.19354838709677,"agg/test.EO_age_std":0,"agg/val.f1_score_std":0,"agg/test.f1_score_mean":48.14814814814815,"agg/test.SP_sex_mean":0.666666666666671,"agg/test.SP_age_std":0,"agg/test.accuracy_std":0,"agg/val.val_score_bestthr_std":0,"val.f1_score":63.63636363636365,"agg/test.val_score_bestthr_mean":76.41632941033227,"agg/test.recall_mean":46.42857142857143,"agg/test.best_thr_f1_mean":0.4699999999999999,"agg/fold_id_std":0,"agg/val.EO_sex_std":0,"agg/val.roc_auc_std":0,"agg/test.best_accuracy_mean":50.649350649350644,"agg/val.EO_sex_mean":30.3921568627451,"agg/val.val_score_mean":104.61485991870242,"agg/test.recall_std":0,"agg/test.precision_mean":50,"agg/val.accuracy_std":0,"agg/val.SP_sex_mean":7.905982905982905,"seed":0,"agg/test.EO_age_mean":52.40641711229947,"_step":1,"agg/test.EO_sex_mean":33.33333333333333,"agg/seed_std":0}