{"_timestamp":1.7672426926613548e+09,"val.val_score_bestthr":99.99746691480563,"val.SP_age":17.36111111111111,"agg/val.val_score_std":0,"agg/test.EO_sex_mean":4.166666666666666,"agg/test.SP_sex_mean":0.0370370370370382,"test.recall":21.428571428571427,"agg/test.accuracy_mean":66.23376623376623,"agg/test.precision_mean":60,"agg/test.EO_sex_std":0,"_wandb":{"runtime":57},"agg/val.SP_sex_mean":1.7094017094017144,"agg/test.SP_age_std":0,"agg/val.accuracy_mean":69.35483870967742,"fold":0,"val.SP_sex":1.7094017094017144,"agg/val.EO_age_mean":50,"agg/val.f1_score_std":0,"test.accuracy":66.23376623376623,"seed":0,"agg/val.roc_auc_mean":70.45707915273132,"agg/test.SP_sex_std":0,"val.f1_score":62.745098039215684,"test.roc_auc":61.97157434402333,"test.f1_score":31.57894736842105,"agg/test.roc_auc_mean":61.97157434402333,"agg/test.f1_score_mean":31.57894736842105,"agg/val.f1_score_mean":62.745098039215684,"agg/val.EO_age_std":0,"agg/test.f1_score_std":0,"agg/val.SP_age_std":0,"val.EO_sex":3.9215686274509887,"val.EO_age":50,"agg/val.accuracy_std":0,"agg/val.val_score_bestthr_std":0,"agg/val.val_score_mean":97.12985127880765,"test.SP_sex":0.0370370370370382,"test.EO_age":35.294117647058826,"val.roc_auc":70.45707915273132,"test.SP_age":24.96782496782497,"_step":1,"agg/val.SP_sex_std":0,"agg/fold_id_std":0,"agg/test.SP_age_mean":24.96782496782497,"_runtime":57.706014838,"agg/fold_id_mean":0,"agg/best_epoch_std":0,"agg/test.accuracy_std":0,"agg/test.roc_auc_std":0,"val.val_score":97.12985127880765,"agg/val.SP_age_mean":17.36111111111111,"agg/best_epoch_mean":16,"agg/val.val_score_bestthr_mean":99.99746691480563,"agg/val.roc_auc_std":0,"agg/test.EO_age_std":0,"val.accuracy":69.35483870967742,"agg/val.EO_sex_std":0,"agg/test.recall_mean":21.428571428571427,"test.EO_sex":4.166666666666666,"agg/seed_std":0,"agg/test.recall_std":0,"agg/seed_mean":0,"agg/test.precision_std":0,"test.precision":60,"agg/test.EO_age_mean":35.294117647058826,"agg/val.EO_sex_mean":3.9215686274509887}