{"agg/val.val_score_bestthr_std":0,"agg/test.SP_age_std":0,"agg/test.best_thr_f1_mean":0.21999999999999997,"agg/test.EO_sex_mean":16.666666666666664,"_runtime":49.185888734,"agg/val.EO_sex_mean":3.9215686274509887,"agg/val.accuracy_mean":70.96774193548387,"agg/val.EO_age_std":0,"agg/test.best_accuracy_mean":47.4025974025974,"_timestamp":1.7670749268825908e+09,"agg/test.val_score_mean":80.16153805447922,"agg/test.best_accuracy_std":0,"agg/test.accuracy_std":0,"agg/test.f1_score_mean":50,"agg/val.SP_sex_std":0,"test.f1_score":50,"agg/val.roc_auc_mean":70.23411371237458,"agg/val.EO_age_mean":66.66666666666667,"val.val_score":101.90021428339739,"fold":0,"agg/fold_id_mean":0,"agg/best_epoch_std":0,"test.accuracy":55.84415584415584,"agg/val.SP_sex_mean":2.1367521367521345,"agg/val.EO_sex_std":0,"agg/val.accuracy_std":0,"agg/test.roc_auc_std":0,"agg/test.EO_age_std":0,"val.accuracy":70.96774193548387,"agg/test.recall_std":0,"agg/fold_id_std":0,"agg/test.precision_mean":42.5,"agg/val.val_score_mean":101.90021428339739,"seed":0,"test.roc_auc":61.51603498542274,"agg/test.f1_score_std":0,"agg/test.SP_sex_mean":5.851851851851858,"agg/test.SP_sex_std":0,"agg/test.accuracy_mean":55.84415584415584,"agg/val.val_score_bestthr_mean":101.99727837785238,"agg/test.roc_auc_mean":61.51603498542274,"agg/test.precision_std":0,"agg/test.val_score_bestthr_std":0,"agg/test.best_f1_std":0,"agg/test.recall_mean":60.71428571428571,"agg/test.EO_sex_std":0,"agg/val.roc_auc_std":0,"agg/seed_mean":0,"agg/val.f1_score_std":0,"_wandb":{"runtime":49},"agg/val.SP_age_std":0,"agg/val.f1_score_mean":63.99999999999999,"agg/val.SP_age_mean":34.02777777777778,"agg/val.val_score_std":0,"agg/test.best_thr_f1_std":0,"val.f1_score":63.99999999999999,"agg/best_epoch_mean":21,"agg/test.EO_age_mean":34.224598930481285,"agg/test.val_score_bestthr_mean":73.853007514513,"agg/seed_std":0,"val.roc_auc":70.23411371237458,"_step":1,"agg/test.SP_age_mean":11.518661518661515,"agg/test.best_f1_mean":54.23728813559322,"agg/test.val_score_std":0}