{"agg/val.accuracy_std":0,"agg/val.val_score_mean":95.30100137890233,"agg/test.accuracy_mean":62.33766233766234,"agg/seed_mean":0,"agg/val.accuracy_mean":67.74193548387096,"test.EO_sex":12.5,"val.SP_sex":4.273504273504275,"test.SP_sex":11.518518518518517,"val.val_score_bestthr":95.30100137890233,"agg/val.f1_score_std":0,"agg/test.recall_mean":51.78571428571429,"agg/fold_id_mean":0,"test.precision":48.333333333333336,"agg/test.precision_std":0,"val.val_score":95.30100137890233,"agg/best_epoch_std":0,"_timestamp":1.767246610613867e+09,"agg/val.roc_auc_std":0,"_step":1,"test.SP_age":22.45817245817246,"fold":0,"agg/test.roc_auc_mean":58.52769679300292,"agg/test.f1_score_std":0,"agg/test.SP_sex_std":0,"agg/val.EO_age_mean":46.66666666666667,"agg/val.EO_age_std":0,"agg/test.SP_sex_mean":11.518518518518517,"val.SP_age":10.416666666666668,"test.EO_age":29.41176470588236,"agg/val.SP_age_mean":10.416666666666668,"agg/test.accuracy_std":0,"val.EO_age":46.66666666666667,"agg/val.SP_sex_std":0,"agg/test.EO_sex_std":0,"agg/val.SP_age_std":0,"val.roc_auc":62.76477146042363,"val.accuracy":67.74193548387096,"agg/test.recall_std":0,"agg/val.EO_sex_std":0,"test.roc_auc":58.52769679300292,"agg/test.EO_age_mean":29.41176470588236,"agg/best_epoch_mean":49,"agg/fold_id_std":0,"agg/val.f1_score_mean":56.52173913043478,"agg/test.EO_sex_mean":12.5,"agg/val.val_score_bestthr_mean":95.30100137890233,"agg/test.SP_age_std":0,"_runtime":116.471380042,"val.EO_sex":8.823529411764708,"agg/val.roc_auc_mean":62.76477146042363,"test.accuracy":62.33766233766234,"agg/test.roc_auc_std":0,"test.recall":51.78571428571429,"agg/test.precision_mean":48.333333333333336,"agg/val.SP_sex_mean":4.273504273504275,"test.f1_score":50,"agg/test.EO_age_std":0,"agg/val.EO_sex_mean":8.823529411764708,"agg/test.f1_score_mean":50,"_wandb":{"runtime":116},"seed":0,"agg/val.val_score_bestthr_std":0,"agg/seed_std":0,"val.f1_score":56.52173913043478,"agg/val.val_score_std":0,"agg/test.SP_age_mean":22.45817245817246}