{"test.EO_age":47.05882352941176,"_wandb":{"runtime":58},"agg/val.SP_age_mean":13.88888888888889,"agg/seed_std":0,"val.val_score_bestthr":96.1876998712862,"agg/fold_id_mean":0,"test.EO_sex":8.333333333333332,"seed":0,"agg/test.roc_auc_mean":60.62317784256559,"agg/best_epoch_std":0,"test.recall":30.357142857142854,"val.val_score":95.46491388118523,"agg/val.SP_age_std":0,"_timestamp":1.767249196105781e+09,"test.precision":53.125,"agg/val.val_score_mean":95.46491388118523,"val.SP_sex":1.2820512820512802,"val.f1_score":48.484848484848484,"agg/test.EO_sex_std":0,"fold":0,"test.f1_score":38.63636363636363,"agg/fold_id_std":0,"agg/test.precision_mean":53.125,"agg/test.roc_auc_std":0,"agg/test.SP_age_mean":33.397683397683394,"agg/test.f1_score_std":0,"val.accuracy":72.58064516129032,"agg/val.f1_score_std":0,"agg/test.precision_std":0,"agg/test.EO_sex_mean":8.333333333333332,"val.SP_age":13.88888888888889,"agg/val.EO_age_mean":27.77777777777778,"agg/test.SP_age_std":0,"agg/test.accuracy_mean":64.93506493506493,"agg/val.val_score_bestthr_mean":96.1876998712862,"_runtime":58.903279873,"agg/test.EO_age_mean":47.05882352941176,"agg/test.EO_age_std":0,"agg/seed_mean":0,"agg/val.SP_sex_std":0,"agg/val.val_score_bestthr_std":0,"test.SP_age":33.397683397683394,"agg/test.accuracy_std":0,"agg/val.roc_auc_mean":73.57859531772576,"agg/test.recall_std":0,"agg/test.SP_sex_mean":0.62962962962963,"agg/val.f1_score_mean":48.484848484848484,"agg/val.accuracy_std":0,"val.roc_auc":73.57859531772576,"agg/test.f1_score_mean":38.63636363636363,"agg/val.EO_sex_std":0,"test.SP_sex":0.62962962962963,"agg/val.roc_auc_std":0,"_step":1,"agg/test.recall_mean":30.357142857142854,"test.accuracy":64.93506493506493,"val.EO_age":27.77777777777778,"agg/val.SP_sex_mean":1.2820512820512802,"agg/val.EO_sex_mean":20.588235294117645,"val.EO_sex":20.588235294117645,"agg/val.EO_age_std":0,"agg/test.SP_sex_std":0,"agg/val.val_score_std":0,"agg/best_epoch_mean":16,"test.roc_auc":60.62317784256559,"agg/val.accuracy_mean":72.58064516129032}