{"test.EO_age":49.73262032085562,"test.accuracy":65.5844155844156,"agg/val.EO_age_mean":33.333333333333336,"agg/best_epoch_std":0,"agg/test.roc_auc_std":0,"agg/fold_id_mean":0,"agg/test.recall_mean":42.857142857142854,"agg/val.roc_auc_mean":71.57190635451505,"test.SP_age":19.952305246422895,"test.roc_auc":62.04446064139941,"agg/seed_std":0,"agg/test.SP_age_std":0,"agg/fold_id_std":0,"test.recall":42.857142857142854,"agg/val.EO_sex_mean":6.862745098039225,"agg/test.precision_std":0,"agg/val.val_score_bestthr_std":0,"val.val_score":105.9395596390311,"agg/test.recall_std":0,"agg/test.precision_mean":53.333333333333336,"val.EO_sex":6.862745098039225,"_runtime":73.524162086,"agg/val.SP_age_mean":17.36111111111111,"seed":0,"_timestamp":1.7672329747134311e+09,"val.roc_auc":71.57190635451505,"agg/test.SP_sex_std":0,"agg/test.EO_age_std":0,"agg/val.val_score_bestthr_mean":108.22267734637279,"agg/val.accuracy_std":0,"agg/test.EO_sex_std":0,"agg/test.EO_age_mean":49.73262032085562,"agg/test.roc_auc_mean":62.04446064139941,"agg/test.f1_score_std":0,"agg/val.roc_auc_std":0,"agg/val.val_score_std":0,"agg/test.f1_score_mean":47.52475247524753,"val.SP_age":17.36111111111111,"val.val_score_bestthr":108.22267734637279,"agg/test.accuracy_std":0,"agg/test.SP_sex_mean":5.074074074074075,"agg/val.EO_age_std":0,"agg/val.SP_sex_std":0,"test.precision":53.333333333333336,"agg/val.SP_age_std":0,"agg/val.val_score_mean":105.9395596390311,"agg/seed_mean":0,"val.accuracy":74.19354838709677,"agg/best_epoch_mean":19,"val.SP_sex":1.0683760683760646,"_wandb":{"runtime":73},"agg/val.f1_score_std":0,"val.f1_score":69.23076923076923,"agg/val.accuracy_mean":74.19354838709677,"test.EO_sex":8.333333333333332,"fold":0,"agg/test.EO_sex_mean":8.333333333333332,"agg/val.EO_sex_std":0,"test.f1_score":47.52475247524753,"agg/val.SP_sex_mean":1.0683760683760646,"val.EO_age":33.333333333333336,"agg/val.f1_score_mean":69.23076923076923,"test.SP_sex":5.074074074074075,"agg/test.accuracy_mean":65.5844155844156,"agg/test.SP_age_mean":19.952305246422895,"_step":1}