{"agg/val.SP_sex_mean":11.965811965811968,"_step":1,"agg/fold_id_mean":0,"val.f1_score":59.09090909090909,"val.EO_age":66.66666666666667,"test.accuracy":65.5844155844156,"agg/test.f1_score_std":0,"agg/test.EO_sex_std":0,"agg/test.SP_sex_std":0,"agg/val.roc_auc_mean":65.88628762541806,"agg/test.accuracy_std":0,"test.EO_age":47.05882352941176,"val.EO_sex":31.37254901960785,"agg/val.roc_auc_std":0,"agg/val.SP_sex_std":0,"agg/val.val_score_mean":99.14231287108421,"agg/seed_mean":0,"agg/test.recall_std":0,"agg/best_epoch_std":0,"agg/test.accuracy_mean":65.5844155844156,"agg/fold_id_std":0,"agg/val.EO_age_mean":66.66666666666667,"agg/val.accuracy_std":0,"test.f1_score":43.01075268817204,"test.roc_auc":62.35422740524781,"agg/test.recall_mean":35.714285714285715,"agg/val.EO_age_std":0,"val.roc_auc":65.88628762541806,"_wandb":{"runtime":139},"agg/test.EO_sex_mean":2.0833333333333313,"agg/val.accuracy_mean":70.96774193548387,"agg/test.precision_mean":54.054054054054056,"val.SP_age":27.083333333333336,"agg/test.f1_score_mean":43.01075268817204,"agg/val.EO_sex_mean":31.37254901960785,"agg/val.EO_sex_std":0,"val.val_score":99.14231287108421,"agg/val.f1_score_std":0,"agg/test.EO_age_mean":47.05882352941176,"agg/val.val_score_bestthr_mean":99.14231287108421,"_timestamp":1.767232081324369e+09,"test.SP_sex":5.6296296296296315,"agg/test.precision_std":0,"test.EO_sex":2.0833333333333313,"agg/test.SP_age_mean":12.082670906200319,"seed":0,"val.SP_sex":11.965811965811968,"fold":0,"agg/val.val_score_std":0,"test.SP_age":12.082670906200319,"agg/val.f1_score_mean":59.09090909090909,"test.recall":35.714285714285715,"agg/test.roc_auc_mean":62.35422740524781,"agg/val.SP_age_mean":27.083333333333336,"agg/val.val_score_bestthr_std":0,"agg/test.EO_age_std":0,"_runtime":139.582504562,"test.precision":54.054054054054056,"agg/test.roc_auc_std":0,"val.val_score_bestthr":99.14231287108421,"agg/test.SP_sex_mean":5.6296296296296315,"agg/val.SP_age_std":0,"agg/test.SP_age_std":0,"val.accuracy":70.96774193548387,"agg/seed_std":0,"agg/best_epoch_mean":30}