{"val.f1_score":65.45454545454547,"agg/seed_mean":0,"agg/test.accuracy_std":0,"agg/test.best_f1_mean":54.96183206106872,"agg/test.roc_auc_mean":61.97157434402332,"test.accuracy":54.54545454545454,"_timestamp":1.7670748692313826e+09,"agg/best_epoch_mean":19,"agg/test.accuracy_mean":54.54545454545454,"agg/val.SP_sex_std":0,"agg/test.EO_age_mean":27.807486631016044,"agg/val.val_score_std":0,"agg/val.val_score_bestthr_std":0,"agg/val.SP_age_std":0,"agg/val.EO_sex_std":0,"agg/test.EO_sex_std":0,"agg/test.EO_sex_mean":6.25,"agg/test.precision_mean":42.391304347826086,"val.val_score":101.20997091407435,"agg/val.SP_age_mean":35.41666666666667,"agg/test.SP_age_std":0,"test.f1_score":52.702702702702695,"agg/val.accuracy_mean":69.35483870967742,"agg/test.roc_auc_std":0,"seed":0,"agg/val.roc_auc_std":0,"test.roc_auc":61.97157434402332,"agg/test.f1_score_std":0,"agg/val.val_score_bestthr_mean":104.24388123735847,"agg/test.SP_sex_std":0,"agg/val.roc_auc_mean":70.90301003344482,"agg/test.SP_sex_mean":15.000000000000002,"_runtime":66.62655666,"agg/val.EO_age_std":0,"agg/test.val_score_bestthr_std":0,"agg/fold_id_mean":0,"agg/val.SP_sex_mean":2.777777777777779,"agg/fold_id_std":0,"agg/val.f1_score_mean":65.45454545454547,"agg/test.recall_mean":69.64285714285714,"_wandb":{"runtime":66},"agg/val.val_score_mean":101.20997091407435,"agg/best_epoch_std":0,"agg/test.precision_std":0,"fold":0,"val.accuracy":69.35483870967742,"agg/test.EO_age_std":0,"agg/val.EO_sex_mean":15.686274509803921,"agg/seed_std":0,"agg/test.val_score_std":0,"agg/test.best_f1_std":0,"agg/test.SP_age_mean":8.652729384436697,"agg/test.best_accuracy_std":0,"agg/test.f1_score_mean":52.702702702702695,"_step":1,"agg/test.best_accuracy_mean":61.68831168831169,"agg/val.EO_age_mean":33.333333333333336,"agg/test.val_score_mean":80.31970373665136,"agg/test.best_thr_f1_mean":0.6,"val.roc_auc":70.90301003344482,"agg/val.f1_score_std":0,"agg/test.val_score_bestthr_mean":88.58667492265984,"agg/val.accuracy_std":0,"agg/test.best_thr_f1_std":0,"agg/test.recall_std":0}