{"agg/test.precision_std":0,"agg/test.val_score_bestthr_mean":63.03030303030303,"_step":1,"agg/test.SP_age_std":0,"agg/test.recall_std":0,"agg/val.f1_score_std":0,"agg/val.val_score_bestthr_mean":111.18128731515623,"agg/test.accuracy_std":0,"test.f1_score":42.592592592592595,"agg/val.accuracy_mean":77.41935483870968,"val.accuracy":77.41935483870968,"_timestamp":1.7670756690266147e+09,"agg/test.precision_mean":44.230769230769226,"agg/fold_id_std":0,"agg/val.val_score_std":0,"val.val_score":111.18128731515623,"agg/test.best_accuracy_std":0,"agg/test.best_accuracy_mean":36.36363636363637,"agg/test.EO_sex_mean":25,"agg/val.val_score_mean":111.18128731515623,"agg/test.SP_sex_mean":2.1851851851851842,"agg/test.SP_age_mean":35.00643500643501,"agg/test.roc_auc_std":0,"fold":0,"agg/test.f1_score_std":0,"agg/val.SP_age_std":0,"agg/val.SP_sex_std":0,"agg/test.val_score_std":0,"agg/val.accuracy_std":0,"val.roc_auc":73.13266443701227,"agg/val.EO_age_mean":38.888888888888886,"agg/seed_std":0,"agg/val.EO_age_std":0,"agg/val.EO_sex_mean":18.627450980392158,"val.f1_score":69.56521739130434,"_wandb":{"runtime":126},"agg/val.EO_sex_std":0,"agg/test.best_thr_f1_std":0,"agg/test.EO_age_mean":49.73262032085562,"agg/test.EO_age_std":0,"agg/test.f1_score_mean":42.592592592592595,"agg/best_epoch_std":0,"agg/val.val_score_bestthr_std":0,"agg/val.SP_age_mean":40.27777777777778,"agg/test.val_score_bestthr_std":0,"agg/test.SP_sex_std":0,"agg/val.roc_auc_std":0,"agg/test.best_f1_mean":53.333333333333336,"agg/test.EO_sex_std":0,"agg/test.best_thr_f1_mean":0.05,"agg/val.SP_sex_mean":4.273504273504275,"agg/seed_mean":0,"test.accuracy":59.74025974025974,"test.roc_auc":60.313411078717195,"agg/test.accuracy_mean":59.74025974025974,"agg/test.recall_mean":41.07142857142857,"agg/val.f1_score_mean":69.56521739130434,"agg/val.roc_auc_mean":73.13266443701227,"agg/best_epoch_mean":28,"_runtime":126.087843128,"seed":0,"agg/fold_id_mean":0,"agg/test.best_f1_std":0,"agg/test.val_score_mean":79.91731363143128,"agg/test.roc_auc_mean":60.313411078717195}