{"agg/test.roc_auc_std":3.3739247044244665,"val/auc":60.64659977703456,"agg/test.EO_age_std":12.369038458088506,"agg/val.val_score_bestthr_mean":85.3214320285534,"agg/test.accuracy_mean":49.261522790934556,"test/SP_age":11.111111111111116,"agg/val.SP_sex_std":12.845249142482672,"agg/test.EO_age_mean":14.5508413155472,"test/recall":98.18181818181819,"agg/val.f1_score_std":3.6439340318350237,"val/SP_age":21.42857142857143,"_wandb":{"runtime":414},"agg/test.SP_sex_mean":6.373199126674179,"_timestamp":1.7673209347732003e+09,"agg/fold_id_mean":2,"val/val_score":81.01598846195405,"agg/test.precision_mean":41.55455419961263,"val/acc":56.451612903225815,"agg/val.EO_age_std":22.59693154374602,"agg/test.SP_sex_std":4.6909986994921,"agg/test.f1_score_mean":55.46367408887535,"agg/test.SP_age_mean":12.248857296416748,"agg/best_epoch_std":13.013838787997951,"agg/val.f1_score_mean":60.495030525170115,"agg/val.SP_sex_mean":16.314654775555958,"test/SP_sex":2.1381578947368474,"agg/val.val_score_std":7.865212955084259,"agg/val.val_score_mean":86.02584751307816,"val/EO_sex":8.888888888888879,"agg/val.accuracy_std":10.12923772135973,"test/auc":58.62708719851578,"test/EO_sex":2.3809523809523836,"agg/val.val_score_bestthr_std":11.507095012189794,"agg/val.EO_sex_std":4.148374278462366,"agg/test.recall_mean":86.42207792207793,"agg/val.roc_auc_mean":61.025641025641015,"test/f1":53.46534653465347,"agg/test.f1_score_std":1.884032596259538,"agg/best_epoch_mean":49.8,"agg/test.precision_std":3.939080311550117,"val/SP_sex":11.260709914320689,"val/f1":59.70149253731344,"agg/val.accuracy_mean":55.80645161290323,"test/EO_age":8.333333333333337,"fold":4,"agg/val.EO_age_mean":26.85714285714286,"agg/test.accuracy_std":9.006425855703268,"val/val_score_bestthr":85.55324413623138,"agg/val.SP_age_std":10.256232811274307,"test/acc":38.56209150326798,"_step":5,"agg/test.roc_auc_mean":60.38742789926253,"agg/test.EO_sex_mean":7.461904761904765,"agg/test.SP_age_std":7.058059952438155,"test/precision":36.734693877551024,"agg/val.SP_age_mean":22.937552213868006,"agg/test.EO_sex_std":7.363198309322086,"seed":4,"agg/seed_std":1.4142135623730951,"agg/fold_id_std":1.4142135623730951,"agg/seed_mean":2,"_runtime":414.26615952,"val/EO_age":33.333333333333336,"agg/val.EO_sex_mean":7.144134846921224,"agg/test.recall_std":12.188994923041642,"agg/val.roc_auc_std":7.255666800369796}