{"test.SP_age":42.471042471042466,"agg/val.roc_auc_std":0,"fold":0,"val.f1_score":66.66666666666666,"agg/val.val_score_bestthr_mean":106.92687543586499,"test.SP_sex":2.370370370370373,"_step":1,"agg/test.EO_sex_std":0,"agg/val.accuracy_std":0,"val.accuracy":74.19354838709677,"agg/val.val_score_mean":101.03320129318648,"agg/test.accuracy_std":0,"agg/val.f1_score_std":0,"agg/best_epoch_std":0,"agg/val.val_score_std":0,"agg/val.EO_age_mean":17.777777777777782,"test.f1_score":50,"test.EO_sex":33.33333333333333,"agg/test.roc_auc_std":0,"agg/fold_id_std":0,"test.EO_age":46.524064171122994,"agg/val.val_score_bestthr_std":0,"agg/test.f1_score_mean":50,"agg/test.SP_age_std":0,"agg/test.precision_std":0,"agg/val.SP_sex_mean":9.829059829059828,"agg/val.EO_sex_mean":3.9215686274509887,"agg/val.SP_age_mean":28.47222222222222,"agg/test.EO_age_mean":46.524064171122994,"agg/seed_std":0,"agg/val.SP_sex_std":0,"test.roc_auc":61.60714285714286,"test.recall":46.42857142857143,"val.SP_sex":9.829059829059828,"val.val_score_bestthr":106.92687543586499,"agg/test.f1_score_std":0,"_timestamp":1.767234641551871e+09,"agg/fold_id_mean":0,"agg/test.recall_std":0,"val.roc_auc":73.91304347826086,"agg/test.EO_sex_mean":33.33333333333333,"test.accuracy":66.23376623376623,"agg/best_epoch_mean":55,"agg/test.precision_mean":54.166666666666664,"val.val_score":101.03320129318648,"agg/val.EO_sex_std":0,"val.EO_sex":3.9215686274509887,"agg/test.roc_auc_mean":61.60714285714286,"_runtime":37.176764519,"test.precision":54.166666666666664,"val.SP_age":28.47222222222222,"agg/test.recall_mean":46.42857142857143,"agg/seed_mean":0,"agg/val.roc_auc_mean":73.91304347826086,"agg/test.EO_age_std":0,"agg/test.SP_sex_mean":2.370370370370373,"val.EO_age":17.777777777777782,"agg/val.f1_score_mean":66.66666666666666,"agg/test.SP_age_mean":42.471042471042466,"agg/test.SP_sex_std":0,"seed":0,"agg/test.accuracy_mean":66.23376623376623,"_wandb":{"runtime":37},"agg/val.SP_age_std":0,"agg/val.accuracy_mean":74.19354838709677,"agg/val.EO_age_std":0}