{"val.accuracy":70.96774193548387,"agg/seed_mean":0,"agg/test.recall_mean":32.142857142857146,"test.f1_score":41.860465116279066,"agg/val.f1_score_mean":60.86956521739131,"val.val_score_bestthr":100.25760247278687,"test.recall":32.142857142857146,"agg/test.SP_sex_std":0,"agg/val.val_score_mean":97.44790683436321,"_wandb":{"runtime":65},"agg/test.roc_auc_std":0,"agg/val.accuracy_mean":70.96774193548387,"val.roc_auc":69.23076923076923,"agg/test.f1_score_std":0,"agg/fold_id_mean":0,"agg/val.SP_age_mean":22.22222222222222,"agg/val.EO_age_std":0,"agg/test.EO_sex_std":0,"agg/fold_id_std":0,"agg/test.EO_age_mean":52.94117647058824,"agg/val.EO_age_mean":66.66666666666667,"agg/best_epoch_mean":20,"val.SP_age":22.22222222222222,"agg/val.roc_auc_std":0,"agg/val.val_score_std":0,"agg/val.roc_auc_mean":69.23076923076923,"val.SP_sex":10.897435897435898,"agg/val.EO_sex_std":0,"_step":1,"agg/val.f1_score_std":0,"test.roc_auc":63.26530612244897,"agg/test.EO_age_std":0,"agg/test.precision_mean":60,"val.EO_age":66.66666666666667,"_timestamp":1.7672441122323554e+09,"agg/test.precision_std":0,"agg/val.val_score_bestthr_mean":100.25760247278687,"test.SP_sex":1.4814814814814836,"test.EO_sex":6.25,"test.precision":60,"agg/seed_std":0,"_runtime":65.8884258,"val.val_score":97.44790683436321,"test.SP_age":20.205920205920208,"agg/test.roc_auc_mean":63.26530612244897,"agg/test.SP_age_mean":20.205920205920208,"agg/val.SP_sex_std":0,"agg/test.SP_sex_mean":1.4814814814814836,"agg/best_epoch_std":0,"agg/val.SP_sex_mean":10.897435897435898,"seed":0,"agg/test.SP_age_std":0,"val.f1_score":60.86956521739131,"agg/val.EO_sex_mean":14.70588235294118,"test.accuracy":67.53246753246754,"agg/val.SP_age_std":0,"agg/test.accuracy_mean":67.53246753246754,"agg/val.accuracy_std":0,"agg/test.EO_sex_mean":6.25,"agg/test.f1_score_mean":41.860465116279066,"test.EO_age":52.94117647058824,"agg/val.val_score_bestthr_std":0,"val.EO_sex":14.70588235294118,"fold":0,"agg/test.accuracy_std":0,"agg/test.recall_std":0}