{"agg/best_epoch_std":0,"agg/val.accuracy_std":0,"agg/test.SP_sex_std":0,"agg/val.val_score_std":0,"agg/test.EO_age_mean":32.085561497326196,"agg/test.EO_sex_mean":18.75,"test.roc_auc":59.566326530612244,"test.recall":33.92857142857143,"test.EO_age":32.085561497326196,"val.val_score_bestthr":103.80010281614715,"agg/val.roc_auc_std":0,"agg/test.recall_std":0,"agg/test.accuracy_std":0,"test.SP_age":23.370429252782195,"agg/val.EO_age_std":0,"agg/val.SP_sex_mean":5.9829059829059785,"agg/test.roc_auc_mean":59.566326530612244,"agg/val.f1_score_std":0,"val.roc_auc":73.57859531772576,"val.SP_age":52.083333333333336,"val.accuracy":72.58064516129032,"agg/test.f1_score_mean":43.678160919540225,"agg/test.accuracy_mean":68.18181818181817,"test.EO_sex":18.75,"agg/test.SP_age_std":0,"val.SP_sex":5.9829059829059785,"agg/test.f1_score_std":0,"agg/val.EO_age_mean":66.66666666666667,"agg/test.precision_std":0,"agg/test.SP_sex_mean":0.37037037037036813,"agg/val.EO_sex_std":0,"agg/seed_mean":0,"agg/val.roc_auc_mean":73.57859531772576,"agg/test.recall_mean":33.92857142857143,"_timestamp":1.7672464833560324e+09,"agg/val.EO_sex_mean":18.627450980392158,"agg/val.accuracy_mean":72.58064516129032,"fold":0,"agg/val.SP_age_std":0,"agg/best_epoch_mean":16,"test.accuracy":68.18181818181817,"val.EO_age":66.66666666666667,"val.val_score":99.58502277555883,"val.EO_sex":18.627450980392158,"seed":0,"agg/fold_id_std":0,"agg/seed_std":0,"agg/test.precision_mean":61.29032258064516,"_runtime":59.400811367,"agg/test.EO_age_std":0,"agg/val.val_score_bestthr_std":0,"test.SP_sex":0.37037037037036813,"_step":1,"val.f1_score":65.3061224489796,"agg/test.EO_sex_std":0,"agg/fold_id_mean":0,"agg/val.SP_age_mean":52.083333333333336,"agg/test.roc_auc_std":0,"_wandb":{"runtime":59},"agg/val.val_score_bestthr_mean":103.80010281614715,"agg/val.SP_sex_std":0,"agg/val.f1_score_mean":65.3061224489796,"test.precision":61.29032258064516,"test.f1_score":43.678160919540225,"agg/val.val_score_mean":99.58502277555883,"agg/test.SP_age_mean":23.370429252782195}