{"test.accuracy":54.54545454545454,"test.f1_score":50,"agg/val.EO_age_std":0,"agg/test.f1_score_std":0,"agg/test.precision_std":0,"agg/best_epoch_std":0,"agg/val.SP_age_std":0,"_timestamp":1.7670608558071954e+09,"agg/val.val_score_mean":106.66715321364276,"agg/val.accuracy_mean":74.19354838709677,"seed":0,"_step":1,"agg/test.recall_mean":62.5,"val.roc_auc":67.67001114827201,"agg/val.f1_score_mean":66.66666666666666,"agg/val.SP_age_mean":22.22222222222222,"fold":0,"agg/test.accuracy_std":0,"agg/val.SP_sex_std":0,"agg/test.EO_sex_mean":29.166666666666664,"test.roc_auc":61.2609329446064,"agg/test.SP_sex_std":0,"agg/test.best_thr_f1_std":0,"agg/val.EO_sex_mean":3.9215686274509887,"_wandb":{"runtime":65},"agg/val.val_score_bestthr_mean":106.66715321364276,"agg/test.best_accuracy_mean":38.961038961038966,"agg/test.val_score_bestthr_std":0,"agg/val.EO_age_mean":50,"agg/test.best_f1_mean":54.36893203883496,"agg/test.roc_auc_std":0,"agg/val.SP_sex_mean":9.829059829059828,"agg/val.EO_sex_std":0,"agg/val.val_score_bestthr_std":0,"agg/test.SP_age_std":0,"agg/test.f1_score_mean":50,"val.accuracy":74.19354838709677,"agg/test.roc_auc_mean":61.2609329446064,"agg/test.accuracy_mean":54.54545454545454,"agg/val.accuracy_std":0,"agg/test.best_thr_f1_mean":0.11499999999999999,"agg/val.roc_auc_std":0,"agg/test.best_f1_std":0,"agg/val.val_score_std":0,"val.val_score_bestthr":106.66715321364276,"agg/seed_mean":0,"agg/test.SP_sex_mean":4.148148148148156,"agg/test.val_score_bestthr_mean":66.05703937199084,"agg/val.roc_auc_mean":67.67001114827201,"val.f1_score":66.66666666666666,"agg/test.EO_sex_std":0,"_runtime":65.115812431,"agg/fold_id_std":0,"agg/val.f1_score_std":0,"agg/test.EO_age_std":0,"agg/test.precision_mean":41.66666666666667,"agg/best_epoch_mean":12,"agg/test.best_accuracy_std":0,"val.val_score":106.66715321364276,"agg/test.val_score_mean":78.6943847323259,"agg/test.val_score_std":0,"agg/test.SP_age_mean":17.567567567567565,"agg/fold_id_mean":0,"agg/test.EO_age_mean":34.224598930481285,"agg/test.recall_std":0,"agg/seed_std":0}