{"agg/val.val_score_mean":108.89456790142627,"agg/test.EO_age_mean":43.31550802139038,"agg/test.EO_age_std":0,"agg/val.accuracy_std":0,"agg/test.SP_sex_mean":4.962962962962964,"agg/val.SP_age_mean":37.5,"val.accuracy":75.80645161290323,"_step":1,"agg/test.best_thr_f1_std":0,"fold":0,"agg/test.SP_age_std":0,"agg/val.EO_age_std":0,"agg/test.EO_sex_mean":27.083333333333332,"agg/test.precision_std":0,"agg/test.recall_std":0,"agg/best_epoch_mean":29,"agg/test.best_accuracy_std":0,"test.accuracy":61.038961038961034,"val.f1_score":68.08510638297872,"agg/test.precision_mean":46.774193548387096,"agg/test.SP_sex_std":0,"agg/test.accuracy_std":0,"val.roc_auc":73.02118171683388,"agg/test.val_score_std":0,"agg/test.val_score_bestthr_mean":85.31464535582182,"agg/val.EO_age_mean":38.888888888888886,"agg/seed_std":0,"agg/val.roc_auc_mean":73.02118171683388,"agg/test.best_f1_mean":55.55555555555556,"_runtime":76.847698449,"agg/fold_id_mean":0,"agg/val.EO_sex_mean":18.627450980392158,"agg/val.EO_sex_std":0,"agg/test.accuracy_mean":61.038961038961034,"agg/test.best_thr_f1_mean":0.4599999999999999,"agg/test.recall_mean":51.78571428571429,"agg/test.roc_auc_std":0,"agg/val.accuracy_mean":75.80645161290323,"test.roc_auc":59.23833819241982,"agg/test.EO_sex_std":0,"agg/test.SP_age_mean":30.24453024453025,"agg/fold_id_std":0,"agg/val.f1_score_mean":68.08510638297872,"agg/test.best_accuracy_mean":58.44155844155844,"agg/test.f1_score_mean":49.152542372881356,"agg/best_epoch_std":0,"test.f1_score":49.152542372881356,"agg/val.val_score_std":0,"agg/test.best_f1_std":0,"agg/val.f1_score_std":0,"agg/val.val_score_bestthr_mean":108.89456790142627,"_timestamp":1.7670782695412083e+09,"agg/seed_mean":0,"agg/val.SP_age_std":0,"seed":0,"agg/test.f1_score_std":0,"agg/val.roc_auc_std":0,"agg/val.SP_sex_std":0,"agg/val.val_score_bestthr_std":0,"agg/test.val_score_bestthr_std":0,"agg/val.SP_sex_mean":0.42735042735042583,"agg/test.roc_auc_mean":59.23833819241982,"_wandb":{"runtime":76},"val.val_score":108.89456790142627,"agg/test.val_score_mean":84.55916887977955}