{"agg/val.val_score_bestthr_std":0,"agg/val.SP_age_std":0,"agg/test.EO_sex_std":0,"agg/test.roc_auc_mean":63.99416909620991,"agg/test.val_score_bestthr_mean":94.8156463687769,"_runtime":84.64604395,"agg/test.EO_age_std":0,"agg/val.f1_score_mean":60.46511627906976,"agg/test.accuracy_std":0,"fold":0,"agg/test.precision_mean":55.172413793103445,"agg/val.EO_age_mean":16.666666666666664,"val.f1_score":60.46511627906976,"agg/fold_id_mean":0,"agg/seed_std":0,"agg/test.accuracy_mean":67.53246753246754,"seed":0,"agg/test.SP_sex_mean":18.074074074074076,"agg/val.val_score_mean":102.27197655371609,"agg/val.f1_score_std":0,"agg/val.SP_sex_mean":9.18803418803419,"agg/test.val_score_mean":94.8156463687769,"agg/val.SP_sex_std":0,"_step":1,"agg/fold_id_std":0,"agg/test.f1_score_mean":56.14035087719299,"agg/test.best_accuracy_std":0,"test.f1_score":56.14035087719299,"agg/best_epoch_std":0,"test.roc_auc":63.99416909620991,"agg/test.EO_sex_mean":6.25,"agg/val.SP_age_mean":19.444444444444446,"agg/test.f1_score_std":0,"agg/test.recall_mean":57.14285714285714,"agg/test.best_accuracy_mean":67.53246753246754,"agg/test.best_f1_std":0,"val.roc_auc":66.5551839464883,"agg/val.EO_sex_std":0,"agg/val.roc_auc_mean":66.5551839464883,"agg/val.accuracy_mean":72.58064516129032,"agg/val.roc_auc_std":0,"agg/test.roc_auc_std":0,"agg/test.EO_age_mean":34.224598930481285,"agg/test.best_f1_mean":56.14035087719299,"agg/test.best_thr_f1_mean":0.4699999999999999,"val.val_score":102.27197655371609,"agg/val.val_score_std":0,"_timestamp":1.7670805339619415e+09,"agg/val.accuracy_std":0,"agg/test.best_thr_f1_std":0,"agg/test.recall_std":0,"agg/test.val_score_bestthr_std":0,"agg/seed_mean":0,"agg/val.EO_age_std":0,"agg/test.SP_age_std":0,"val.accuracy":72.58064516129032,"agg/val.EO_sex_mean":8.823529411764708,"agg/val.val_score_bestthr_mean":100.2658429831817,"_wandb":{"runtime":84},"agg/best_epoch_mean":46,"agg/test.precision_std":0,"test.accuracy":67.53246753246754,"agg/test.SP_sex_std":0,"agg/test.val_score_std":0,"agg/test.SP_age_mean":20.15098722415796}