{"agg/test.f1_score_mean":50.90909090909091,"agg/test.SP_age_mean":21.81467181467182,"agg/test.roc_auc_std":0,"agg/test.EO_sex_std":0,"val.roc_auc":62.20735785953176,"_timestamp":1.7672467319970295e+09,"agg/test.SP_sex_mean":8.370370370370372,"agg/val.accuracy_std":0,"test.recall":50,"val.EO_age":46.66666666666667,"seed":0,"val.accuracy":67.74193548387096,"_wandb":{"runtime":114},"test.SP_age":21.81467181467182,"agg/test.EO_age_mean":23.529411764705888,"agg/test.f1_score_std":0,"test.EO_sex":14.583333333333332,"agg/test.EO_age_std":0,"agg/fold_id_std":0,"agg/val.f1_score_std":0,"agg/val.f1_score_mean":56.52173913043478,"val.val_score_bestthr":95.30100137890233,"agg/val.val_score_bestthr_std":0,"fold":0,"agg/test.accuracy_std":0,"agg/val.roc_auc_std":0,"agg/seed_mean":0,"agg/test.EO_sex_mean":14.583333333333332,"agg/val.EO_sex_std":0,"agg/val.EO_age_mean":46.66666666666667,"test.EO_age":23.529411764705888,"agg/val.SP_age_mean":10.416666666666668,"agg/val.SP_sex_mean":4.273504273504275,"agg/best_epoch_mean":49,"val.EO_sex":8.823529411764708,"agg/val.val_score_mean":95.30100137890233,"_runtime":114.222818002,"agg/test.precision_std":0,"agg/val.val_score_std":0,"agg/test.recall_mean":50,"agg/test.precision_mean":51.85185185185185,"agg/test.accuracy_mean":64.93506493506493,"test.f1_score":50.90909090909091,"agg/test.roc_auc_mean":60.45918367346938,"val.val_score":95.30100137890233,"agg/test.SP_age_std":0,"agg/fold_id_mean":0,"test.SP_sex":8.370370370370372,"_step":1,"agg/seed_std":0,"agg/test.SP_sex_std":0,"val.SP_sex":4.273504273504275,"agg/test.recall_std":0,"agg/val.accuracy_mean":67.74193548387096,"agg/val.roc_auc_mean":62.20735785953176,"agg/val.SP_sex_std":0,"agg/val.SP_age_std":0,"val.f1_score":56.52173913043478,"agg/val.val_score_bestthr_mean":95.30100137890233,"agg/val.EO_age_std":0,"val.SP_age":10.416666666666668,"agg/best_epoch_std":0,"test.precision":51.85185185185185,"test.accuracy":64.93506493506493,"test.roc_auc":60.45918367346938,"agg/val.EO_sex_mean":8.823529411764708}