{"agg/test.f1_score_std":0,"agg/val.EO_age_mean":50,"agg/best_epoch_std":0,"agg/test.SP_sex_std":0,"val.SP_age":11.11111111111111,"test.SP_sex":6.629629629629632,"fold":0,"test.EO_sex":2.0833333333333313,"agg/val.val_score_mean":99.80242543667592,"val.accuracy":69.35483870967742,"val.roc_auc":64.21404682274247,"agg/val.val_score_bestthr_mean":99.80242543667592,"test.recall":39.285714285714285,"agg/best_epoch_mean":52,"agg/test.EO_age_std":0,"agg/test.precision_std":0,"agg/test.SP_age_std":0,"agg/val.EO_sex_mean":26.470588235294112,"agg/test.f1_score_mean":46.808510638297875,"val.val_score_bestthr":99.80242543667592,"agg/val.SP_sex_std":0,"_wandb":{"runtime":127},"test.f1_score":46.808510638297875,"_step":1,"agg/test.EO_age_mean":25.668449197860966,"test.accuracy":67.53246753246754,"agg/test.roc_auc_mean":64.24927113702623,"agg/seed_mean":0,"agg/val.accuracy_std":0,"agg/test.SP_sex_mean":6.629629629629632,"test.EO_age":25.668449197860966,"seed":0,"agg/test.SP_age_mean":18.468468468468473,"val.EO_age":50,"agg/val.f1_score_std":0,"agg/val.SP_sex_mean":4.914529914529914,"_runtime":127.974968837,"test.precision":57.89473684210527,"agg/val.val_score_bestthr_std":0,"agg/seed_std":0,"agg/val.roc_auc_std":0,"agg/test.accuracy_std":0,"agg/test.EO_sex_std":0,"agg/val.SP_age_std":0,"agg/val.val_score_std":0,"agg/test.EO_sex_mean":2.0833333333333313,"_timestamp":1.767248823321454e+09,"test.roc_auc":64.24927113702623,"agg/val.accuracy_mean":69.35483870967742,"agg/test.roc_auc_std":0,"agg/test.precision_mean":57.89473684210527,"agg/val.EO_age_std":0,"val.SP_sex":4.914529914529914,"agg/fold_id_mean":0,"val.f1_score":62.745098039215684,"agg/test.recall_std":0,"agg/val.EO_sex_std":0,"val.val_score":99.80242543667592,"agg/val.roc_auc_mean":64.21404682274247,"agg/fold_id_std":0,"val.EO_sex":26.470588235294112,"agg/val.f1_score_mean":62.745098039215684,"agg/test.accuracy_mean":67.53246753246754,"agg/test.recall_mean":39.285714285714285,"agg/val.SP_age_mean":11.11111111111111,"test.SP_age":18.468468468468473}