{"agg/val.val_score_bestthr_std":0,"test.f1_score":51.85185185185185,"_wandb":{"runtime":95},"agg/val.SP_age_std":0,"agg/test.recall_std":0,"agg/best_epoch_std":0,"agg/test.best_f1_std":0,"agg/val.SP_sex_std":0,"agg/val.EO_age_mean":38.888888888888886,"agg/test.accuracy_std":0,"agg/test.roc_auc_std":0,"agg/val.EO_sex_std":0,"agg/best_epoch_mean":16,"val.f1_score":65.38461538461539,"val.roc_auc":69.67670011148273,"agg/test.recall_mean":62.5,"agg/test.val_score_bestthr_std":0,"_runtime":95.595378229,"agg/val.accuracy_mean":70.96774193548387,"agg/test.best_thr_f1_std":0,"agg/val.EO_age_std":0,"_timestamp":1.767073656200564e+09,"agg/test.SP_sex_mean":0.8518518518518481,"agg/test.best_thr_f1_mean":0.4499999999999999,"agg/val.SP_age_mean":35.41666666666667,"agg/test.EO_age_mean":40.10695187165775,"agg/test.SP_age_mean":27.09137709137709,"agg/test.f1_score_std":0,"agg/test.best_f1_mean":54.929577464788736,"seed":0,"test.roc_auc":64.88702623906704,"agg/test.best_accuracy_mean":58.44155844155844,"agg/fold_id_std":0,"agg/test.roc_auc_mean":64.88702623906704,"agg/test.EO_sex_mean":14.583333333333337,"agg/val.SP_sex_mean":1.0683760683760646,"agg/test.EO_age_std":0,"agg/val.f1_score_std":0,"agg/test.precision_mean":44.303797468354425,"agg/val.roc_auc_std":0,"agg/test.precision_std":0,"test.accuracy":57.7922077922078,"fold":0,"agg/val.val_score_std":0,"agg/test.SP_sex_std":0,"agg/test.val_score_std":0,"agg/seed_mean":0,"_step":1,"val.val_score":102.77885933116009,"agg/test.SP_age_std":0,"agg/test.val_score_mean":82.89179857665151,"agg/test.EO_sex_std":0,"agg/val.f1_score_mean":65.38461538461539,"agg/val.val_score_bestthr_mean":102.77885933116009,"agg/test.val_score_bestthr_mean":84.97926690613724,"agg/test.best_accuracy_std":0,"agg/test.f1_score_mean":51.85185185185185,"agg/val.EO_sex_mean":12.745098039215685,"agg/seed_std":0,"agg/test.accuracy_mean":57.7922077922078,"agg/fold_id_mean":0,"val.accuracy":70.96774193548387,"agg/val.accuracy_std":0,"agg/val.val_score_mean":102.77885933116009,"agg/val.roc_auc_mean":69.67670011148273}