{"test.roc_auc":57.361516034985414,"agg/seed_mean":0,"test.accuracy":63.63636363636363,"agg/val.EO_age_std":0,"agg/val.accuracy_mean":69.35483870967742,"agg/val.val_score_mean":92.84207781529888,"agg/test.best_thr_f1_mean":0.4699999999999999,"agg/test.EO_age_mean":47.05882352941176,"agg/test.recall_mean":26.785714285714285,"agg/test.EO_sex_mean":2.0833333333333313,"_step":1,"agg/test.roc_auc_std":0,"agg/test.precision_std":0,"fold":0,"agg/test.val_score_std":0,"agg/test.SP_sex_mean":1.4814814814814836,"_wandb":{"runtime":53},"test.f1_score":34.883720930232556,"_timestamp":1.7670733899056973e+09,"agg/test.EO_age_std":0,"agg/fold_id_std":0,"agg/val.SP_age_std":0,"agg/val.SP_age_mean":20.13888888888889,"agg/test.best_accuracy_std":0,"agg/val.val_score_bestthr_std":0,"agg/val.EO_sex_std":0,"agg/test.best_f1_mean":53.84615384615385,"agg/val.roc_auc_std":0,"agg/test.accuracy_mean":63.63636363636363,"agg/test.accuracy_std":0,"agg/val.val_score_std":0,"val.roc_auc":66.44370122630993,"agg/test.best_accuracy_mean":37.66233766233766,"agg/val.val_score_bestthr_mean":80.19416265265411,"val.accuracy":69.35483870967742,"agg/test.val_score_bestthr_std":0,"agg/test.val_score_bestthr_mean":64.5007585007585,"agg/fold_id_mean":0,"agg/val.SP_sex_std":0,"agg/val.EO_sex_mean":7.8431372549019605,"agg/val.accuracy_std":0,"agg/val.SP_sex_mean":12.393162393162394,"seed":0,"val.val_score":92.84207781529888,"agg/val.EO_age_mean":43.333333333333336,"agg/test.f1_score_mean":34.883720930232556,"agg/val.roc_auc_mean":66.44370122630993,"agg/test.EO_sex_std":0,"agg/test.SP_age_mean":36.1003861003861,"agg/test.val_score_mean":80.2109838570338,"agg/test.precision_mean":50,"agg/test.SP_sex_std":0,"_runtime":53.282300984,"agg/best_epoch_mean":16,"agg/test.best_f1_std":0,"agg/test.recall_std":0,"val.f1_score":48.64864864864865,"agg/best_epoch_std":0,"agg/test.roc_auc_mean":57.361516034985414,"agg/test.SP_age_std":0,"agg/test.f1_score_std":0,"agg/test.best_thr_f1_std":0,"agg/seed_std":0,"agg/val.f1_score_std":0,"agg/val.f1_score_mean":48.64864864864865}