{"agg/test.SP_sex_std":0,"test.EO_age":47.05882352941176,"agg/val.val_score_bestthr_mean":104.41243941745434,"agg/val.val_score_bestthr_std":0,"agg/test.roc_auc_mean":60.84183673469388,"agg/test.SP_sex_mean":3.4814814814814827,"agg/test.SP_age_mean":23.370429252782195,"agg/val.accuracy_mean":72.58064516129032,"agg/val.SP_sex_mean":5.9829059829059785,"agg/best_epoch_mean":12,"agg/best_epoch_std":0,"agg/test.precision_std":0,"_runtime":87.712992489,"agg/test.accuracy_std":0,"val.val_score_bestthr":104.41243941745434,"agg/val.roc_auc_std":0,"agg/seed_std":0,"agg/test.accuracy_mean":67.53246753246754,"test.EO_sex":4.166666666666669,"fold":0,"agg/val.roc_auc_mean":73.46711259754737,"agg/val.val_score_std":0,"agg/val.SP_age_mean":22.22222222222222,"val.SP_sex":5.9829059829059785,"agg/fold_id_mean":0,"val.EO_sex":3.9215686274509887,"val.val_score":104.41243941745434,"val.roc_auc":73.46711259754737,"agg/seed_mean":0,"agg/val.EO_sex_mean":3.9215686274509887,"test.SP_sex":3.4814814814814827,"test.SP_age":23.370429252782195,"agg/val.accuracy_std":0,"agg/val.EO_age_mean":50,"agg/val.EO_sex_std":0,"val.EO_age":50,"_timestamp":1.767237201832809e+09,"agg/test.roc_auc_std":0,"test.roc_auc":60.84183673469388,"agg/test.EO_sex_mean":4.166666666666669,"seed":0,"agg/test.EO_age_mean":47.05882352941176,"test.accuracy":67.53246753246754,"_wandb":{"runtime":87},"agg/test.f1_score_mean":43.18181818181819,"agg/val.val_score_mean":104.41243941745434,"agg/test.precision_mean":59.375,"agg/val.SP_age_std":0,"agg/val.SP_sex_std":0,"agg/test.EO_sex_std":0,"agg/val.f1_score_mean":65.3061224489796,"agg/test.SP_age_std":0,"agg/test.EO_age_std":0,"agg/test.f1_score_std":0,"agg/test.recall_mean":33.92857142857143,"val.f1_score":65.3061224489796,"agg/val.f1_score_std":0,"test.f1_score":43.18181818181819,"agg/fold_id_std":0,"test.recall":33.92857142857143,"val.SP_age":22.22222222222222,"val.accuracy":72.58064516129032,"_step":1,"agg/val.EO_age_std":0,"agg/test.recall_std":0,"test.precision":59.375}