{"test.SP_age":34.68468468468468,"agg/test.SP_age_std":0,"test.accuracy":64.93506493506493,"agg/val.EO_age_std":0,"test.EO_sex":18.75,"agg/best_epoch_mean":33,"agg/val.EO_sex_mean":8.823529411764708,"agg/test.f1_score_std":0,"agg/test.accuracy_std":0,"val.roc_auc":67.22408026755853,"_step":1,"agg/test.recall_mean":46.42857142857143,"agg/seed_mean":0,"agg/test.accuracy_mean":64.93506493506493,"agg/test.precision_std":0,"agg/fold_id_std":0,"agg/val.EO_age_mean":43.333333333333336,"agg/val.SP_sex_mean":1.9230769230769218,"val.EO_sex":8.823529411764708,"agg/val.f1_score_std":0,"seed":0,"val.f1_score":52.63157894736841,"agg/test.SP_sex_std":0,"agg/test.EO_sex_std":0,"agg/val.EO_sex_std":0,"val.SP_sex":1.9230769230769218,"val.EO_age":43.333333333333336,"val.accuracy":70.96774193548387,"test.recall":46.42857142857143,"agg/test.recall_std":0,"val.val_score_bestthr":96.5205097902641,"agg/val.SP_sex_std":0,"agg/val.val_score_mean":96.5205097902641,"agg/best_epoch_std":0,"agg/test.SP_sex_mean":4.370370370370375,"agg/test.EO_age_std":0,"agg/val.SP_age_std":0,"agg/test.SP_age_mean":34.68468468468468,"agg/test.f1_score_mean":49.056603773584904,"_timestamp":1.767233603207718e+09,"agg/val.SP_age_mean":22.22222222222222,"agg/val.val_score_std":0,"val.val_score":96.5205097902641,"agg/val.val_score_bestthr_mean":96.5205097902641,"test.precision":52,"fold":0,"agg/test.precision_mean":52,"agg/seed_std":0,"agg/test.roc_auc_mean":58.72813411078717,"test.SP_sex":4.370370370370375,"val.SP_age":22.22222222222222,"agg/test.EO_age_mean":31.550802139037437,"agg/val.roc_auc_std":0,"agg/test.roc_auc_std":0,"agg/fold_id_mean":0,"test.f1_score":49.056603773584904,"agg/val.accuracy_std":0,"agg/val.f1_score_mean":52.63157894736841,"agg/val.val_score_bestthr_std":0,"_wandb":{"runtime":36},"test.roc_auc":58.72813411078717,"agg/val.accuracy_mean":70.96774193548387,"agg/val.roc_auc_mean":67.22408026755853,"_runtime":36.856283265,"agg/test.EO_sex_mean":18.75,"test.EO_age":31.550802139037437}