{"agg/val.SP_age_std":0,"agg/val.val_score_bestthr_mean":99.41884328586687,"agg/val.SP_sex_std":0,"agg/test.best_f1_mean":56.25,"agg/test.val_score_mean":79.6997696582365,"val.val_score_bestthr":99.41884328586687,"agg/seed_std":0,"agg/val.f1_score_mean":61.224489795918366,"val.roc_auc":65.66332218506132,"agg/test.best_f1_std":0,"agg/val.f1_score_std":0,"val.f1_score":61.224489795918366,"agg/val.SP_sex_mean":0.6410256410256387,"agg/fold_id_std":0,"agg/test.recall_std":0,"test.accuracy":55.1948051948052,"_step":1,"agg/val.EO_sex_mean":1.9607843137254832,"agg/test.best_thr_f1_mean":0.4649999999999999,"agg/test.SP_age_std":0,"agg/test.SP_sex_mean":2.2962962962962963,"agg/test.EO_sex_std":0,"agg/test.EO_age_mean":55.080213903743314,"agg/val.EO_age_std":0,"agg/fold_id_mean":0,"agg/val.roc_auc_mean":65.66332218506132,"agg/test.recall_mean":64.28571428571429,"agg/test.best_thr_f1_std":0,"agg/test.best_accuracy_std":0,"agg/test.f1_score_mean":51.06382978723405,"test.f1_score":51.06382978723405,"agg/val.accuracy_mean":69.35483870967742,"agg/seed_mean":0,"agg/test.roc_auc_std":0,"agg/test.EO_age_std":0,"agg/val.SP_age_mean":22.22222222222222,"agg/best_epoch_mean":13,"agg/test.precision_mean":42.35294117647059,"agg/val.val_score_bestthr_std":0,"_runtime":63.038940589,"agg/test.roc_auc_mean":61.26093294460642,"val.val_score":99.41884328586687,"agg/test.EO_sex_mean":12.5,"agg/val.EO_age_mean":30.000000000000004,"agg/test.f1_score_std":0,"agg/test.precision_std":0,"test.roc_auc":61.26093294460642,"agg/val.EO_sex_std":0,"val.accuracy":69.35483870967742,"agg/test.SP_sex_std":0,"agg/test.accuracy_mean":55.1948051948052,"agg/test.val_score_bestthr_mean":81.94258300125946,"fold":0,"agg/test.best_accuracy_mean":54.54545454545454,"seed":0,"agg/best_epoch_std":0,"agg/test.val_score_bestthr_std":0,"_wandb":{"runtime":63},"agg/val.roc_auc_std":0,"agg/test.accuracy_std":0,"_timestamp":1.7670604481131072e+09,"agg/val.val_score_std":0,"agg/val.val_score_mean":99.41884328586687,"agg/val.accuracy_std":0,"agg/test.SP_age_mean":32.81853281853282,"agg/test.val_score_std":0}