{"agg/val.roc_auc_std":0,"agg/test.recall_std":0,"val.val_score_bestthr":101.03262048672391,"agg/fold_id_std":0,"agg/test.best_f1_mean":54.63414634146342,"agg/best_epoch_std":0,"test.accuracy":59.74025974025974,"agg/val.EO_age_mean":50,"agg/test.f1_score_mean":51.562499999999986,"agg/val.val_score_bestthr_std":0,"agg/seed_std":0,"agg/test.val_score_mean":84.48581068559008,"agg/test.SP_age_mean":29.570747217806044,"agg/test.EO_age_std":0,"agg/test.SP_age_std":0,"agg/test.EO_sex_mean":18.75,"agg/val.roc_auc_mean":70.23411371237458,"val.accuracy":70.96774193548387,"_timestamp":1.7670606108985097e+09,"agg/best_epoch_mean":12,"agg/val.EO_sex_std":0,"_step":1,"agg/test.accuracy_mean":59.74025974025974,"agg/test.EO_age_mean":54.54545454545454,"agg/val.val_score_std":0,"agg/test.best_thr_f1_std":0,"agg/val.val_score_bestthr_mean":101.03262048672391,"agg/test.val_score_bestthr_std":0,"seed":0,"agg/test.SP_sex_std":0,"agg/test.val_score_std":0,"agg/test.best_accuracy_std":0,"agg/test.accuracy_std":0,"test.roc_auc":61.461370262390666,"agg/val.f1_score_std":0,"agg/seed_mean":0,"agg/val.SP_age_mean":22.22222222222222,"agg/test.roc_auc_mean":61.461370262390666,"fold":0,"_wandb":{"runtime":65},"agg/val.SP_sex_std":0,"agg/test.best_f1_std":0,"agg/val.f1_score_mean":62.500000000000014,"agg/val.val_score_mean":101.19134676202988,"agg/test.best_accuracy_mean":39.61038961038961,"agg/test.val_score_bestthr_mean":66.82047865413719,"agg/test.best_thr_f1_mean":0.20499999999999996,"agg/test.EO_sex_std":0,"agg/val.SP_sex_mean":9.829059829059828,"agg/val.SP_age_std":0,"agg/test.recall_mean":58.92857142857143,"val.roc_auc":70.23411371237458,"agg/test.roc_auc_std":0,"agg/val.accuracy_std":0,"agg/test.precision_std":0,"val.val_score":101.19134676202988,"agg/val.EO_sex_mean":20.588235294117652,"test.f1_score":51.562499999999986,"agg/test.precision_mean":45.83333333333333,"agg/fold_id_mean":0,"agg/val.accuracy_mean":70.96774193548387,"agg/test.f1_score_std":0,"agg/val.EO_age_std":0,"_runtime":65.913638829,"val.f1_score":62.500000000000014,"agg/test.SP_sex_mean":0.7037037037037008}