{"agg/test.precision_std":0,"fold":0,"agg/test.EO_sex_mean":10.416666666666663,"agg/test.SP_age_mean":20.5087440381558,"agg/val.SP_sex_std":0,"agg/test.recall_mean":58.92857142857143,"agg/val.SP_sex_mean":2.1367521367521345,"agg/val.SP_age_std":0,"val.accuracy":70.96774193548387,"agg/fold_id_mean":0,"agg/val.EO_age_mean":66.66666666666667,"test.accuracy":53.246753246753244,"agg/test.EO_age_std":0,"agg/val.EO_age_std":0,"agg/val.val_score_bestthr_mean":101.95576983895295,"agg/fold_id_std":0,"agg/val.f1_score_mean":63.99999999999999,"agg/best_epoch_mean":15,"agg/test.val_score_bestthr_mean":75.541057948705,"agg/val.accuracy_mean":70.96774193548387,"agg/seed_std":0,"agg/test.f1_score_mean":47.82608695652174,"agg/val.EO_sex_std":0,"agg/best_epoch_std":0,"val.val_score":101.95576983895295,"agg/test.best_accuracy_mean":48.701298701298704,"_runtime":42.505236345,"test.roc_auc":58.61880466472304,"agg/val.f1_score_std":0,"seed":0,"agg/test.roc_auc_mean":58.61880466472304,"agg/test.EO_age_mean":54.54545454545454,"agg/val.EO_sex_mean":3.9215686274509887,"agg/test.f1_score_std":0,"agg/test.precision_mean":40.243902439024396,"agg/test.val_score_bestthr_std":0,"agg/val.val_score_std":0,"agg/test.SP_sex_mean":7.85185185185186,"agg/test.best_f1_std":0,"agg/seed_mean":0,"agg/val.roc_auc_mean":69.7881828316611,"_timestamp":1.767072159342543e+09,"agg/test.val_score_std":0,"agg/test.val_score_mean":76.22656955399283,"agg/test.accuracy_std":0,"agg/test.best_thr_f1_std":0,"agg/val.SP_age_mean":28.47222222222222,"agg/test.roc_auc_std":0,"agg/test.SP_age_std":0,"agg/test.best_thr_f1_mean":0.4699999999999999,"_step":1,"val.f1_score":63.99999999999999,"agg/test.EO_sex_std":0,"agg/val.val_score_mean":101.95576983895295,"agg/test.accuracy_mean":53.246753246753244,"agg/val.val_score_bestthr_std":0,"_wandb":{"runtime":42},"val.roc_auc":69.7881828316611,"agg/val.roc_auc_std":0,"agg/val.accuracy_std":0,"agg/test.SP_sex_std":0,"agg/test.best_f1_mean":54.85714285714285,"agg/test.recall_std":0,"agg/test.best_accuracy_std":0,"test.f1_score":47.82608695652174}