{"agg/test.EO_sex_mean":4.166666666666669,"agg/test.EO_sex_std":0,"agg/test.accuracy_std":0,"test.roc_auc":60.69606413994168,"agg/val.val_score_bestthr_mean":104.17626546069214,"agg/test.SP_sex_std":0,"_step":1,"agg/test.SP_sex_mean":1.1851851851851865,"agg/val.val_score_std":0,"agg/val.roc_auc_std":0,"test.EO_sex":4.166666666666669,"agg/val.SP_sex_std":0,"agg/val.f1_score_mean":65.3061224489796,"test.SP_age":24.96782496782497,"agg/test.recall_mean":28.57142857142857,"test.accuracy":68.83116883116884,"val.roc_auc":68.89632107023412,"fold":0,"agg/val.f1_score_std":0,"val.f1_score":65.3061224489796,"val.EO_age":50,"agg/test.SP_age_std":0,"test.recall":28.57142857142857,"agg/val.EO_sex_std":0,"agg/test.roc_auc_mean":60.69606413994168,"test.precision":66.66666666666666,"agg/test.precision_std":0,"val.val_score":102.00431810441299,"agg/test.precision_mean":66.66666666666666,"agg/seed_std":0,"agg/test.accuracy_mean":68.83116883116884,"test.f1_score":40,"agg/test.recall_std":0,"agg/best_epoch_mean":26,"val.SP_age":16.666666666666668,"agg/test.EO_age_mean":41.17647058823529,"agg/fold_id_mean":0,"agg/test.f1_score_mean":40,"agg/val.val_score_bestthr_std":0,"val.SP_sex":12.606837606837606,"agg/test.SP_age_mean":24.96782496782497,"agg/test.EO_age_std":0,"val.accuracy":72.58064516129032,"agg/val.accuracy_mean":72.58064516129032,"agg/seed_mean":0,"agg/test.roc_auc_std":0,"_wandb":{"runtime":82},"agg/val.EO_age_std":0,"_runtime":82.722852363,"agg/val.EO_sex_mean":26.470588235294112,"agg/val.SP_sex_mean":12.606837606837606,"seed":0,"agg/test.f1_score_std":0,"agg/val.val_score_mean":102.00431810441299,"val.val_score_bestthr":104.17626546069214,"agg/val.roc_auc_mean":68.89632107023412,"agg/val.accuracy_std":0,"agg/val.SP_age_mean":16.666666666666668,"agg/val.SP_age_std":0,"agg/best_epoch_std":0,"val.EO_sex":26.470588235294112,"test.SP_sex":1.1851851851851865,"test.EO_age":41.17647058823529,"agg/val.EO_age_mean":50,"agg/fold_id_std":0,"_timestamp":1.7672347360050504e+09}