{"val.f1_score":66.66666666666666,"agg/test.best_accuracy_mean":38.311688311688314,"agg/fold_id_std":0,"_wandb":{"runtime":94},"test.f1_score":47.86324786324786,"_step":1,"agg/test.SP_age_mean":30.24453024453025,"agg/test.SP_sex_mean":4.592592592592593,"_timestamp":1.7670798399304771e+09,"val.val_score":105.03332238602637,"agg/test.EO_sex_std":0,"agg/test.val_score_mean":83.3068648753943,"agg/val.roc_auc_mean":71.23745819397993,"agg/test.EO_age_mean":37.43315508021391,"val.roc_auc":71.23745819397993,"agg/val.EO_age_std":0,"agg/test.accuracy_std":0,"agg/test.val_score_std":0,"agg/test.val_score_bestthr_mean":65.31572787920614,"agg/test.best_f1_std":0,"agg/test.SP_sex_std":0,"agg/seed_mean":0,"agg/test.best_f1_mean":54.106280193236714,"test.accuracy":60.3896103896104,"agg/val.SP_age_std":0,"agg/best_epoch_mean":12,"agg/val.SP_sex_mean":1.7094017094017144,"agg/test.best_thr_f1_std":0,"agg/val.accuracy_std":0,"agg/test.precision_std":0,"val.accuracy":72.58064516129032,"agg/test.accuracy_mean":60.3896103896104,"agg/val.EO_sex_mean":12.745098039215685,"fold":0,"test.roc_auc":59.6938775510204,"agg/test.roc_auc_std":0,"agg/val.val_score_bestthr_mean":105.03332238602637,"agg/fold_id_mean":0,"agg/val.val_score_mean":105.03332238602637,"agg/val.EO_age_mean":38.888888888888886,"agg/val.roc_auc_std":0,"agg/test.best_accuracy_std":0,"agg/test.f1_score_std":0,"agg/test.recall_std":0,"agg/test.roc_auc_mean":59.6938775510204,"agg/test.val_score_bestthr_std":0,"agg/best_epoch_std":0,"agg/val.val_score_std":0,"agg/val.SP_sex_std":0,"agg/val.val_score_bestthr_std":0,"agg/val.SP_age_mean":34.72222222222222,"agg/val.EO_sex_std":0,"_runtime":94.98824684,"agg/seed_std":0,"agg/test.precision_mean":45.90163934426229,"seed":0,"agg/test.recall_mean":50,"agg/test.f1_score_mean":47.86324786324786,"agg/val.accuracy_mean":72.58064516129032,"agg/test.EO_sex_mean":29.166666666666668,"agg/val.f1_score_std":0,"agg/test.SP_age_std":0,"agg/test.best_thr_f1_mean":0.18,"agg/val.f1_score_mean":66.66666666666666,"agg/test.EO_age_std":0}