{"_step":1,"test.recall":32.142857142857146,"agg/test.f1_score_mean":41.37931034482759,"agg/val.EO_age_mean":44.44444444444445,"agg/test.recall_mean":32.142857142857146,"agg/val.roc_auc_mean":71.68338907469342,"test.accuracy":66.88311688311688,"test.SP_age":35.77863577863578,"agg/val.val_score_std":0,"agg/val.roc_auc_std":0,"agg/test.EO_sex_mean":6.25,"agg/val.SP_sex_mean":0.21367521367521292,"val.f1_score":61.904761904761905,"agg/seed_std":0,"val.EO_age":44.44444444444445,"agg/val.val_score_bestthr_std":0,"agg/test.precision_mean":58.06451612903226,"agg/best_epoch_mean":23,"agg/test.roc_auc_mean":57.01530612244897,"agg/fold_id_std":0,"agg/val.EO_sex_std":0,"_wandb":{"runtime":95},"agg/test.EO_age_std":0,"test.EO_age":47.05882352941176,"agg/test.accuracy_mean":66.88311688311688,"test.f1_score":41.37931034482759,"agg/test.precision_std":0,"val.accuracy":74.19354838709677,"agg/val.val_score_mean":96.74273201248633,"agg/test.recall_std":0,"agg/test.f1_score_std":0,"val.val_score_bestthr":104.06576971152397,"agg/test.SP_age_mean":35.77863577863578,"val.EO_sex":36.274509803921575,"agg/test.SP_sex_mean":2.481481481481482,"test.SP_sex":2.481481481481482,"agg/best_epoch_std":0,"test.EO_sex":6.25,"test.roc_auc":57.01530612244897,"seed":0,"val.SP_age":27.083333333333336,"agg/val.accuracy_mean":74.19354838709677,"agg/val.SP_age_std":0,"agg/val.f1_score_std":0,"agg/val.val_score_bestthr_mean":104.06576971152397,"agg/test.SP_age_std":0,"agg/test.SP_sex_std":0,"agg/test.EO_age_mean":47.05882352941176,"_timestamp":1.7672353135172226e+09,"test.precision":58.06451612903226,"agg/val.SP_sex_std":0,"agg/val.SP_age_mean":27.083333333333336,"agg/val.EO_age_std":0,"_runtime":95.360692675,"agg/seed_mean":0,"agg/test.EO_sex_std":0,"val.SP_sex":0.21367521367521292,"val.val_score":96.74273201248633,"agg/test.accuracy_std":0,"fold":0,"agg/test.roc_auc_std":0,"agg/val.f1_score_mean":61.904761904761905,"val.roc_auc":71.68338907469342,"agg/val.accuracy_std":0,"agg/fold_id_mean":0,"agg/val.EO_sex_mean":36.274509803921575}