{"agg/val.val_score_bestthr_std":0,"agg/test.SP_sex_std":0,"agg/test.f1_score_std":0,"test.roc_auc":63.24708454810496,"agg/test.accuracy_mean":60.3896103896104,"agg/test.precision_std":0,"agg/test.recall_std":0,"agg/fold_id_mean":0,"agg/val.val_score_std":0,"agg/test.best_accuracy_std":0,"_wandb":{"runtime":69},"seed":0,"agg/val.EO_age_mean":50,"agg/test.best_thr_f1_std":0,"agg/test.best_f1_std":0,"val.val_score":102.75965998475486,"fold":0,"agg/val.f1_score_std":0,"agg/test.precision_mean":46.666666666666664,"agg/test.best_accuracy_mean":65.5844155844156,"agg/test.EO_age_std":0,"agg/val.SP_age_mean":29.166666666666668,"agg/val.f1_score_mean":65.38461538461539,"test.f1_score":53.43511450381679,"agg/test.val_score_bestthr_std":0,"agg/test.best_f1_mean":56.19834710743802,"_timestamp":1.767073109298701e+09,"agg/test.val_score_mean":86.02080413133176,"agg/val.EO_sex_mean":9.80392156862745,"agg/test.roc_auc_std":0,"_step":1,"test.accuracy":60.3896103896104,"agg/test.recall_mean":62.5,"val.f1_score":65.38461538461539,"agg/val.EO_age_std":0,"agg/test.accuracy_std":0,"agg/test.val_score_bestthr_mean":92.65758676639695,"agg/val.roc_auc_mean":67.3355629877369,"agg/test.EO_sex_std":0,"agg/val.val_score_bestthr_mean":102.75965998475486,"agg/best_epoch_mean":24,"agg/test.EO_age_mean":51.87165775401069,"agg/test.val_score_std":0,"agg/test.SP_age_mean":21.04247104247104,"agg/val.roc_auc_std":0,"agg/val.accuracy_std":0,"val.roc_auc":67.3355629877369,"_runtime":69.911841003,"agg/seed_mean":0,"agg/val.EO_sex_std":0,"agg/test.roc_auc_mean":63.24708454810496,"agg/best_epoch_std":0,"agg/test.SP_sex_mean":6.555555555555559,"agg/val.accuracy_mean":70.96774193548387,"agg/test.f1_score_mean":53.43511450381679,"agg/seed_std":0,"agg/test.EO_sex_mean":29.166666666666664,"agg/val.SP_sex_mean":1.0683760683760646,"agg/test.SP_age_std":0,"val.accuracy":70.96774193548387,"agg/val.val_score_mean":102.75965998475486,"agg/test.best_thr_f1_mean":0.5599999999999999,"agg/val.SP_sex_std":0,"agg/fold_id_std":0,"agg/val.SP_age_std":0}