{"agg/val.SP_age_mean":33.333333333333336,"val.SP_sex":8.11965811965812,"agg/val.accuracy_mean":75.80645161290323,"agg/test.recall_mean":28.57142857142857,"val.val_score_bestthr":107.9246014369354,"agg/test.accuracy_std":0,"agg/test.f1_score_mean":38.095238095238095,"agg/test.EO_age_std":0,"test.recall":28.57142857142857,"agg/test.roc_auc_std":0,"agg/test.EO_sex_mean":4.166666666666669,"agg/seed_mean":0,"test.accuracy":66.23376623376623,"val.f1_score":66.66666666666666,"test.EO_sex":4.166666666666669,"agg/seed_std":0,"test.roc_auc":58.09037900874636,"agg/val.val_score_bestthr_std":0,"agg/test.SP_sex_std":0,"agg/test.SP_age_mean":30.373230373230374,"agg/fold_id_std":0,"_wandb":{"runtime":37},"agg/test.f1_score_std":0,"agg/val.f1_score_mean":66.66666666666666,"test.SP_sex":2.3333333333333344,"agg/val.SP_sex_mean":8.11965811965812,"_runtime":37.297362496,"val.accuracy":75.80645161290323,"agg/val.roc_auc_mean":73.35562987736901,"test.SP_age":30.373230373230374,"agg/val.val_score_mean":97.77095963281921,"test.EO_age":47.05882352941176,"agg/test.recall_std":0,"agg/test.EO_age_mean":47.05882352941176,"val.val_score":97.77095963281921,"test.precision":57.14285714285714,"agg/test.EO_sex_std":0,"agg/val.val_score_bestthr_mean":107.9246014369354,"_timestamp":1.767236723799655e+09,"agg/test.precision_std":0,"agg/val.val_score_std":0,"agg/best_epoch_std":0,"agg/val.EO_age_std":0,"agg/best_epoch_mean":31,"agg/val.SP_age_std":0,"agg/val.EO_age_mean":55.55555555555556,"agg/val.accuracy_std":0,"agg/test.precision_mean":57.14285714285714,"agg/test.SP_age_std":0,"seed":0,"agg/test.roc_auc_mean":58.09037900874636,"_step":1,"agg/val.f1_score_std":0,"agg/val.SP_sex_std":0,"test.f1_score":38.095238095238095,"agg/test.accuracy_mean":66.23376623376623,"agg/val.EO_sex_std":0,"val.EO_sex":24.50980392156863,"agg/val.roc_auc_std":0,"agg/test.SP_sex_mean":2.3333333333333344,"val.SP_age":33.333333333333336,"val.roc_auc":73.35562987736901,"val.EO_age":55.55555555555556,"agg/val.EO_sex_mean":24.50980392156863,"fold":0,"agg/fold_id_mean":0}