{"val.accuracy":59.67741935483871,"val.roc_auc":65.21739130434783,"agg/val.val_score_bestthr_std":9.157445118912646,"agg/seed_std":1.4142135623730951,"agg/fold_id_mean":2,"_timestamp":1.767057125226014e+09,"agg/val.SP_sex_mean":11.809856237737858,"agg/val.SP_age_mean":33.947245564892626,"agg/val.val_score_bestthr_mean":77.69674029588921,"agg/val.roc_auc_std":6.713592708509361,"_wandb":{"runtime":357},"agg/test.EO_age_mean":36.594412123823886,"fold":4,"agg/test.EO_age_std":19.84711505923981,"agg/test.val_score_bestthr_mean":72.44721745568435,"_step":5,"seed":4,"agg/test.val_score_mean":83.54681161799849,"agg/test.precision_mean":47.94057245539725,"_runtime":357.073206925,"agg/test.recall_mean":42.3051948051948,"agg/test.recall_std":3.7996724255396868,"agg/val.val_score_mean":87.63891018715852,"agg/test.val_score_std":3.2262923227597535,"agg/best_epoch_mean":34.4,"val.f1_score":57.62711864406781,"agg/val.EO_sex_std":11.351064838566222,"agg/test.SP_sex_std":2.5817705926858694,"test.roc_auc":59.814471243042675,"agg/test.val_score_bestthr_std":5.102154685767065,"agg/val.val_score_std":6.854405966699194,"agg/test.f1_score_std":2.5735156292720873,"agg/val.EO_sex_mean":22.559118384195784,"agg/test.best_f1_std":0.31773729372850495,"agg/test.accuracy_std":2.6374947209283586,"agg/test.SP_age_mean":30.386351343179648,"agg/test.SP_sex_mean":4.034970510435853,"agg/test.accuracy_mean":62.054154995331466,"agg/test.roc_auc_mean":60.21670387260542,"agg/test.EO_sex_mean":17.395158464723682,"agg/test.f1_score_mean":44.75353109417728,"agg/val.roc_auc_mean":61.181716833890746,"agg/val.accuracy_mean":64.51612903225806,"agg/test.best_thr_f1_mean":0.3989999999999999,"agg/val.EO_age_std":5.648117789839481,"agg/best_epoch_std":19.272778730634563,"agg/test.precision_std":3.8602317123598024,"agg/test.best_accuracy_mean":45.37305831423478,"agg/test.EO_sex_std":14.59767635026493,"agg/test.roc_auc_std":1.5332510525542922,"test.accuracy":57.51633986928104,"agg/fold_id_std":1.4142135623730951,"agg/test.best_f1_mean":54.92097545917579,"test.f1_score":43.47826086956522,"agg/test.best_accuracy_std":5.04996890742346,"agg/seed_mean":2,"agg/test.best_thr_f1_std":0.07095068710026703,"agg/val.SP_age_std":7.470768833076643,"agg/val.f1_score_std":6.833939879404854,"agg/val.EO_age_mean":59.88888888888889,"agg/val.accuracy_std":5.3005408790822495,"agg/val.f1_score_mean":48.80966449131519,"agg/val.SP_sex_std":9.177011763987466,"agg/test.SP_age_std":9.012934535303309}