{"agg/val.val_score_std":0,"val.SP_sex":5.34188034188034,"agg/test.EO_age_mean":47.05882352941176,"agg/val.SP_sex_std":0,"_runtime":69.112073859,"agg/val.SP_age_mean":27.083333333333336,"agg/test.accuracy_mean":67.53246753246754,"val.val_score_bestthr":99.58502277555883,"agg/test.roc_auc_std":0,"test.SP_age":31.717011128775834,"test.EO_age":47.05882352941176,"agg/test.SP_age_mean":31.717011128775834,"agg/fold_id_std":0,"agg/val.roc_auc_mean":71.3489409141583,"test.EO_sex":6.25,"agg/val.roc_auc_std":0,"agg/test.EO_sex_mean":6.25,"val.roc_auc":71.3489409141583,"val.val_score":99.58502277555883,"test.precision":60,"agg/test.SP_sex_std":0,"agg/test.precision_std":0,"agg/fold_id_mean":0,"agg/seed_std":0,"agg/test.roc_auc_mean":62.90087463556851,"agg/test.recall_mean":32.142857142857146,"val.accuracy":70.96774193548387,"agg/val.EO_sex_std":0,"val.f1_score":59.09090909090909,"agg/test.SP_age_std":0,"agg/val.SP_sex_mean":5.34188034188034,"test.accuracy":67.53246753246754,"_timestamp":1.7672431501499171e+09,"agg/best_epoch_mean":14,"agg/test.precision_mean":60,"agg/test.recall_std":0,"seed":0,"_step":1,"agg/val.EO_age_mean":46.66666666666667,"agg/val.accuracy_mean":70.96774193548387,"val.EO_sex":13.725490196078427,"agg/val.EO_age_std":0,"_wandb":{"runtime":69},"agg/test.accuracy_std":0,"test.SP_sex":4.333333333333334,"agg/test.SP_sex_mean":4.333333333333334,"agg/val.f1_score_mean":59.09090909090909,"agg/val.SP_age_std":0,"agg/test.f1_score_mean":41.860465116279066,"agg/test.f1_score_std":0,"agg/seed_mean":0,"val.SP_age":27.083333333333336,"agg/val.EO_sex_mean":13.725490196078427,"test.f1_score":41.860465116279066,"fold":0,"agg/best_epoch_std":0,"agg/val.val_score_bestthr_mean":99.58502277555883,"agg/val.val_score_mean":99.58502277555883,"agg/test.EO_age_std":0,"agg/val.val_score_bestthr_std":0,"agg/test.EO_sex_std":0,"agg/val.f1_score_std":0,"test.roc_auc":62.90087463556851,"test.recall":32.142857142857146,"agg/val.accuracy_std":0,"val.EO_age":46.66666666666667}