{"agg/val.accuracy_mean":74.19354838709677,"val.val_score":106.93845788935921,"agg/val.val_score_mean":106.93845788935921,"agg/test.roc_auc_std":0,"agg/test.best_f1_std":0,"val.accuracy":74.19354838709677,"val.f1_score":68,"agg/test.EO_age_mean":43.31550802139038,"agg/test.best_accuracy_mean":50,"agg/val.EO_age_mean":66.66666666666667,"_wandb":{"runtime":55},"test.accuracy":59.09090909090909,"agg/test.best_f1_mean":54.970760233918135,"agg/best_epoch_std":0,"agg/test.val_score_bestthr_std":0,"agg/test.SP_sex_std":0,"agg/best_epoch_mean":13,"agg/fold_id_std":0,"agg/test.SP_age_mean":25.804375804375802,"agg/test.best_accuracy_std":0,"agg/seed_std":0,"agg/test.EO_sex_std":0,"agg/val.roc_auc_std":0,"agg/val.accuracy_std":0,"agg/val.EO_sex_std":0,"agg/val.SP_sex_std":0,"_runtime":55.134602194,"agg/val.val_score_bestthr_mean":106.93845788935921,"agg/test.EO_sex_mean":25,"agg/test.f1_score_mean":48.78048780487805,"agg/val.val_score_std":0,"agg/val.roc_auc_mean":71.57190635451505,"agg/test.val_score_mean":82.52588008101638,"agg/test.best_thr_f1_std":0,"agg/test.precision_mean":44.776119402985074,"val.roc_auc":71.57190635451505,"agg/val.EO_sex_mean":9.80392156862745,"test.f1_score":48.78048780487805,"_timestamp":1.7670711220348902e+09,"agg/test.precision_std":0,"agg/test.SP_age_std":0,"test.roc_auc":61.53425655976677,"agg/val.SP_sex_mean":8.760683760683758,"agg/test.accuracy_std":0,"agg/val.f1_score_mean":68,"agg/seed_mean":0,"agg/test.EO_age_std":0,"agg/val.EO_age_std":0,"seed":0,"agg/test.recall_std":0,"agg/val.f1_score_std":0,"agg/test.f1_score_std":0,"agg/test.roc_auc_mean":61.53425655976677,"agg/val.SP_age_mean":40.27777777777778,"agg/test.accuracy_mean":59.09090909090909,"agg/test.recall_mean":53.57142857142857,"agg/val.SP_age_std":0,"agg/test.val_score_bestthr_mean":76.76601188509083,"agg/test.SP_sex_mean":1.4074074074074072,"agg/fold_id_mean":0,"fold":0,"agg/test.best_thr_f1_mean":0.31999999999999995,"agg/val.val_score_bestthr_std":0,"_step":1,"agg/test.val_score_std":0}