{"agg/test.accuracy_mean":66.23376623376623,"test.EO_age":52.94117647058824,"agg/val.SP_sex_std":0,"agg/test.accuracy_std":0,"agg/val.accuracy_std":0,"agg/best_epoch_mean":48,"agg/val.SP_age_std":0,"test.EO_sex":18.75,"test.accuracy":66.23376623376623,"agg/val.EO_sex_std":0,"test.SP_sex":2.6296296296296315,"_timestamp":1.767237488414113e+09,"agg/test.f1_score_std":0,"agg/test.EO_age_mean":52.94117647058824,"agg/val.val_score_mean":91.28921887199876,"val.roc_auc":71.23745819397993,"val.EO_sex":7.843137254901955,"agg/val.EO_sex_mean":7.843137254901955,"agg/val.EO_age_std":0,"agg/test.SP_age_std":0,"_step":1,"test.recall":33.92857142857143,"agg/test.precision_std":0,"agg/val.val_score_bestthr_mean":103.15392319045071,"test.f1_score":42.22222222222223,"agg/seed_mean":0,"agg/test.EO_sex_std":0,"agg/val.SP_sex_mean":1.495726495726496,"val.val_score":91.28921887199876,"agg/val.val_score_bestthr_std":0,"agg/val.accuracy_mean":72.58064516129032,"val.f1_score":62.222222222222236,"agg/test.recall_std":0,"test.SP_age":42.76629570747218,"agg/val.roc_auc_std":0,"agg/test.roc_auc_mean":63.19241982507289,"agg/test.SP_age_mean":42.76629570747218,"val.SP_sex":1.495726495726496,"agg/fold_id_std":0,"agg/fold_id_mean":0,"agg/test.EO_sex_mean":18.75,"agg/test.EO_age_std":0,"agg/test.SP_sex_std":0,"val.EO_age":16.666666666666664,"agg/val.EO_age_mean":16.666666666666664,"agg/test.recall_mean":33.92857142857143,"agg/seed_std":0,"agg/test.roc_auc_std":0,"agg/val.f1_score_mean":62.222222222222236,"test.roc_auc":63.19241982507289,"seed":0,"val.accuracy":72.58064516129032,"val.SP_age":27.77777777777778,"agg/best_epoch_std":0,"_runtime":37.757119305,"agg/val.roc_auc_mean":71.23745819397993,"val.val_score_bestthr":103.15392319045071,"_wandb":{"runtime":37},"fold":0,"agg/test.f1_score_mean":42.22222222222223,"agg/val.f1_score_std":0,"agg/val.val_score_std":0,"agg/val.SP_age_mean":27.77777777777778,"test.precision":55.88235294117647,"agg/test.precision_mean":55.88235294117647,"agg/test.SP_sex_mean":2.6296296296296315}