{"agg/test.EO_sex_mean":20.833333333333336,"agg/test.best_f1_std":0,"agg/test.accuracy_std":0,"agg/test.val_score_bestthr_std":0,"val.f1_score":65.45454545454547,"agg/val.SP_sex_mean":2.777777777777779,"agg/test.best_accuracy_mean":38.961038961038966,"agg/test.best_accuracy_std":0,"agg/test.SP_sex_mean":6.740740740740748,"fold":0,"agg/test.EO_sex_std":0,"agg/test.SP_age_std":0,"agg/val.EO_age_std":0,"agg/test.val_score_bestthr_mean":65.74518228503523,"agg/test.precision_mean":39.795918367346935,"_runtime":85.373348456,"agg/fold_id_mean":0,"agg/val.EO_age_mean":50,"seed":0,"agg/val.roc_auc_std":0,"agg/val.EO_sex_std":0,"agg/test.best_thr_f1_mean":0.22999999999999998,"agg/test.f1_score_mean":50.64935064935065,"agg/test.f1_score_std":0,"agg/test.best_f1_mean":53.92156862745098,"agg/test.SP_age_mean":15.830115830115831,"agg/test.recall_std":0,"agg/val.f1_score_mean":65.45454545454547,"_step":1,"agg/best_epoch_mean":15,"agg/test.recall_mean":69.64285714285714,"agg/test.roc_auc_std":0,"test.accuracy":50.649350649350644,"agg/test.accuracy_mean":50.649350649350644,"agg/val.val_score_mean":101.04330424740768,"agg/test.roc_auc_mean":60.49562682215743,"test.f1_score":50.64935064935065,"agg/val.accuracy_mean":69.35483870967742,"agg/val.accuracy_std":0,"agg/test.best_thr_f1_std":0,"agg/test.precision_std":0,"agg/test.EO_age_mean":21.92513368983957,"agg/val.EO_sex_mean":15.686274509803921,"agg/val.roc_auc_mean":70.68004459308807,"agg/best_epoch_std":0,"agg/seed_std":0,"agg/val.val_score_bestthr_mean":101.04330424740768,"agg/test.SP_sex_std":0,"_wandb":{"runtime":85},"agg/val.SP_age_std":0,"test.roc_auc":60.49562682215743,"agg/seed_mean":0,"agg/test.val_score_std":0,"_timestamp":1.7670753189914227e+09,"agg/test.EO_age_std":0,"agg/val.SP_sex_std":0,"agg/val.val_score_std":0,"val.val_score":101.04330424740768,"agg/val.f1_score_std":0,"agg/fold_id_std":0,"val.roc_auc":70.68004459308807,"val.accuracy":69.35483870967742,"agg/val.SP_age_mean":35.41666666666667,"agg/val.val_score_bestthr_std":0,"agg/test.val_score_mean":75.32073273808568}