{"agg/test.SP_sex_std":0,"fold":0,"agg/val.f1_score_std":0,"agg/val.SP_sex_mean":5.34188034188034,"agg/test.EO_sex_mean":20.833333333333332,"agg/val.accuracy_mean":70.96774193548387,"agg/test.EO_age_mean":40.64171122994652,"agg/val.EO_age_mean":33.33333333333333,"agg/test.val_score_std":0,"agg/test.precision_mean":47.16981132075472,"_wandb":{"runtime":60},"agg/test.best_thr_f1_std":0,"agg/test.f1_score_mean":45.87155963302752,"agg/test.roc_auc_mean":59.365889212827994,"agg/test.SP_sex_mean":1.1851851851851836,"_runtime":60.061989729,"val.roc_auc":71.7948717948718,"agg/best_epoch_mean":51,"agg/val.roc_auc_mean":71.7948717948718,"agg/val.accuracy_std":0,"agg/fold_id_mean":0,"agg/val.EO_sex_std":0,"agg/test.val_score_bestthr_std":0,"agg/test.val_score_mean":83.62361533346693,"test.f1_score":45.87155963302752,"agg/seed_std":0,"agg/test.recall_mean":44.642857142857146,"agg/fold_id_std":0,"agg/val.SP_age_std":0,"test.roc_auc":59.365889212827994,"val.f1_score":59.09090909090909,"agg/test.val_score_bestthr_mean":78.569419263727,"agg/val.SP_age_mean":27.083333333333336,"agg/test.accuracy_std":0,"agg/test.best_accuracy_mean":51.94805194805194,"agg/val.val_score_bestthr_std":0,"agg/val.val_score_bestthr_mean":106.5490976580872,"val.val_score":99.71835610889217,"agg/test.roc_auc_std":0,"test.accuracy":61.68831168831169,"agg/test.best_accuracy_std":0,"agg/val.EO_sex_mean":13.725490196078427,"agg/test.best_f1_mean":54.87804878048781,"val.accuracy":70.96774193548387,"agg/test.f1_score_std":0,"agg/test.EO_age_std":0,"agg/test.accuracy_mean":61.68831168831169,"agg/seed_mean":0,"_step":1,"agg/val.EO_age_std":0,"agg/test.SP_age_mean":37.38738738738739,"agg/test.best_thr_f1_mean":0.37999999999999995,"_timestamp":1.7670653850303333e+09,"agg/test.recall_std":0,"agg/val.SP_sex_std":0,"agg/test.SP_age_std":0,"agg/test.precision_std":0,"seed":0,"agg/val.val_score_mean":99.71835610889217,"agg/val.roc_auc_std":0,"agg/test.best_f1_std":0,"agg/val.f1_score_mean":59.09090909090909,"agg/best_epoch_std":0,"agg/test.EO_sex_std":0,"agg/val.val_score_std":0}