{"agg/val.val_score_bestthr_mean":84.6387454046668,"agg/test.accuracy_mean":49.915117562176384,"val/f1":59.70149253731344,"test/precision":36.734693877551024,"val/acc":56.451612903225815,"agg/test.EO_age_std":14.309241003613273,"test/SP_age":11.111111111111116,"agg/test.f1_score_mean":55.75962252036144,"val/EO_sex":8.888888888888879,"agg/fold_id_std":1.4142135623730951,"agg/val.SP_sex_std":11.690928123862458,"test/recall":98.18181818181819,"agg/val.f1_score_std":3.422555488351469,"_runtime":394.009173489,"agg/test.precision_mean":41.973952848557914,"agg/test.EO_age_mean":18.68115544586133,"val/val_score_bestthr":85.55324413623138,"agg/fold_id_mean":2,"_timestamp":1.7673218543006833e+09,"agg/val.val_score_bestthr_std":11.34996960293096,"agg/val.accuracy_std":10.067410667307895,"agg/test.EO_sex_std":9.453555162763875,"agg/best_epoch_std":13.184839779079606,"agg/val.EO_age_mean":26.190476190476193,"agg/val.EO_sex_std":3.445781404277455,"agg/test.SP_sex_std":5.835527808299623,"agg/val.f1_score_mean":60.3683832193866,"agg/val.SP_sex_mean":17.100369061270246,"agg/test.f1_score_std":1.7677709959435786,"agg/val.accuracy_mean":55.16129032258065,"val/val_score":81.01598846195405,"val/EO_age":33.333333333333336,"agg/test.SP_age_mean":14.392445873046622,"agg/test.accuracy_std":9.452153220522952,"agg/val.val_score_std":7.865212955084259,"agg/test.EO_sex_mean":9.995238095238095,"fold":4,"agg/test.roc_auc_mean":60.36529013801263,"agg/val.SP_age_std":9.58488002458916,"agg/test.recall_std":11.477378808819262,"seed":4,"agg/seed_std":1.4142135623730951,"test/EO_sex":2.3809523809523836,"agg/seed_mean":2,"_wandb":{"runtime":394},"agg/test.recall_mean":86.06493506493506,"agg/val.EO_sex_mean":5.96766425868593,"val/auc":61.09253065774804,"agg/val.roc_auc_std":7.171935620142374,"agg/val.EO_age_std":22.83729296815581,"test/SP_sex":2.1381578947368474,"agg/test.precision_std":4.208379981294571,"agg/test.roc_auc_std":3.292585291361206,"_step":5,"test/EO_age":8.333333333333337,"agg/val.roc_auc_mean":61.137123745819395,"test/auc":58.645640074211514,"test/acc":38.56209150326798,"agg/test.SP_age_std":7.248399051533943,"val/SP_age":21.42857142857143,"agg/val.SP_age_mean":21.415143250282572,"val/SP_sex":11.260709914320689,"agg/val.val_score_mean":86.02584751307816,"agg/best_epoch_mean":48.4,"test/f1":53.46534653465347,"agg/test.SP_sex_mean":6.847816783313829}