{"agg/val.accuracy_std":0,"agg/test.SP_age_std":0,"agg/val.accuracy_mean":75.80645161290323,"agg/test.f1_score_mean":46.601941747572816,"agg/test.recall_std":0,"agg/test.best_thr_f1_mean":0.41999999999999993,"agg/fold_id_std":0,"agg/test.best_accuracy_mean":50,"agg/val.EO_sex_mean":7.843137254901955,"agg/best_epoch_mean":30,"fold":0,"agg/val.EO_age_mean":16.666666666666664,"agg/val.f1_score_std":0,"agg/test.f1_score_std":0,"val.val_score":107.81233498891314,"agg/test.EO_sex_mean":8.333333333333332,"_wandb":{"runtime":90},"agg/test.precision_std":0,"agg/best_epoch_std":0,"agg/seed_std":0,"val.roc_auc":72.35228539576366,"agg/test.EO_sex_std":0,"_step":1,"agg/val.val_score_bestthr_mean":105.85308617099516,"agg/test.SP_age_mean":45.173745173745175,"agg/val.roc_auc_std":0,"agg/test.recall_mean":42.857142857142854,"agg/val.SP_sex_mean":9.18803418803419,"_runtime":90.801884121,"agg/test.accuracy_std":0,"agg/test.best_thr_f1_std":0,"_timestamp":1.7670654845780756e+09,"agg/test.SP_sex_std":0,"agg/val.roc_auc_mean":72.35228539576366,"agg/test.roc_auc_mean":61.18804664723032,"agg/test.val_score_bestthr_std":0,"val.f1_score":65.11627906976743,"agg/val.EO_sex_std":0,"agg/test.roc_auc_std":0,"test.f1_score":46.601941747572816,"agg/val.f1_score_mean":65.11627906976743,"agg/val.SP_age_std":0,"agg/seed_mean":0,"agg/fold_id_mean":0,"agg/test.precision_mean":51.06382978723404,"agg/test.best_accuracy_std":0,"agg/test.accuracy_mean":64.28571428571429,"agg/test.val_score_mean":86.274991280748,"agg/test.best_f1_mean":54.437869822485204,"test.roc_auc":61.18804664723032,"agg/test.val_score_bestthr_mean":76.24162454893224,"agg/val.val_score_std":0,"agg/test.best_f1_std":0,"agg/test.EO_age_mean":70.58823529411765,"test.accuracy":64.28571428571429,"val.accuracy":75.80645161290323,"agg/test.EO_age_std":0,"agg/val.SP_age_mean":21.52777777777778,"seed":0,"agg/val.val_score_mean":107.81233498891314,"agg/val.SP_sex_std":0,"agg/val.val_score_bestthr_std":0,"agg/val.EO_age_std":0,"agg/test.SP_sex_mean":7.074074074074077,"agg/test.val_score_std":0}