{"agg/val.val_score_bestthr_std":0,"agg/test.accuracy_std":0,"test.f1_score":35,"test.recall":25,"agg/test.precision_mean":58.333333333333336,"agg/test.EO_age_std":0,"agg/val.roc_auc_mean":68.45039018952062,"seed":0,"agg/val.SP_sex_std":0,"agg/val.EO_age_std":0,"_step":1,"val.val_score":106.37542370132502,"test.EO_age":41.17647058823529,"agg/test.roc_auc_std":0,"agg/test.f1_score_mean":35,"agg/val.roc_auc_std":0,"agg/test.recall_std":0,"agg/val.val_score_mean":106.37542370132502,"val.roc_auc":68.45039018952062,"val.f1_score":66.66666666666666,"agg/test.f1_score_std":0,"agg/val.f1_score_mean":66.66666666666666,"_timestamp":1.7672325548411794e+09,"agg/val.val_score_bestthr_mean":106.37542370132502,"agg/val.SP_age_mean":22.22222222222222,"val.EO_sex":26.470588235294112,"agg/test.SP_age_mean":14.47876447876448,"agg/test.EO_sex_mean":0,"test.SP_age":14.47876447876448,"agg/val.EO_sex_mean":26.470588235294112,"agg/test.roc_auc_mean":61.3338192419825,"agg/val.f1_score_std":0,"agg/val.val_score_std":0,"fold":0,"agg/val.EO_sex_std":0,"agg/test.recall_mean":25,"agg/test.EO_age_mean":41.17647058823529,"agg/test.EO_sex_std":0,"agg/test.accuracy_mean":66.23376623376623,"test.roc_auc":61.3338192419825,"agg/val.accuracy_mean":74.19354838709677,"agg/best_epoch_std":0,"test.precision":58.333333333333336,"_runtime":37.933796375,"val.SP_age":22.22222222222222,"agg/test.SP_sex_std":0,"agg/fold_id_mean":0,"test.accuracy":66.23376623376623,"_wandb":{"runtime":37},"val.SP_sex":16.45299145299145,"agg/val.EO_age_mean":50,"agg/test.SP_age_std":0,"val.accuracy":74.19354838709677,"agg/seed_std":0,"agg/val.accuracy_std":0,"val.EO_age":50,"agg/fold_id_std":0,"val.val_score_bestthr":106.37542370132502,"agg/best_epoch_mean":32,"agg/val.SP_sex_mean":16.45299145299145,"test.EO_sex":0,"agg/test.precision_std":0,"agg/val.SP_age_std":0,"agg/seed_mean":0,"test.SP_sex":4.037037037037039,"agg/test.SP_sex_mean":4.037037037037039}