{"agg/seed_mean":0,"agg/val.SP_age_mean":34.02777777777778,"agg/val.roc_auc_std":0,"agg/val.accuracy_std":0,"agg/test.EO_sex_mean":22.916666666666664,"agg/best_epoch_std":0,"agg/test.accuracy_mean":63.63636363636363,"agg/test.val_score_mean":88.8631433880761,"_step":1,"test.accuracy":63.63636363636363,"_runtime":100.50384814,"agg/test.f1_score_std":0,"agg/val.EO_age_std":0,"agg/test.SP_age_mean":27.54182754182754,"agg/test.f1_score_mean":52.54237288135594,"agg/val.val_score_mean":106.32360746200878,"agg/test.SP_age_std":0,"agg/val.roc_auc_mean":71.23745819397993,"agg/val.EO_age_mean":50,"_timestamp":1.7670738476355557e+09,"agg/val.val_score_std":0,"agg/test.EO_sex_std":0,"agg/test.EO_age_std":0,"agg/test.precision_std":0,"agg/test.recall_mean":55.35714285714286,"agg/val.f1_score_std":0,"agg/fold_id_mean":0,"agg/best_epoch_mean":19,"_wandb":{"runtime":100},"seed":0,"agg/test.best_f1_mean":55.94405594405594,"agg/test.accuracy_std":0,"agg/val.val_score_bestthr_mean":106.32360746200878,"agg/test.EO_age_mean":43.31550802139038,"agg/seed_std":0,"agg/val.accuracy_mean":74.19354838709677,"val.roc_auc":71.23745819397993,"agg/val.EO_sex_mean":26.470588235294112,"agg/val.SP_sex_std":0,"agg/test.SP_sex_std":0,"agg/test.best_thr_f1_mean":0.4099999999999999,"val.f1_score":66.66666666666666,"agg/val.EO_sex_std":0,"val.accuracy":74.19354838709677,"agg/val.val_score_bestthr_std":0,"agg/test.precision_mean":50,"test.f1_score":52.54237288135594,"agg/test.roc_auc_std":0,"fold":0,"agg/fold_id_std":0,"agg/test.val_score_bestthr_mean":86.1668151885799,"agg/test.best_accuracy_mean":59.09090909090909,"agg/test.val_score_std":0,"agg/test.recall_std":0,"agg/test.best_f1_std":0,"agg/test.best_accuracy_std":0,"agg/val.SP_sex_mean":9.829059829059828,"agg/test.roc_auc_mean":61.62536443148687,"agg/val.SP_age_std":0,"agg/test.best_thr_f1_std":0,"agg/test.SP_sex_mean":10.666666666666668,"val.val_score":106.32360746200878,"agg/test.val_score_bestthr_std":0,"agg/val.f1_score_mean":66.66666666666666,"test.roc_auc":61.62536443148687}