{"agg/val.val_score_bestthr_mean":106.44166301756434,"agg/test.EO_sex_std":0,"agg/val.EO_age_std":0,"agg/val.roc_auc_std":0,"agg/test.recall_std":0,"agg/best_epoch_std":0,"agg/test.val_score_std":0,"test.accuracy":58.44155844155844,"agg/test.accuracy_mean":58.44155844155844,"agg/test.EO_age_std":0,"fold":0,"agg/val.EO_age_mean":50,"agg/val.val_score_bestthr_std":0,"agg/val.accuracy_std":0,"test.roc_auc":60.60495626822158,"agg/test.val_score_mean":82.92941900986018,"agg/test.precision_std":0,"agg/val.f1_score_std":0,"agg/val.EO_sex_mean":26.470588235294112,"agg/val.f1_score_mean":66.66666666666666,"agg/test.f1_score_std":0,"agg/test.val_score_bestthr_mean":82.28194727385903,"val.accuracy":74.19354838709677,"agg/test.f1_score_mean":50.76923076923077,"_runtime":39.63454783,"agg/val.SP_sex_mean":9.829059829059828,"_timestamp":1.7670716552384856e+09,"agg/test.accuracy_std":0,"val.f1_score":66.66666666666666,"agg/val.EO_sex_std":0,"agg/fold_id_mean":0,"seed":0,"agg/val.val_score_mean":106.44166301756434,"agg/test.SP_sex_mean":16.96296296296297,"_wandb":{"runtime":39},"test.f1_score":50.76923076923077,"agg/best_epoch_mean":24,"agg/test.best_thr_f1_std":0,"_step":1,"agg/test.recall_mean":58.92857142857143,"agg/test.val_score_bestthr_std":0,"agg/test.SP_sex_std":0,"agg/val.SP_age_std":0,"agg/test.best_accuracy_mean":55.84415584415584,"agg/test.SP_age_std":0,"agg/test.EO_age_mean":25.1336898395722,"agg/test.roc_auc_std":0,"agg/test.best_accuracy_std":0,"agg/test.EO_sex_mean":18.75,"agg/val.SP_age_mean":22.22222222222222,"agg/val.val_score_std":0,"agg/val.SP_sex_std":0,"agg/val.accuracy_mean":74.19354838709677,"agg/test.best_f1_mean":54.66666666666665,"agg/test.SP_age_mean":28.82882882882883,"agg/seed_std":0,"val.roc_auc":71.7948717948718,"agg/test.best_thr_f1_mean":0.4149999999999999,"agg/val.roc_auc_mean":71.7948717948718,"val.val_score":106.44166301756434,"agg/test.precision_mean":44.5945945945946,"agg/seed_mean":0,"agg/fold_id_std":0,"agg/test.best_f1_std":0,"agg/test.roc_auc_mean":60.60495626822158}