{"agg/val.EO_sex_mean":48.03921568627452,"agg/best_epoch_std":0,"agg/val.accuracy_std":0,"_step":1,"val.f1_score":54.54545454545454,"test.f1_score":52.459016393442624,"test.recall":57.14285714285714,"test.precision":48.484848484848484,"agg/test.precision_mean":48.484848484848484,"agg/fold_id_std":0,"agg/seed_std":0,"test.EO_age":19.786096256684495,"val.val_score_bestthr":93.22198427494915,"agg/val.accuracy_mean":67.74193548387096,"agg/test.roc_auc_std":0,"agg/test.recall_std":0,"val.accuracy":67.74193548387096,"agg/test.accuracy_mean":62.33766233766234,"agg/val.roc_auc_std":0,"agg/val.val_score_mean":93.22198427494915,"agg/val.SP_age_mean":32.63888888888889,"agg/test.EO_age_std":0,"_wandb":{"runtime":106},"agg/val.EO_sex_std":0,"test.accuracy":62.33766233766234,"agg/test.EO_sex_std":0,"agg/val.EO_age_std":0,"val.roc_auc":62.207357859531776,"val.SP_age":32.63888888888889,"agg/val.SP_age_std":0,"val.val_score":93.22198427494915,"agg/test.SP_sex_mean":6.111111111111112,"agg/test.roc_auc_mean":60.276967930029144,"test.EO_sex":20.833333333333336,"agg/fold_id_mean":0,"agg/test.SP_age_std":0,"agg/val.val_score_std":0,"agg/test.SP_age_mean":13.414634146341465,"seed":0,"agg/val.f1_score_std":0,"agg/val.val_score_bestthr_mean":93.22198427494915,"agg/best_epoch_mean":45,"agg/val.SP_sex_mean":18.58974358974359,"fold":0,"test.SP_age":13.414634146341465,"test.roc_auc":60.276967930029144,"_timestamp":1.767248583542476e+09,"val.EO_age":80,"agg/val.SP_sex_std":0,"val.SP_sex":18.58974358974359,"agg/val.val_score_bestthr_std":0,"agg/test.precision_std":0,"_runtime":106.40364778,"agg/val.f1_score_mean":54.54545454545454,"agg/test.accuracy_std":0,"val.EO_sex":48.03921568627452,"agg/test.f1_score_mean":52.459016393442624,"agg/test.EO_age_mean":19.786096256684495,"agg/val.roc_auc_mean":62.207357859531776,"test.SP_sex":6.111111111111112,"agg/test.recall_mean":57.14285714285714,"agg/test.f1_score_std":0,"agg/seed_mean":0,"agg/test.SP_sex_std":0,"agg/val.EO_age_mean":80,"agg/test.EO_sex_mean":20.833333333333336}