{"agg/best_epoch_std":0,"agg/val.val_score_std":0,"agg/val.SP_age_std":0,"agg/test.roc_auc_std":0,"agg/val.accuracy_std":0,"agg/test.val_score_mean":85.83991051296114,"agg/test.val_score_bestthr_std":0,"_runtime":47.605044026,"agg/best_epoch_mean":18,"val.f1_score":60.86956521739131,"agg/test.best_thr_f1_std":0,"agg/val.f1_score_std":0,"_wandb":{"runtime":47},"agg/val.EO_age_std":0,"agg/val.SP_sex_std":0,"test.roc_auc":62.31778425655976,"agg/val.SP_age_mean":15.972222222222221,"agg/val.val_score_bestthr_mean":101.94876254885743,"test.f1_score":52.71317829457364,"seed":0,"agg/test.precision_mean":46.57534246575342,"agg/test.roc_auc_mean":62.31778425655976,"test.accuracy":60.3896103896104,"agg/val.roc_auc_std":0,"agg/test.SP_sex_mean":7.4074074074074066,"agg/test.SP_age_mean":26.447876447876446,"agg/val.EO_age_mean":46.66666666666667,"agg/test.val_score_bestthr_mean":73.3856365665261,"agg/val.EO_sex_std":0,"agg/test.best_accuracy_std":0,"agg/val.val_score_bestthr_std":0,"agg/test.EO_age_std":0,"val.roc_auc":67.22408026755853,"agg/val.roc_auc_mean":67.22408026755853,"agg/seed_mean":0,"agg/test.f1_score_mean":52.71317829457364,"agg/val.SP_sex_mean":10.897435897435898,"agg/test.best_thr_f1_mean":0.235,"agg/seed_std":0,"agg/test.accuracy_std":0,"agg/test.EO_sex_std":0,"agg/test.precision_std":0,"agg/test.best_f1_std":0,"agg/test.recall_mean":60.71428571428571,"agg/test.best_f1_mean":55.61497326203209,"agg/test.f1_score_std":0,"agg/test.best_accuracy_mean":46.103896103896105,"fold":0,"agg/val.val_score_mean":100.52010247278687,"agg/val.accuracy_mean":70.96774193548387,"_timestamp":1.7670582358139625e+09,"agg/test.SP_sex_std":0,"agg/val.EO_sex_mean":14.70588235294118,"agg/test.recall_std":0,"agg/val.f1_score_mean":60.86956521739131,"agg/test.EO_age_mean":40.10695187165775,"agg/test.EO_sex_mean":16.666666666666664,"agg/test.val_score_std":0,"val.accuracy":70.96774193548387,"_step":1,"agg/fold_id_std":0,"agg/test.accuracy_mean":60.3896103896104,"agg/test.SP_age_std":0,"agg/fold_id_mean":0}