{"agg/val.val_score_mean":86.15285968809651,"val/SP_age":30.3921568627451,"val/f1":61.53846153846153,"test/auc":58.49721706864565,"test/f1":53.33333333333334,"agg/val.val_score_bestthr_mean":83.51755009246901,"agg/val.val_score_std":6.661929113668105,"agg/val.SP_age_mean":23.165032679738562,"agg/test.roc_auc_mean":59.45353105762321,"agg/val.roc_auc_std":6.249240423438022,"test/recall":94.54545454545455,"seed":4,"agg/test.SP_sex_mean":7.71181531648115,"fold":4,"agg/test.SP_sex_std":5.59897305527464,"val/EO_sex":8.888888888888879,"agg/val.roc_auc_mean":61.38238573021181,"_step":5,"agg/val.EO_age_mean":23.333333333333336,"agg/test.recall_std":6.31329812189437,"test/EO_age":16.666666666666664,"val/SP_sex":6.609547123623017,"agg/test.EO_age_mean":14.534850770144885,"agg/test.EO_sex_mean":10.151552795031055,"agg/seed_mean":2,"test/SP_age":14.102564102564097,"agg/fold_id_std":1.4142135623730951,"_timestamp":1.767323094052582e+09,"val/val_score_bestthr":89.65441086198358,"agg/test.f1_score_std":2.0905711716497652,"agg/val.EO_sex_std":5.82146134504834,"_wandb":{"runtime":423},"_runtime":423.633247435,"agg/fold_id_mean":2,"agg/best_epoch_std":13.731715115017497,"agg/test.EO_age_std":9.981391781775946,"val/EO_age":33.333333333333336,"agg/seed_std":1.4142135623730951,"val/auc":62.207357859531776,"agg/val.SP_sex_mean":12.86938141848816,"agg/test.EO_sex_std":5.086919428109238,"agg/val.f1_score_mean":59.98610999336262,"agg/test.f1_score_mean":55.93103787195607,"agg/test.precision_std":3.619943123138615,"test/SP_sex":6.030701754385969,"agg/test.accuracy_std":7.221235097760766,"agg/val.SP_age_std":6.673334644337976,"agg/val.val_score_bestthr_std":10.275955789866781,"val/val_score":84.41056447677451,"test/precision":37.142857142857146,"agg/val.EO_sex_mean":7.537581699346402,"agg/val.SP_sex_std":8.349748916197365,"test/EO_sex":7.14285714285714,"test/acc":40.52287581699346,"agg/best_epoch_mean":59.8,"agg/test.roc_auc_std":3.0812184377594485,"agg/val.EO_age_std":13.333333333333334,"agg/val.accuracy_std":8.631669780812679,"agg/test.recall_mean":89.62337662337663,"agg/test.precision_mean":40.96219715956558,"agg/test.SP_age_mean":15.895215988919599,"agg/test.accuracy_mean":48.24378236142942,"agg/val.accuracy_mean":54.19354838709677,"agg/val.f1_score_std":3.7437357935741167,"val/acc":59.67741935483871,"agg/test.SP_age_std":3.9579608190377256}