{"agg/test.roc_auc_std":2.9286719104532324,"test/EO_age":16.666666666666664,"agg/test.SP_age_mean":16.021336110489674,"agg/test.accuracy_std":6.554613164827257,"agg/fold_id_mean":2,"agg/seed_mean":2,"agg/test.precision_mean":40.48637234860934,"test/f1":53.608247422680414,"test/EO_sex":7.14285714285714,"agg/val.val_score_mean":84.86364466039262,"agg/test.SP_age_std":5.795437349230104,"agg/val.f1_score_mean":59.735190676901446,"agg/val.SP_age_mean":23.606209150326798,"test/SP_age":12.5,"agg/test.EO_sex_std":6.915994650147287,"agg/val.EO_age_std":16.996731711975947,"test/SP_sex":4.989035087719307,"agg/val.roc_auc_std":6.8340271436809505,"agg/val.accuracy_mean":54.19354838709677,"agg/test.recall_std":9.04875663429788,"val/acc":59.67741935483871,"agg/test.SP_sex_std":4.733814175640612,"agg/test.f1_score_mean":55.063374782767184,"val/f1":61.53846153846153,"agg/best_epoch_std":15.328405005087776,"agg/val.roc_auc_mean":60.82497212931995,"_timestamp":1.7673235238526692e+09,"agg/val.EO_sex_std":3.3071653232211387,"agg/val.val_score_std":8.377789342782938,"test/precision":37.410071942446045,"agg/test.recall_mean":87.83766233766234,"_wandb":{"runtime":418},"test/auc":58.84972170686458,"val/SP_sex":6.609547123623017,"agg/test.precision_std":2.821599224121714,"test/recall":94.54545454545455,"agg/val.EO_sex_mean":4.20424836601307,"seed":4,"val/val_score":84.41056447677451,"val/EO_sex":8.888888888888879,"agg/val.f1_score_std":3.9087916901281625,"val/auc":61.42697881828316,"agg/test.roc_auc_mean":59.46850314633819,"agg/val.SP_sex_std":8.214755109279718,"agg/fold_id_std":1.4142135623730951,"agg/best_epoch_mean":51.8,"agg/test.accuracy_mean":47.71920889567949,"agg/test.f1_score_std":0.9222725240264087,"val/val_score_bestthr":89.65441086198358,"agg/val.SP_age_std":6.194111474561074,"agg/test.EO_age_std":16.69920386427287,"agg/val.val_score_bestthr_mean":83.38358776044164,"val/EO_age":33.333333333333336,"agg/test.SP_sex_mean":6.509836400467977,"test/acc":41.17647058823529,"agg/val.EO_age_mean":26.666666666666668,"agg/val.SP_sex_mean":13.278472327579067,"agg/test.EO_age_mean":18.382261529320353,"agg/val.val_score_bestthr_std":10.306287179831102,"fold":4,"val/SP_age":30.3921568627451,"_runtime":418.522160946,"agg/val.accuracy_std":8.631669780812679,"agg/seed_std":1.4142135623730951,"agg/test.EO_sex_mean":8.645341614906833,"_step":5}