{"_timestamp":1.7670743147019262e+09,"agg/test.f1_score_mean":46.7741935483871,"test.accuracy":57.14285714285714,"val.accuracy":70.96774193548387,"agg/test.best_thr_f1_mean":0.33499999999999996,"_step":1,"agg/val.val_score_mean":101.83070699330187,"agg/val.roc_auc_std":0,"agg/test.SP_sex_mean":3.296296296296297,"agg/test.best_f1_std":0,"agg/fold_id_std":0,"fold":0,"agg/best_epoch_mean":21,"agg/test.precision_mean":42.64705882352941,"agg/test.SP_age_std":0,"agg/test.SP_age_mean":15.958815958815965,"agg/test.accuracy_mean":57.14285714285714,"agg/val.SP_sex_mean":8.760683760683758,"agg/val.EO_sex_std":0,"val.f1_score":63.99999999999999,"agg/val.roc_auc_mean":70.01114827201785,"agg/test.precision_std":0,"agg/test.val_score_mean":79.70159619913414,"seed":0,"agg/val.SP_sex_std":0,"agg/test.f1_score_std":0,"agg/seed_mean":0,"agg/val.EO_sex_mean":26.470588235294112,"agg/test.best_accuracy_std":0,"_wandb":{"runtime":167},"agg/test.best_f1_mean":53.80116959064327,"agg/test.SP_sex_std":0,"agg/val.val_score_bestthr_mean":101.83070699330187,"agg/test.recall_std":0,"agg/test.accuracy_std":0,"val.val_score":101.83070699330187,"agg/best_epoch_std":0,"agg/val.f1_score_mean":63.99999999999999,"agg/test.EO_age_std":0,"agg/test.val_score_bestthr_std":0,"_runtime":167.928287897,"agg/val.val_score_std":0,"agg/fold_id_mean":0,"agg/test.roc_auc_mean":61.55247813411078,"agg/val.accuracy_mean":70.96774193548387,"agg/test.EO_sex_mean":2.083333333333337,"agg/val.SP_age_std":0,"agg/test.best_thr_f1_std":0,"agg/test.best_accuracy_mean":48.701298701298704,"test.roc_auc":61.55247813411078,"agg/test.roc_auc_std":0,"agg/val.EO_age_std":0,"agg/test.val_score_bestthr_mean":74.8972785036007,"agg/val.EO_age_mean":50,"agg/val.val_score_bestthr_std":0,"agg/test.recall_mean":51.78571428571429,"val.roc_auc":70.01114827201785,"agg/test.EO_age_mean":61.49732620320856,"test.f1_score":46.7741935483871,"agg/seed_std":0,"agg/val.SP_age_mean":28.47222222222222,"agg/val.f1_score_std":0,"agg/test.EO_sex_std":0,"agg/val.accuracy_std":0,"agg/test.val_score_std":0}