{"agg/test.accuracy_mean":62.33766233766234,"agg/val.roc_auc_std":0,"val.f1_score":62.500000000000014,"agg/val.EO_sex_mean":43.13725490196078,"agg/val.EO_age_mean":66.66666666666667,"agg/test.val_score_bestthr_mean":68.66205037813984,"agg/test.EO_age_mean":52.40641711229947,"test.f1_score":50,"agg/seed_std":0,"agg/test.accuracy_std":0,"_step":1,"agg/test.best_f1_mean":53.8860103626943,"agg/test.best_thr_f1_mean":0.065,"agg/test.val_score_mean":86.60849055893173,"agg/test.best_f1_std":0,"_timestamp":1.7670721098667119e+09,"agg/val.EO_age_std":0,"agg/test.EO_sex_mean":2.083333333333337,"agg/val.val_score_mean":100.67739502748991,"agg/test.f1_score_std":0,"agg/test.roc_auc_mean":60.313411078717195,"agg/test.SP_age_mean":12.612612612612617,"agg/val.SP_age_mean":27.77777777777778,"agg/val.accuracy_mean":70.96774193548387,"agg/test.precision_mean":48.333333333333336,"agg/test.roc_auc_std":0,"val.val_score":100.67739502748991,"agg/val.SP_age_std":0,"agg/test.val_score_bestthr_std":0,"agg/best_epoch_std":0,"val.roc_auc":69.11928651059085,"agg/fold_id_std":0,"agg/test.recall_mean":51.78571428571429,"agg/test.best_accuracy_mean":42.2077922077922,"test.accuracy":62.33766233766234,"val.accuracy":70.96774193548387,"agg/val.SP_sex_std":0,"agg/val.EO_sex_std":0,"agg/best_epoch_mean":24,"agg/test.SP_sex_mean":5.814814814814811,"agg/test.precision_std":0,"_wandb":{"runtime":40},"agg/seed_mean":0,"agg/val.roc_auc_mean":69.11928651059085,"agg/test.f1_score_mean":50,"agg/val.f1_score_std":0,"agg/test.EO_sex_std":0,"agg/val.val_score_bestthr_mean":98.27929105851616,"agg/val.val_score_std":0,"agg/test.val_score_std":0,"agg/test.EO_age_std":0,"seed":0,"fold":0,"agg/test.recall_std":0,"agg/test.best_thr_f1_std":0,"agg/val.SP_sex_mean":16.45299145299145,"agg/test.SP_age_std":0,"agg/fold_id_mean":0,"agg/val.val_score_bestthr_std":0,"agg/test.SP_sex_std":0,"agg/val.accuracy_std":0,"agg/test.best_accuracy_std":0,"_runtime":40.955206311,"test.roc_auc":60.313411078717195,"agg/val.f1_score_mean":62.500000000000014}