{"agg/test.best_thr_f1_std":0,"agg/test.roc_auc_std":0,"agg/test.EO_sex_std":0,"val.f1_score":66.66666666666666,"agg/test.f1_score_std":0,"agg/val.roc_auc_mean":68.11594202898551,"agg/best_epoch_mean":20,"agg/test.EO_age_std":0,"agg/val.EO_sex_mean":12.745098039215685,"agg/val.EO_age_mean":38.888888888888886,"agg/test.roc_auc_mean":61.98979591836735,"agg/test.best_accuracy_mean":57.14285714285714,"agg/test.best_thr_f1_mean":0.35999999999999993,"test.roc_auc":61.98979591836735,"val.val_score":105.08887794158191,"agg/seed_mean":0,"agg/val.val_score_bestthr_std":0,"agg/fold_id_mean":0,"agg/val.f1_score_std":0,"agg/val.accuracy_std":0,"agg/test.val_score_mean":82.0571119354369,"agg/test.best_f1_std":0,"agg/test.best_f1_mean":57.14285714285714,"_timestamp":1.7670723136053717e+09,"agg/test.best_accuracy_std":0,"val.roc_auc":68.11594202898551,"agg/test.recall_std":0,"seed":0,"agg/val.EO_age_std":0,"agg/test.SP_sex_mean":5.851851851851858,"agg/test.EO_age_mean":45.98930481283422,"_wandb":{"runtime":143},"agg/best_epoch_std":0,"_runtime":143.423047367,"test.accuracy":57.14285714285714,"agg/test.val_score_bestthr_mean":84.90855792329249,"agg/test.val_score_bestthr_std":0,"agg/val.SP_age_std":0,"agg/test.SP_sex_std":0,"agg/val.f1_score_mean":66.66666666666666,"agg/val.EO_sex_std":0,"fold":0,"agg/seed_std":0,"agg/val.roc_auc_std":0,"agg/val.SP_age_mean":29.166666666666668,"_step":1,"test.f1_score":51.470588235294116,"agg/test.accuracy_std":0,"agg/val.val_score_bestthr_mean":105.71039297236443,"agg/test.recall_mean":62.5,"agg/test.precision_mean":43.75,"agg/test.EO_sex_mean":14.583333333333337,"agg/val.SP_sex_std":0,"agg/val.val_score_std":0,"agg/test.SP_age_std":0,"agg/val.val_score_mean":105.08887794158191,"agg/test.val_score_std":0,"agg/fold_id_std":0,"agg/test.f1_score_mean":51.470588235294116,"val.accuracy":72.58064516129032,"agg/test.accuracy_mean":57.14285714285714,"agg/val.SP_sex_mean":1.7094017094017144,"agg/test.precision_std":0,"agg/test.SP_age_mean":15.6794425087108,"agg/val.accuracy_mean":72.58064516129032}