{"val.val_score":99.5663143255648,"agg/test.SP_sex_mean":1.7037037037037073,"agg/val.EO_age_std":0,"val.accuracy":69.35483870967742,"agg/test.precision_std":0,"agg/test.SP_age_std":0,"val.roc_auc":67.7814938684504,"agg/val.SP_sex_mean":4.914529914529914,"agg/test.EO_sex_mean":16.666666666666664,"_timestamp":1.7670735540006208e+09,"agg/test.recall_std":0,"agg/test.precision_mean":41.9753086419753,"agg/val.val_score_std":0,"agg/test.val_score_std":0,"agg/val.f1_score_mean":62.745098039215684,"agg/test.f1_score_std":0,"agg/best_epoch_mean":31,"agg/fold_id_mean":0,"test.f1_score":49.63503649635036,"agg/test.recall_mean":60.71428571428571,"agg/val.roc_auc_std":0,"agg/seed_mean":0,"agg/test.EO_age_std":0,"agg/val.f1_score_std":0,"agg/val.val_score_mean":99.5663143255648,"agg/fold_id_std":0,"agg/val.EO_sex_mean":26.470588235294112,"agg/best_epoch_std":0,"agg/test.best_accuracy_std":0,"agg/test.val_score_bestthr_std":0,"agg/val.SP_age_std":0,"agg/seed_std":0,"agg/test.SP_age_mean":15.103338632750397,"_step":1,"agg/test.EO_age_mean":34.224598930481285,"_wandb":{"runtime":83},"agg/test.val_score_mean":79.33534036364435,"agg/test.best_f1_std":0,"agg/test.val_score_bestthr_mean":65.74518228503523,"agg/test.best_thr_f1_mean":0.285,"agg/test.EO_sex_std":0,"agg/test.roc_auc_mean":60.65962099125364,"agg/val.roc_auc_mean":67.7814938684504,"agg/val.accuracy_mean":69.35483870967742,"agg/val.EO_sex_std":0,"_runtime":83.842702149,"seed":0,"agg/test.SP_sex_std":0,"agg/val.SP_age_mean":34.72222222222222,"agg/val.val_score_bestthr_mean":99.5663143255648,"agg/test.accuracy_mean":55.1948051948052,"test.roc_auc":60.65962099125364,"agg/test.best_f1_mean":53.92156862745098,"agg/val.accuracy_std":0,"agg/test.best_accuracy_mean":38.961038961038966,"agg/test.best_thr_f1_std":0,"agg/test.accuracy_std":0,"agg/test.roc_auc_std":0,"agg/val.EO_age_mean":50,"test.accuracy":55.1948051948052,"val.f1_score":62.745098039215684,"fold":0,"agg/val.SP_sex_std":0,"agg/test.f1_score_mean":49.63503649635036,"agg/val.val_score_bestthr_std":0}