{"_wandb":{"runtime":81},"val.val_score_bestthr":105.67366183715906,"agg/val.EO_age_std":0,"agg/test.SP_age_std":0,"val.SP_sex":10.897435897435898,"val.EO_sex":1.9607843137254832,"agg/best_epoch_std":0,"agg/test.roc_auc_std":0,"agg/val.SP_sex_std":0,"fold":0,"agg/val.val_score_bestthr_std":0,"agg/val.accuracy_mean":74.19354838709677,"agg/fold_id_mean":0,"agg/val.EO_age_mean":66.66666666666667,"agg/val.roc_auc_mean":73.35562987736901,"agg/best_epoch_mean":11,"agg/test.EO_age_std":0,"test.f1_score":42.69662921348315,"val.val_score":102.79462831865584,"agg/test.EO_age_mean":37.96791443850267,"agg/val.SP_sex_mean":10.897435897435898,"agg/test.recall_mean":33.92857142857143,"agg/test.accuracy_std":0,"agg/test.roc_auc_mean":59.384110787172006,"agg/val.EO_sex_mean":1.9607843137254832,"agg/val.f1_score_std":0,"agg/test.SP_sex_std":0,"agg/val.f1_score_mean":65.21739130434783,"test.EO_sex":18.75,"_runtime":81.43506897,"agg/test.f1_score_mean":42.69662921348315,"test.roc_auc":59.384110787172006,"agg/fold_id_std":0,"agg/val.roc_auc_std":0,"val.SP_age":33.333333333333336,"agg/test.recall_std":0,"agg/test.precision_mean":57.57575757575758,"agg/seed_mean":0,"agg/val.SP_age_std":0,"agg/val.val_score_std":0,"agg/val.EO_sex_std":0,"test.accuracy":66.88311688311688,"agg/test.accuracy_mean":66.88311688311688,"test.recall":33.92857142857143,"agg/test.precision_std":0,"agg/test.f1_score_std":0,"_timestamp":1.7672389610079248e+09,"val.accuracy":74.19354838709677,"val.roc_auc":73.35562987736901,"test.SP_age":23.23037323037323,"test.SP_sex":1.6296296296296309,"val.EO_age":66.66666666666667,"agg/test.EO_sex_mean":18.75,"test.precision":57.57575757575758,"seed":0,"test.EO_age":37.96791443850267,"agg/val.val_score_bestthr_mean":105.67366183715906,"agg/test.EO_sex_std":0,"agg/val.accuracy_std":0,"agg/test.SP_sex_mean":1.6296296296296309,"agg/test.SP_age_mean":23.23037323037323,"agg/seed_std":0,"agg/val.val_score_mean":102.79462831865584,"_step":1,"val.f1_score":65.21739130434783,"agg/val.SP_age_mean":33.333333333333336}