{"agg/test.best_thr_f1_mean":0.05,"agg/seed_mean":0,"agg/val.SP_sex_std":0,"agg/val.SP_age_std":0,"agg/test.SP_age_mean":4.375804375804371,"agg/test.best_accuracy_mean":44.15584415584416,"agg/best_epoch_std":0,"agg/val.f1_score_mean":67.9245283018868,"test.roc_auc":61.86224489795919,"agg/val.EO_age_mean":50,"_step":1,"agg/test.roc_auc_mean":61.86224489795919,"agg/test.EO_sex_mean":25,"agg/val.f1_score_std":0,"agg/val.accuracy_mean":72.58064516129032,"test.f1_score":52.85714285714285,"agg/best_epoch_mean":21,"agg/test.val_score_std":0,"agg/test.EO_sex_std":0,"agg/test.f1_score_std":0,"_runtime":86.633355914,"fold":0,"val.roc_auc":70.79152731326643,"agg/val.EO_sex_std":0,"agg/val.EO_sex_mean":6.862745098039225,"agg/test.f1_score_mean":52.85714285714285,"agg/test.val_score_bestthr_mean":71.06988099232682,"val.val_score_bestthr":105.64415365612513,"agg/val.EO_age_std":0,"agg/seed_std":0,"_wandb":{"runtime":86},"agg/test.val_score_bestthr_std":0,"agg/test.best_f1_mean":54.736842105263165,"agg/test.roc_auc_std":0,"val.val_score":105.64415365612513,"agg/test.EO_age_std":0,"agg/val.val_score_std":0,"agg/val.val_score_bestthr_mean":105.64415365612513,"seed":0,"agg/fold_id_mean":0,"agg/test.recall_std":0,"agg/val.SP_age_mean":29.166666666666668,"agg/val.val_score_bestthr_std":0,"agg/fold_id_std":0,"agg/val.val_score_mean":105.64415365612513,"agg/val.roc_auc_mean":70.79152731326643,"agg/val.accuracy_std":0,"agg/test.precision_mean":44.047619047619044,"agg/test.recall_mean":66.07142857142857,"agg/test.SP_sex_mean":4.148148148148156,"agg/val.roc_auc_std":0,"agg/test.EO_age_mean":21.92513368983957,"agg/test.accuracy_mean":57.14285714285714,"_timestamp":1.767060311588609e+09,"agg/test.SP_age_std":0,"val.accuracy":72.58064516129032,"agg/test.SP_sex_std":0,"agg/test.accuracy_std":0,"agg/test.precision_std":0,"test.accuracy":57.14285714285714,"agg/val.SP_sex_mean":3.8461538461538436,"agg/test.val_score_mean":83.01693770929063,"val.f1_score":67.9245283018868,"agg/test.best_f1_std":0,"agg/test.best_accuracy_std":0,"agg/test.best_thr_f1_std":0}