{"val.val_score_bestthr":94.47357036280185,"agg/test.roc_auc_mean":63.22886297376093,"_timestamp":1.767245834237329e+09,"val.val_score":96.98375926466532,"agg/val.val_score_bestthr_mean":94.47357036280185,"agg/val.f1_score_mean":45.16129032258065,"test.SP_age":34.41971383147854,"agg/test.SP_sex_mean":7.481481481481484,"val.SP_sex":2.3504273504273505,"agg/test.EO_sex_std":0,"agg/test.recall_mean":35.714285714285715,"agg/seed_mean":0,"agg/val.accuracy_mean":72.58064516129032,"agg/test.SP_sex_std":0,"agg/test.EO_age_std":0,"test.EO_sex":16.666666666666668,"agg/val.EO_sex_mean":3.9215686274509776,"agg/val.accuracy_std":0,"agg/test.SP_age_mean":34.41971383147854,"agg/seed_std":0,"agg/val.val_score_mean":96.98375926466532,"agg/val.SP_age_std":0,"test.EO_age":43.85026737967914,"test.f1_score":43.47826086956522,"agg/test.SP_age_std":0,"agg/test.roc_auc_std":0,"agg/val.roc_auc_mean":75.47380156075808,"val.f1_score":45.16129032258065,"test.precision":55.55555555555556,"test.accuracy":66.23376623376623,"agg/test.f1_score_mean":43.47826086956522,"_runtime":90.150410542,"agg/test.accuracy_std":0,"agg/best_epoch_std":0,"agg/val.val_score_bestthr_std":0,"val.EO_sex":3.9215686274509776,"val.SP_age":12.5,"test.SP_sex":7.481481481481484,"agg/test.EO_sex_mean":16.666666666666668,"agg/best_epoch_mean":28,"test.recall":35.714285714285715,"agg/test.recall_std":0,"_step":1,"agg/val.SP_sex_mean":2.3504273504273505,"agg/val.SP_age_mean":12.5,"test.roc_auc":63.22886297376093,"agg/val.f1_score_std":0,"agg/val.EO_sex_std":0,"_wandb":{"runtime":90},"agg/fold_id_std":0,"agg/test.precision_mean":55.55555555555556,"seed":0,"agg/val.roc_auc_std":0,"agg/val.EO_age_mean":50,"val.roc_auc":75.47380156075808,"fold":0,"agg/val.val_score_std":0,"agg/val.EO_age_std":0,"agg/test.EO_age_mean":43.85026737967914,"agg/fold_id_mean":0,"val.EO_age":50,"agg/test.f1_score_std":0,"agg/val.SP_sex_std":0,"agg/test.precision_std":0,"val.accuracy":72.58064516129032,"agg/test.accuracy_mean":66.23376623376623}