{"agg/val.roc_auc_std":0,"agg/test.roc_auc_std":0,"val.f1_score":68.18181818181819,"agg/test.precision_std":0,"agg/val.accuracy_std":0,"test.accuracy":65.5844155844156,"agg/seed_mean":0,"val.val_score":110.30095648869369,"agg/fold_id_std":0,"agg/test.EO_sex_mean":16.666666666666668,"agg/val.f1_score_std":0,"agg/seed_std":0,"fold":0,"agg/val.val_score_std":0,"agg/test.best_f1_std":0,"agg/val.EO_age_std":0,"agg/test.f1_score_std":0,"agg/test.recall_mean":48.214285714285715,"agg/test.precision_mean":52.94117647058824,"agg/test.val_score_mean":89.5833074024168,"agg/test.val_score_bestthr_mean":81.29723583294722,"_wandb":{"runtime":110},"test.f1_score":50.467289719626166,"agg/val.val_score_mean":110.30095648869369,"agg/val.val_score_bestthr_mean":110.30095648869369,"agg/val.accuracy_mean":77.41935483870968,"agg/test.SP_age_mean":42.7927927927928,"agg/test.recall_std":0,"agg/val.EO_sex_mean":24.50980392156863,"_step":1,"agg/test.accuracy_mean":65.5844155844156,"val.accuracy":77.41935483870968,"agg/test.val_score_bestthr_std":0,"agg/val.SP_sex_mean":1.282051282051283,"agg/val.roc_auc_mean":69.56521739130436,"agg/test.f1_score_mean":50.467289719626166,"_runtime":110.234753327,"agg/best_epoch_mean":19,"agg/test.best_accuracy_mean":55.1948051948052,"val.roc_auc":69.56521739130436,"agg/test.roc_auc_mean":63.6661807580175,"agg/test.SP_sex_mean":2.51851851851852,"agg/test.val_score_std":0,"agg/val.EO_sex_std":0,"agg/test.SP_age_std":0,"agg/val.SP_sex_std":0,"agg/test.best_accuracy_std":0,"agg/test.SP_sex_std":0,"agg/val.EO_age_mean":55.55555555555556,"agg/fold_id_mean":0,"agg/test.best_f1_mean":54.304635761589395,"agg/test.EO_age_mean":61.49732620320856,"test.roc_auc":63.6661807580175,"agg/val.SP_age_std":0,"seed":0,"agg/val.f1_score_mean":68.18181818181819,"agg/test.accuracy_std":0,"agg/val.SP_age_mean":39.583333333333336,"_timestamp":1.7670763817977383e+09,"agg/test.best_thr_f1_mean":0.43499999999999994,"agg/best_epoch_std":0,"agg/test.best_thr_f1_std":0,"agg/test.EO_age_std":0,"agg/test.EO_sex_std":0,"agg/val.val_score_bestthr_std":0}