{"seed":0,"agg/test.recall_mean":46.42857142857143,"_timestamp":1.7670717249126456e+09,"agg/test.EO_sex_mean":18.75,"agg/test.best_thr_f1_std":0,"agg/test.accuracy_mean":68.18181818181817,"agg/best_epoch_std":0,"agg/test.best_f1_std":0,"agg/seed_std":0,"agg/val.val_score_std":0,"agg/test.EO_age_std":0,"agg/test.SP_age_std":0,"agg/test.roc_auc_mean":66.45408163265304,"test.accuracy":68.18181818181817,"agg/test.val_score_std":0,"agg/fold_id_mean":0,"agg/val.SP_sex_std":0,"agg/test.f1_score_mean":51.48514851485149,"agg/val.val_score_bestthr_std":0,"agg/test.accuracy_std":0,"agg/val.f1_score_std":0,"agg/val.EO_sex_mean":13.725490196078427,"test.f1_score":51.48514851485149,"agg/best_epoch_mean":47,"agg/val.EO_sex_std":0,"agg/test.val_score_mean":92.64497652026917,"agg/test.f1_score_std":0,"_wandb":{"runtime":61},"val.accuracy":70.96774193548387,"test.roc_auc":66.45408163265304,"agg/val.val_score_bestthr_mean":103.09142319045071,"agg/test.EO_sex_std":0,"val.f1_score":59.09090909090909,"agg/test.recall_std":0,"agg/fold_id_std":0,"agg/test.EO_age_mean":61.49732620320856,"agg/val.SP_sex_mean":1.282051282051283,"agg/test.best_accuracy_std":0,"agg/val.EO_age_mean":16.666666666666664,"val.val_score":99.91867662171268,"agg/val.EO_age_std":0,"agg/val.SP_age_mean":27.77777777777778,"agg/val.accuracy_mean":70.96774193548387,"agg/val.val_score_mean":99.91867662171268,"agg/seed_mean":0,"agg/val.accuracy_std":0,"agg/test.SP_sex_std":0,"agg/test.precision_mean":57.77777777777777,"agg/test.SP_age_mean":39.76833976833977,"val.roc_auc":68.78483835005575,"agg/val.f1_score_mean":59.09090909090909,"agg/test.best_accuracy_mean":47.4025974025974,"agg/test.roc_auc_std":0,"_step":1,"agg/val.roc_auc_std":0,"agg/test.val_score_bestthr_std":0,"agg/test.best_thr_f1_mean":0.295,"agg/test.precision_std":0,"agg/test.SP_sex_mean":7.925925925925928,"agg/test.best_f1_mean":57.14285714285714,"agg/val.SP_age_std":0,"agg/val.roc_auc_mean":68.78483835005575,"fold":0,"agg/test.val_score_bestthr_mean":75.47756776256776,"_runtime":61.279610435}