{"agg/test.roc_auc_std":0,"agg/test.SP_age_std":0,"agg/test.precision_std":0,"test.f1_score":54.39999999999999,"agg/val.SP_age_std":0,"agg/test.best_thr_f1_mean":0.4649999999999999,"agg/test.accuracy_std":0,"agg/val.val_score_bestthr_mean":108.8667901236485,"agg/test.SP_sex_std":0,"agg/test.best_accuracy_std":0,"agg/fold_id_std":0,"seed":0,"val.roc_auc":72.01783723522853,"agg/test.EO_sex_std":0,"agg/best_epoch_mean":30,"agg/test.SP_sex_mean":3.407407407407409,"agg/val.f1_score_std":0,"agg/val.val_score_std":0,"agg/test.accuracy_mean":62.98701298701299,"agg/test.recall_mean":60.71428571428571,"agg/test.val_score_bestthr_mean":84.38892340794473,"agg/val.SP_sex_mean":0.42735042735042583,"agg/seed_mean":0,"test.accuracy":62.98701298701299,"agg/val.EO_age_mean":38.888888888888886,"agg/val.f1_score_mean":68.08510638297872,"agg/test.EO_age_mean":55.080213903743314,"agg/test.best_accuracy_mean":57.7922077922078,"agg/test.f1_score_std":0,"agg/test.val_score_mean":89.04550871727342,"fold":0,"agg/test.SP_age_mean":38.996138996138995,"agg/test.precision_mean":49.275362318840585,"test.roc_auc":64.08527696793003,"agg/fold_id_mean":0,"agg/test.best_f1_mean":55.17241379310346,"agg/seed_std":0,"agg/best_epoch_std":0,"val.val_score":108.8667901236485,"agg/test.val_score_bestthr_std":0,"agg/test.EO_age_std":0,"agg/val.roc_auc_std":0,"val.accuracy":75.80645161290323,"agg/val.EO_sex_std":0,"agg/val.SP_sex_std":0,"agg/test.roc_auc_mean":64.08527696793003,"_runtime":136.047964997,"agg/val.SP_age_mean":40.27777777777778,"agg/val.EO_age_std":0,"val.f1_score":68.08510638297872,"agg/test.EO_sex_mean":16.666666666666664,"agg/val.accuracy_mean":75.80645161290323,"agg/val.EO_sex_mean":18.627450980392158,"agg/val.val_score_mean":108.8667901236485,"agg/test.val_score_std":0,"agg/val.roc_auc_mean":72.01783723522853,"agg/val.accuracy_std":0,"_step":1,"_timestamp":1.7670774179774616e+09,"agg/test.recall_std":0,"agg/test.best_thr_f1_std":0,"agg/val.val_score_bestthr_std":0,"agg/test.best_f1_std":0,"agg/test.f1_score_mean":54.39999999999999,"_wandb":{"runtime":136}}