{"val.f1_score":65.11627906976743,"_step":1,"agg/test.SP_age_mean":31.717011128775834,"val.val_score":105.09836293529368,"_wandb":{"runtime":82},"agg/test.accuracy_std":0,"val.EO_age":44.44444444444445,"agg/val.SP_age_std":0,"agg/test.f1_score_std":0,"agg/fold_id_mean":0,"agg/test.EO_sex_std":0,"val.EO_sex":7.843137254901955,"agg/val.val_score_mean":105.09836293529368,"agg/seed_mean":0,"agg/val.EO_sex_mean":7.843137254901955,"agg/val.val_score_bestthr_std":0,"agg/test.EO_age_std":0,"test.EO_age":58.82352941176471,"agg/val.accuracy_std":0,"agg/val.SP_age_mean":27.083333333333336,"fold":0,"agg/test.roc_auc_mean":59.6938775510204,"agg/seed_std":0,"agg/test.f1_score_mean":42.22222222222223,"_runtime":82.199220869,"agg/val.f1_score_std":0,"seed":0,"agg/val.val_score_std":0,"agg/best_epoch_std":0,"agg/test.recall_std":0,"test.recall":33.92857142857143,"agg/val.EO_age_std":0,"test.accuracy":66.23376623376623,"val.accuracy":75.80645161290323,"agg/val.val_score_bestthr_mean":107.4790016555798,"agg/val.roc_auc_std":0,"agg/best_epoch_mean":44,"test.precision":55.88235294117647,"agg/val.SP_sex_std":0,"agg/test.accuracy_mean":66.23376623376623,"agg/val.roc_auc_mean":74.35897435897436,"test.SP_age":31.717011128775834,"val.SP_age":27.083333333333336,"agg/test.SP_age_std":0,"agg/test.EO_age_mean":58.82352941176471,"_timestamp":1.7672343884681203e+09,"agg/test.EO_sex_mean":4.166666666666669,"agg/val.EO_sex_std":0,"val.SP_sex":9.18803418803419,"agg/test.SP_sex_mean":0.22222222222222088,"test.EO_sex":4.166666666666669,"agg/val.EO_age_mean":44.44444444444445,"agg/val.f1_score_mean":65.11627906976743,"agg/test.precision_mean":55.88235294117647,"agg/fold_id_std":0,"agg/test.roc_auc_std":0,"val.val_score_bestthr":107.4790016555798,"test.f1_score":42.22222222222223,"agg/test.precision_std":0,"test.SP_sex":0.22222222222222088,"agg/test.SP_sex_std":0,"agg/test.recall_mean":33.92857142857143,"agg/val.SP_sex_mean":9.18803418803419,"test.roc_auc":59.6938775510204,"agg/val.accuracy_mean":75.80645161290323,"val.roc_auc":74.35897435897436}