{"test.roc_auc":66.90962099125365,"agg/val.EO_sex_std":0,"agg/seed_std":0,"agg/best_epoch_mean":21,"test.accuracy":61.038961038961034,"agg/val.SP_sex_mean":5.555555555555558,"agg/test.recall_mean":69.64285714285714,"test.f1_score":56.52173913043478,"agg/test.f1_score_mean":56.52173913043478,"agg/test.roc_auc_std":0,"val.f1_score":61.53846153846154,"agg/best_epoch_std":0,"agg/test.EO_age_std":0,"agg/test.EO_sex_mean":35.416666666666664,"agg/test.SP_age_mean":16.92406692406692,"agg/seed_mean":0,"agg/val.SP_age_std":0,"_timestamp":1.7670612455168262e+09,"agg/val.roc_auc_std":0,"agg/test.f1_score_std":0,"agg/test.EO_sex_std":0,"seed":0,"agg/test.best_f1_mean":58.68263473053893,"agg/val.SP_age_mean":22.916666666666668,"agg/val.val_score_bestthr_mean":94.60582169535336,"_runtime":71.126745295,"agg/val.EO_age_std":0,"val.val_score_bestthr":94.60582169535336,"agg/val.val_score_bestthr_std":0,"agg/test.roc_auc_mean":66.90962099125365,"agg/test.accuracy_std":0,"agg/val.val_score_mean":97.52056167793833,"agg/test.val_score_mean":88.47686692047945,"val.roc_auc":68.22742474916387,"agg/test.best_thr_f1_mean":0.4049999999999999,"agg/val.val_score_std":0,"agg/test.recall_std":0,"_wandb":{"runtime":71},"agg/test.EO_age_mean":27.807486631016044,"agg/fold_id_mean":0,"agg/test.val_score_bestthr_mean":83.81473692118902,"agg/test.best_thr_f1_std":0,"agg/test.val_score_bestthr_std":0,"agg/val.EO_age_mean":66.66666666666667,"agg/test.precision_std":0,"agg/test.SP_sex_mean":2.1481481481481546,"agg/val.roc_auc_mean":68.22742474916387,"agg/test.SP_sex_std":0,"agg/val.EO_sex_mean":3.9215686274509887,"agg/test.SP_age_std":0,"agg/test.best_accuracy_std":0,"_step":1,"agg/test.best_f1_std":0,"val.accuracy":67.74193548387096,"val.val_score":97.52056167793833,"agg/val.f1_score_std":0,"agg/val.accuracy_mean":67.74193548387096,"agg/val.accuracy_std":0,"fold":0,"agg/val.f1_score_mean":61.53846153846154,"agg/test.val_score_std":0,"agg/test.best_accuracy_mean":55.1948051948052,"agg/fold_id_std":0,"agg/test.accuracy_mean":61.038961038961034,"agg/test.precision_mean":47.5609756097561,"agg/val.SP_sex_std":0}