{"test.roc_auc":58.819241982507286,"agg/val.accuracy_std":0,"agg/val.EO_age_mean":37.77777777777778,"agg/val.val_score_bestthr_std":0,"_step":1,"agg/best_epoch_mean":45,"agg/val.SP_age_mean":25,"agg/val.EO_sex_std":0,"agg/test.recall_std":0,"agg/val.roc_auc_std":0,"agg/val.f1_score_std":0,"val.val_score_bestthr":102.83572308989767,"agg/test.roc_auc_std":0,"fold":0,"agg/test.SP_age_mean":18.790218790218795,"agg/test.precision_std":0,"test.SP_age":18.790218790218795,"seed":0,"agg/val.EO_sex_mean":14.70588235294118,"test.EO_sex":8.333333333333332,"test.accuracy":66.23376623376623,"val.f1_score":62.222222222222236,"agg/seed_std":0,"agg/val.val_score_mean":98.66787840032623,"agg/test.EO_age_std":0,"agg/test.EO_sex_mean":8.333333333333332,"agg/best_epoch_std":0,"agg/test.accuracy_std":0,"agg/val.SP_sex_mean":8.11965811965812,"agg/test.f1_score_std":0,"_runtime":115.994628915,"test.recall":42.857142857142854,"agg/val.roc_auc_mean":73.69007803790413,"agg/fold_id_std":0,"val.roc_auc":73.69007803790413,"agg/test.SP_age_std":0,"agg/test.accuracy_mean":66.23376623376623,"val.EO_sex":14.70588235294118,"val.SP_age":25,"agg/val.accuracy_mean":72.58064516129032,"val.accuracy":72.58064516129032,"agg/seed_mean":0,"agg/test.SP_sex_mean":6.925925925925927,"val.val_score":98.66787840032623,"agg/val.SP_age_std":0,"agg/test.SP_sex_std":0,"test.SP_sex":6.925925925925927,"_wandb":{"runtime":115},"_timestamp":1.7672453114067569e+09,"agg/val.EO_age_std":0,"agg/val.SP_sex_std":0,"val.EO_age":37.77777777777778,"test.precision":54.54545454545454,"agg/test.EO_sex_std":0,"agg/val.val_score_std":0,"agg/test.recall_mean":42.857142857142854,"agg/test.roc_auc_mean":58.819241982507286,"agg/val.val_score_bestthr_mean":102.83572308989767,"val.SP_sex":8.11965811965812,"test.f1_score":47.99999999999999,"agg/val.f1_score_mean":62.222222222222236,"agg/test.precision_mean":54.54545454545454,"agg/test.EO_age_mean":49.73262032085562,"agg/test.f1_score_mean":47.99999999999999,"test.EO_age":49.73262032085562,"agg/fold_id_mean":0}