{"agg/test.precision_std":0,"agg/test.roc_auc_std":0,"agg/val.SP_age_std":0,"agg/val.val_score_std":0,"agg/val.EO_sex_mean":26.470588235294112,"agg/test.SP_age_std":0,"agg/val.SP_sex_mean":9.829059829059828,"agg/test.best_f1_mean":54.45544554455445,"agg/test.SP_sex_mean":7.2592592592592595,"test.roc_auc":59.402332361516045,"agg/test.precision_mean":42.857142857142854,"agg/fold_id_mean":0,"agg/test.best_accuracy_std":0,"agg/val.SP_age_mean":22.22222222222222,"agg/test.val_score_mean":79.88775297069414,"agg/val.accuracy_std":0,"_step":1,"agg/fold_id_std":0,"agg/test.best_f1_std":0,"agg/test.SP_sex_std":0,"val.f1_score":66.66666666666666,"agg/val.val_score_bestthr_std":0,"agg/test.EO_age_mean":43.31550802139038,"agg/seed_mean":0,"seed":0,"agg/test.SP_age_mean":30.888030888030894,"agg/val.val_score_bestthr_mean":110.13557428761415,"agg/test.val_score_bestthr_std":0,"agg/best_epoch_std":0,"agg/val.f1_score_mean":66.66666666666666,"test.accuracy":57.14285714285714,"agg/val.SP_sex_std":0,"_wandb":{"runtime":110},"agg/test.best_accuracy_mean":40.25974025974026,"agg/seed_std":0,"agg/test.EO_sex_std":0,"agg/val.EO_sex_std":0,"agg/test.EO_sex_mean":25,"agg/test.EO_age_std":0,"agg/val.EO_age_mean":50,"_runtime":110.397725168,"agg/val.accuracy_mean":74.19354838709677,"agg/test.val_score_std":0,"agg/best_epoch_mean":19,"agg/test.f1_score_mean":47.61904761904761,"agg/val.roc_auc_mean":71.46042363433668,"agg/val.roc_auc_std":0,"agg/test.recall_mean":53.57142857142857,"agg/test.roc_auc_mean":59.402332361516045,"val.val_score":106.44166301756434,"_timestamp":1.767070521505858e+09,"agg/val.EO_age_std":0,"agg/test.val_score_bestthr_mean":67.30552102698725,"fold":0,"agg/test.f1_score_std":0,"val.roc_auc":71.46042363433668,"agg/val.f1_score_std":0,"agg/test.best_thr_f1_mean":0.16499999999999998,"agg/test.accuracy_std":0,"agg/test.best_thr_f1_std":0,"agg/val.val_score_mean":106.44166301756434,"test.f1_score":47.61904761904761,"val.accuracy":74.19354838709677,"agg/test.accuracy_mean":57.14285714285714,"agg/test.recall_std":0}