{"agg/val.SP_age_mean":45.833333333333336,"agg/best_epoch_std":0,"agg/val.EO_sex_mean":24.50980392156863,"agg/test.SP_sex_std":0,"agg/test.val_score_mean":89.28805762599879,"agg/test.roc_auc_std":0,"_wandb":{"runtime":123},"_step":1,"agg/test.val_score_bestthr_mean":89.54010016079155,"agg/val.val_score_mean":105.51975283766183,"test.roc_auc":63.046647230320694,"agg/test.EO_sex_mean":29.166666666666668,"agg/test.val_score_bestthr_std":0,"agg/test.SP_age_mean":35.00643500643501,"agg/fold_id_std":0,"agg/val.f1_score_mean":65.21739130434783,"agg/val.roc_auc_mean":72.01783723522854,"agg/seed_mean":0,"agg/seed_std":0,"agg/val.f1_score_std":0,"agg/val.val_score_std":0,"agg/val.SP_sex_std":0,"test.f1_score":50.90909090909091,"agg/val.roc_auc_std":0,"agg/val.EO_age_mean":55.55555555555556,"agg/test.recall_mean":50,"agg/test.best_f1_std":0,"agg/test.roc_auc_mean":63.046647230320694,"agg/test.best_accuracy_std":0,"agg/test.EO_age_mean":43.31550802139038,"_timestamp":1.767076511786694e+09,"test.accuracy":64.93506493506493,"agg/val.EO_sex_std":0,"fold":0,"agg/val.SP_age_std":0,"agg/test.best_accuracy_mean":62.33766233766234,"agg/test.SP_age_std":0,"agg/test.best_thr_f1_mean":0.41999999999999993,"agg/val.EO_age_std":0,"agg/val.val_score_bestthr_mean":105.51975283766183,"agg/test.SP_sex_mean":2.666666666666667,"val.f1_score":65.21739130434783,"agg/test.best_f1_mean":56.71641791044776,"agg/test.val_score_std":0,"val.accuracy":74.19354838709677,"agg/test.EO_sex_std":0,"agg/test.f1_score_mean":50.90909090909091,"val.val_score":105.51975283766183,"agg/best_epoch_mean":22,"agg/val.accuracy_std":0,"agg/test.f1_score_std":0,"agg/val.val_score_bestthr_std":0,"agg/test.accuracy_std":0,"agg/test.best_thr_f1_std":0,"val.roc_auc":72.01783723522854,"agg/test.EO_age_std":0,"agg/fold_id_mean":0,"agg/val.SP_sex_mean":2.350427350427353,"agg/val.accuracy_mean":74.19354838709677,"agg/test.precision_std":0,"seed":0,"agg/test.precision_mean":51.85185185185185,"agg/test.accuracy_mean":64.93506493506493,"_runtime":123.318467217,"agg/test.recall_std":0}