{"agg/test.accuracy_mean":68.83116883116884,"val.EO_age":50,"agg/test.SP_age_std":0,"agg/val.roc_auc_std":0,"test.SP_sex":2.777777777777779,"agg/val.val_score_std":0,"val.val_score_bestthr":106.22366758004803,"agg/val.SP_age_std":0,"agg/test.EO_sex_mean":22.916666666666668,"agg/test.EO_age_mean":55.61497326203209,"agg/val.EO_age_std":0,"agg/val.f1_score_mean":69.09090909090908,"val.EO_sex":0.9803921568627527,"agg/best_epoch_mean":43,"val.f1_score":69.09090909090908,"agg/test.precision_std":0,"test.precision":60,"val.SP_age":29.86111111111111,"_runtime":107.284069537,"agg/test.SP_sex_mean":2.777777777777779,"agg/val.accuracy_mean":72.58064516129032,"agg/test.SP_age_mean":28.95752895752896,"agg/val.SP_sex_std":0,"val.accuracy":72.58064516129032,"agg/val.roc_auc_mean":73.355629877369,"agg/test.EO_age_std":0,"test.EO_age":55.61497326203209,"agg/val.accuracy_std":0,"val.roc_auc":73.355629877369,"agg/best_epoch_std":0,"seed":0,"agg/test.SP_sex_std":0,"agg/fold_id_mean":0,"agg/val.val_score_bestthr_std":0,"agg/test.roc_auc_std":0,"agg/fold_id_std":0,"agg/val.val_score_bestthr_mean":106.22366758004803,"agg/val.EO_sex_mean":0.9803921568627527,"_step":1,"agg/val.EO_age_mean":50,"agg/test.precision_mean":60,"_wandb":{"runtime":107},"_timestamp":1.767241944280336e+09,"agg/test.f1_score_std":0,"agg/test.f1_score_mean":50,"test.f1_score":50,"agg/val.f1_score_std":0,"test.accuracy":68.83116883116884,"test.SP_age":28.95752895752896,"agg/val.SP_age_mean":29.86111111111111,"agg/val.SP_sex_mean":9.401709401709402,"val.SP_sex":9.401709401709402,"fold":0,"test.roc_auc":65.81632653061224,"agg/test.recall_std":0,"test.EO_sex":22.916666666666668,"agg/seed_mean":0,"agg/test.recall_mean":42.857142857142854,"agg/val.val_score_mean":93.89191891547203,"test.recall":42.857142857142854,"agg/test.roc_auc_mean":65.81632653061224,"agg/seed_std":0,"agg/test.accuracy_std":0,"agg/test.EO_sex_std":0,"val.val_score":93.89191891547203,"agg/val.EO_sex_std":0}