{"val/SP_sex":9.54712362301101,"agg/best_epoch_mean":43,"agg/test.EO_age_std":10.006140715977075,"agg/test.precision_std":2.547295595617629,"agg/val.EO_age_std":14.9071198499986,"agg/val.EO_sex_std":10.755525052304698,"agg/val.accuracy_std":9.426863997549972,"agg/val.EO_sex_mean":7.9346405228758154,"agg/fold_id_std":1.4142135623730951,"agg/seed_mean":2,"agg/val.val_score_bestthr_std":10.99691443169613,"agg/test.roc_auc_std":3.8404488974857984,"test/EO_sex":9.523809523809524,"seed":4,"_timestamp":1.7673222472525039e+09,"agg/seed_std":1.4142135623730951,"agg/val.SP_sex_std":9.906138792459638,"agg/test.SP_sex_mean":6.839274667953765,"agg/best_epoch_std":3.847076812334269,"_runtime":383.889543751,"agg/test.f1_score_std":1.734792962888872,"test/EO_age":16.666666666666664,"agg/fold_id_mean":2,"val/val_score_bestthr":88.81453448648908,"val/SP_age":30.3921568627451,"agg/val.f1_score_mean":60.64173822534478,"_wandb":{"runtime":383},"agg/test.accuracy_std":5.454558663747921,"agg/test.SP_age_mean":14.16308149575514,"agg/test.f1_score_mean":55.61621864445006,"val/auc":61.87290969899665,"val/acc":59.67741935483871,"agg/test.EO_age_mean":16.04554595731066,"agg/val.SP_age_std":8.868037449141703,"fold":4,"val/val_score":79.6303763311829,"agg/test.recall_std":6.21080728822991,"agg/test.EO_sex_mean":9.7120082815735,"test/acc":41.830065359477125,"agg/val.roc_auc_mean":61.917502787067995,"agg/test.SP_sex_std":5.386470130810113,"agg/val.f1_score_std":3.8326866579560828,"agg/val.val_score_bestthr_mean":84.21384558959059,"agg/test.roc_auc_mean":59.59983373453814,"test/f1":53.403141361256544,"agg/test.SP_age_std":4.618919748495759,"test/SP_sex":1.8640350877193068,"agg/val.EO_age_mean":16.666666666666668,"test/auc":56.60482374768089,"test/recall":92.72727272727272,"val/f1":60.31746031746032,"agg/val.val_score_std":9.0617176680001,"agg/val.accuracy_mean":54.516129032258064,"_step":5,"agg/test.recall_mean":88.9025974025974,"agg/val.SP_age_mean":22.23563811489508,"test/SP_age":10.416666666666663,"agg/val.roc_auc_std":6.759420819394296,"test/precision":37.5,"agg/test.EO_sex_std":8.1313711348736,"agg/val.val_score_mean":85.71504000435758,"val/EO_sex":28.888888888888886,"agg/val.SP_sex_mean":15.47831022954909,"agg/test.accuracy_mean":48.236142942025296,"agg/test.precision_mean":40.660014221850204,"val/EO_age":33.333333333333336}