{"val.val_score_bestthr":93.19609792775847,"agg/test.roc_auc_mean":56.34110787172012,"agg/test.SP_sex_mean":5.962962962962962,"test.SP_age":13.835263835263836,"agg/test.SP_age_mean":13.835263835263836,"test.roc_auc":56.34110787172012,"agg/test.EO_sex_mean":12.5,"agg/val.SP_sex_mean":0.42735042735042583,"test.recall":14.285714285714285,"agg/val.val_score_mean":93.19609792775847,"agg/val.roc_auc_std":0,"agg/val.f1_score_mean":55.319148936170215,"agg/seed_mean":0,"agg/test.recall_std":0,"val.EO_sex":8.823529411764708,"agg/val.EO_sex_mean":8.823529411764708,"agg/best_epoch_mean":41,"val.f1_score":55.319148936170215,"agg/fold_id_std":0,"test.f1_score":22.857142857142858,"test.precision":57.14285714285714,"agg/val.accuracy_mean":66.12903225806451,"agg/val.SP_sex_std":0,"agg/fold_id_mean":0,"agg/test.accuracy_std":0,"agg/val.EO_age_std":0,"val.val_score":93.19609792775847,"agg/val.SP_age_mean":16.666666666666668,"agg/test.SP_age_std":0,"fold":0,"agg/test.EO_age_mean":29.411764705882355,"agg/val.EO_sex_std":0,"seed":0,"agg/val.val_score_bestthr_mean":93.19609792775847,"agg/test.f1_score_mean":22.857142857142858,"agg/test.f1_score_std":0,"test.accuracy":64.93506493506493,"val.accuracy":66.12903225806451,"test.SP_sex":5.962962962962962,"agg/val.val_score_std":0,"agg/test.precision_std":0,"agg/test.EO_sex_std":0,"_wandb":{"runtime":161},"agg/val.accuracy_std":0,"_timestamp":1.7672332119597754e+09,"agg/val.val_score_bestthr_std":0,"agg/test.roc_auc_std":0,"agg/test.recall_mean":14.285714285714285,"_step":1,"agg/seed_std":0,"agg/test.accuracy_mean":64.93506493506493,"test.EO_sex":12.5,"agg/test.precision_mean":57.14285714285714,"val.EO_age":33.33333333333333,"agg/val.f1_score_std":0,"agg/best_epoch_std":0,"agg/test.EO_age_std":0,"val.roc_auc":64.32552954292086,"agg/test.SP_sex_std":0,"agg/val.SP_age_std":0,"val.SP_sex":0.42735042735042583,"agg/val.EO_age_mean":33.33333333333333,"test.EO_age":29.411764705882355,"val.SP_age":16.666666666666668,"agg/val.roc_auc_mean":64.32552954292086,"_runtime":161.642958389}