{"agg/val.accuracy_mean":69.35483870967742,"agg/val.SP_sex_mean":5.341880341880342,"test.accuracy":64.28571428571429,"test.roc_auc":61.00583090379009,"val.roc_auc":60.423634336677814,"val.f1_score":42.42424242424242,"agg/best_epoch_mean":33,"agg/test.best_thr_f1_std":0,"agg/test.roc_auc_mean":61.00583090379009,"agg/test.precision_std":0,"agg/test.SP_age_std":0,"agg/test.f1_score_mean":33.734939759036145,"agg/val.val_score_bestthr_std":0,"agg/seed_std":0,"agg/test.recall_std":0,"_timestamp":1.7670597122144876e+09,"agg/val.EO_sex_std":0,"agg/fold_id_std":0,"agg/test.f1_score_std":0,"agg/test.val_score_mean":80.37965239817119,"agg/test.best_thr_f1_mean":0.4799999999999999,"agg/test.val_score_std":0,"agg/test.best_accuracy_std":0,"val.val_score":89.94654765432753,"fold":0,"agg/test.accuracy_mean":64.28571428571429,"agg/test.precision_mean":51.85185185185185,"agg/test.EO_sex_std":0,"val.val_score_bestthr":78.51115611670639,"_step":1,"agg/test.SP_sex_std":0,"agg/val.EO_age_std":0,"agg/test.recall_mean":25,"agg/test.best_accuracy_mean":55.84415584415584,"agg/fold_id_mean":0,"agg/test.SP_sex_mean":1.5185185185185164,"agg/val.accuracy_std":0,"agg/test.roc_auc_std":0,"agg/test.val_score_bestthr_std":0,"agg/test.best_f1_std":0,"_wandb":{"runtime":57},"agg/test.SP_age_mean":34.65818759936407,"agg/val.SP_age_std":0,"val.accuracy":69.35483870967742,"agg/val.val_score_std":0,"agg/val.SP_sex_std":0,"agg/test.EO_age_std":0,"agg/seed_mean":0,"agg/val.val_score_bestthr_mean":78.51115611670639,"agg/test.EO_sex_mean":0,"agg/val.SP_age_mean":25,"test.f1_score":33.734939759036145,"agg/test.accuracy_std":0,"agg/test.val_score_bestthr_mean":83.20207427075073,"agg/val.f1_score_mean":42.42424242424242,"agg/val.roc_auc_std":0,"seed":0,"agg/val.EO_sex_mean":3.9215686274509776,"agg/val.f1_score_std":0,"agg/test.EO_age_mean":41.17647058823529,"agg/best_epoch_std":0,"agg/val.EO_age_mean":27.77777777777778,"agg/test.best_f1_mean":56.41025641025641,"agg/val.roc_auc_mean":60.423634336677814,"_runtime":57.589890913,"agg/val.val_score_mean":89.94654765432753}