{"agg/best_epoch_std":0,"val.val_score":101.62815545986798,"val.SP_age":40.27777777777778,"agg/best_epoch_mean":16,"test.SP_sex":2.37037037037037,"val.accuracy":72.58064516129032,"agg/val.val_score_bestthr_mean":103.9181583717027,"agg/val.f1_score_mean":65.3061224489796,"agg/test.EO_sex_mean":20.833333333333332,"agg/val.SP_sex_std":0,"agg/fold_id_mean":0,"agg/test.recall_mean":32.142857142857146,"agg/fold_id_std":0,"agg/val.EO_sex_std":0,"agg/val.accuracy_std":0,"val.roc_auc":72.79821627647715,"agg/val.val_score_std":0,"agg/test.f1_score_mean":42.352941176470594,"_runtime":80.320502552,"test.precision":62.06896551724138,"agg/val.SP_sex_mean":5.9829059829059785,"agg/seed_mean":0,"agg/test.SP_sex_mean":2.37037037037037,"agg/val.SP_age_std":0,"agg/val.accuracy_mean":72.58064516129032,"agg/val.EO_age_mean":66.66666666666667,"agg/test.EO_sex_std":0,"agg/val.roc_auc_std":0,"agg/test.SP_age_mean":25.611325611325615,"agg/val.EO_age_std":0,"agg/seed_std":0,"agg/test.roc_auc_mean":60.42274052478134,"test.f1_score":42.352941176470594,"agg/test.roc_auc_std":0,"agg/val.SP_age_mean":40.27777777777778,"test.recall":32.142857142857146,"agg/test.precision_std":0,"val.val_score_bestthr":103.9181583717027,"agg/test.accuracy_mean":68.18181818181817,"val.EO_age":66.66666666666667,"seed":0,"agg/test.EO_age_std":0,"_step":1,"_timestamp":1.767243772465747e+09,"test.roc_auc":60.42274052478134,"agg/val.val_score_bestthr_std":0,"val.EO_sex":18.627450980392158,"_wandb":{"runtime":80},"val.f1_score":65.3061224489796,"agg/val.f1_score_std":0,"agg/test.SP_sex_std":0,"test.accuracy":68.18181818181817,"val.SP_sex":5.9829059829059785,"agg/test.accuracy_std":0,"test.EO_sex":20.833333333333332,"agg/test.recall_std":0,"agg/test.f1_score_std":0,"agg/test.SP_age_std":0,"agg/val.val_score_mean":101.62815545986798,"agg/val.roc_auc_mean":72.79821627647715,"fold":0,"agg/val.EO_sex_mean":18.627450980392158,"test.SP_age":25.611325611325615,"test.EO_age":32.085561497326196,"agg/test.EO_age_mean":32.085561497326196,"agg/test.precision_mean":62.06896551724138}