{"agg/val.f1_score_mean":61.224489795918366,"agg/val.accuracy_mean":69.35483870967742,"agg/test.recall_mean":39.285714285714285,"agg/test.precision_std":0,"_runtime":130.105343604,"val.val_score_bestthr":99.03470552819971,"val.EO_age":50,"agg/best_epoch_std":0,"agg/test.EO_age_mean":19.786096256684495,"val.roc_auc":67.78149386845038,"agg/val.val_score_std":0,"agg/fold_id_std":0,"agg/val.EO_sex_std":0,"agg/test.accuracy_std":0,"agg/val.roc_auc_std":0,"agg/val.val_score_mean":99.03470552819971,"agg/test.f1_score_std":0,"agg/test.EO_sex_mean":12.5,"agg/test.accuracy_mean":66.88311688311688,"agg/val.val_score_bestthr_std":0,"test.accuracy":66.88311688311688,"agg/test.f1_score_mean":46.31578947368421,"agg/best_epoch_mean":52,"agg/val.val_score_bestthr_mean":99.03470552819971,"agg/test.SP_age_mean":18.468468468468473,"agg/val.SP_age_mean":16.666666666666668,"agg/test.recall_std":0,"agg/seed_std":0,"test.EO_age":19.786096256684495,"agg/val.EO_age_mean":50,"val.SP_age":16.666666666666668,"val.f1_score":61.224489795918366,"agg/val.roc_auc_mean":67.78149386845038,"agg/test.roc_auc_mean":64.86880466472303,"agg/val.f1_score_std":0,"val.val_score":99.03470552819971,"_step":1,"agg/test.precision_mean":56.41025641025641,"test.precision":56.41025641025641,"agg/test.SP_age_std":0,"test.f1_score":46.31578947368421,"agg/val.EO_age_std":0,"_wandb":{"runtime":130},"agg/test.roc_auc_std":0,"agg/val.EO_sex_mean":20.588235294117652,"val.SP_sex":5.9829059829059785,"_timestamp":1.7672473892855856e+09,"seed":0,"agg/val.accuracy_std":0,"agg/test.EO_age_std":0,"agg/val.SP_age_std":0,"agg/test.SP_sex_std":0,"test.SP_age":18.468468468468473,"agg/test.SP_sex_mean":1.9259259259259283,"test.SP_sex":1.9259259259259283,"agg/val.SP_sex_std":0,"val.accuracy":69.35483870967742,"agg/seed_mean":0,"val.EO_sex":20.588235294117652,"test.EO_sex":12.5,"agg/val.SP_sex_mean":5.9829059829059785,"agg/fold_id_mean":0,"fold":0,"test.roc_auc":64.86880466472303,"test.recall":39.285714285714285,"agg/test.EO_sex_std":0}