{"_step":1,"agg/test.SP_sex_mean":16.296296296296287,"agg/val.roc_auc_mean":68.78483835005574,"agg/seed_std":0,"fold":0,"val.val_score":102.7041044291993,"test.accuracy":50,"agg/seed_mean":0,"agg/val.accuracy_mean":70.96774193548387,"val.f1_score":65.38461538461539,"agg/best_epoch_mean":19,"agg/val.roc_auc_std":0,"agg/fold_id_mean":0,"agg/val.EO_sex_mean":9.80392156862745,"agg/test.SP_age_std":0,"agg/val.val_score_std":0,"agg/fold_id_std":0,"val.accuracy":70.96774193548387,"agg/val.val_score_bestthr_mean":102.7041044291993,"agg/val.f1_score_mean":65.38461538461539,"agg/test.EO_sex_mean":20.833333333333336,"agg/val.SP_sex_mean":1.0683760683760646,"agg/test.recall_mean":69.64285714285714,"agg/val.EO_age_mean":50,"agg/test.best_f1_std":0,"agg/test.roc_auc_mean":60.80539358600583,"agg/test.val_score_bestthr_std":0,"agg/test.EO_age_mean":21.92513368983957,"agg/val.SP_age_mean":34.72222222222222,"agg/test.best_accuracy_std":0,"agg/test.best_accuracy_mean":46.75324675324675,"agg/test.val_score_mean":74.40222122674683,"test.f1_score":50.322580645161295,"agg/test.best_thr_f1_std":0,"_wandb":{"runtime":59},"agg/test.roc_auc_std":0,"agg/test.EO_sex_std":0,"agg/test.val_score_std":0,"_timestamp":1.7670781827050416e+09,"agg/test.f1_score_mean":50.322580645161295,"agg/test.recall_std":0,"agg/val.EO_age_std":0,"agg/test.best_f1_mean":54.44444444444445,"agg/val.f1_score_std":0,"agg/val.EO_sex_std":0,"agg/test.accuracy_mean":50,"test.roc_auc":60.80539358600583,"_runtime":59.19830158,"agg/best_epoch_std":0,"agg/val.SP_age_std":0,"agg/test.SP_sex_std":0,"agg/test.EO_age_std":0,"agg/test.f1_score_std":0,"agg/val.val_score_bestthr_std":0,"agg/val.accuracy_std":0,"seed":0,"agg/val.SP_sex_std":0,"agg/test.val_score_bestthr_mean":73.27370144189727,"agg/test.precision_mean":39.39393939393939,"agg/val.val_score_mean":102.7041044291993,"agg/test.precision_std":0,"agg/test.SP_age_mean":16.85214626391097,"agg/test.accuracy_std":0,"val.roc_auc":68.78483835005574,"agg/test.best_thr_f1_mean":0.36499999999999994}