{"_step":1,"agg/test.precision_mean":44.5945945945946,"agg/test.f1_score_std":0,"agg/test.best_accuracy_std":0,"test.accuracy":58.44155844155844,"agg/val.SP_age_mean":27.77777777777778,"agg/test.f1_score_mean":50.76923076923077,"agg/test.SP_age_mean":34.234234234234236,"agg/test.SP_age_std":0,"agg/test.roc_auc_mean":61.552478134110785,"_wandb":{"runtime":151},"val.roc_auc":71.46042363433668,"agg/test.EO_age_std":0,"_runtime":151.726864509,"agg/val.accuracy_mean":74.19354838709677,"agg/fold_id_mean":0,"agg/test.best_f1_mean":56.375838926174495,"val.accuracy":74.19354838709677,"seed":0,"agg/val.EO_age_mean":50,"agg/val.f1_score_std":0,"agg/test.best_accuracy_mean":57.7922077922078,"agg/fold_id_std":0,"agg/test.recall_std":0,"agg/test.val_score_std":0,"agg/val.accuracy_std":0,"agg/test.best_thr_f1_std":0,"agg/seed_mean":0,"agg/test.best_thr_f1_mean":0.42999999999999994,"agg/val.val_score_std":0,"agg/val.roc_auc_std":0,"agg/best_epoch_std":0,"agg/test.val_score_bestthr_mean":85.08600692029236,"agg/test.val_score_bestthr_std":0,"agg/best_epoch_mean":19,"val.f1_score":66.66666666666666,"agg/seed_std":0,"agg/val.roc_auc_mean":71.46042363433668,"test.f1_score":50.76923076923077,"agg/val.EO_age_std":0,"agg/val.f1_score_mean":66.66666666666666,"agg/val.val_score_bestthr_std":0,"agg/val.SP_age_std":0,"agg/val.val_score_bestthr_mean":109.43594379439119,"agg/val.SP_sex_std":0,"agg/test.val_score_mean":82.90388347432466,"agg/test.accuracy_mean":58.44155844155844,"agg/test.roc_auc_std":0,"agg/test.EO_sex_std":0,"agg/val.SP_sex_mean":16.45299145299145,"agg/test.EO_age_mean":25.1336898395722,"agg/test.recall_mean":58.92857142857143,"agg/test.SP_sex_mean":14.111111111111112,"val.val_score":106.31986814576946,"_timestamp":1.767075901881888e+09,"agg/val.EO_sex_mean":26.470588235294112,"agg/test.accuracy_std":0,"agg/val.val_score_mean":106.31986814576946,"agg/test.precision_std":0,"agg/test.best_f1_std":0,"agg/val.EO_sex_std":0,"test.roc_auc":61.552478134110785,"fold":0,"agg/test.EO_sex_mean":18.75,"agg/test.SP_sex_std":0}