{"agg/test.EO_age_mean":27.27272727272727,"agg/val.val_score_bestthr_std":0,"test.roc_auc":58.4365889212828,"agg/val.f1_score_std":0,"agg/test.f1_score_std":0,"val.roc_auc":73.69007803790413,"agg/seed_mean":0,"agg/test.recall_mean":30.357142857142854,"seed":0,"agg/val.accuracy_std":0,"test.accuracy":62.98701298701299,"agg/val.val_score_std":0,"val.EO_age":66.66666666666667,"agg/test.SP_age_std":0,"_wandb":{"runtime":97},"test.SP_age":13.384813384813388,"agg/test.EO_sex_std":0,"agg/val.EO_sex_mean":6.862745098039225,"agg/val.f1_score_mean":67.9245283018868,"agg/val.accuracy_mean":72.58064516129032,"agg/test.precision_mean":48.57142857142857,"test.f1_score":37.362637362637365,"_step":1,"agg/test.recall_std":0,"agg/fold_id_std":0,"agg/test.roc_auc_mean":58.4365889212828,"val.accuracy":72.58064516129032,"test.EO_age":27.27272727272727,"val.val_score":105.30761519458666,"agg/test.SP_sex_std":0,"val.EO_sex":6.862745098039225,"agg/seed_std":0,"test.EO_sex":6.25,"agg/val.SP_sex_mean":2.777777777777779,"agg/val.SP_sex_std":0,"agg/val.EO_age_std":0,"agg/test.roc_auc_std":0,"agg/test.EO_sex_mean":6.25,"val.val_score_bestthr":105.30761519458666,"agg/val.SP_age_mean":47.22222222222222,"test.SP_sex":6.481481481481483,"agg/test.accuracy_std":0,"val.SP_sex":2.777777777777779,"agg/best_epoch_std":0,"val.SP_age":47.22222222222222,"agg/val.EO_age_mean":66.66666666666667,"agg/val.roc_auc_std":0,"agg/test.SP_age_mean":13.384813384813388,"agg/best_epoch_mean":21,"agg/val.roc_auc_mean":73.69007803790413,"agg/test.EO_age_std":0,"_runtime":97.789482063,"agg/test.accuracy_mean":62.98701298701299,"val.f1_score":67.9245283018868,"agg/val.EO_sex_std":0,"agg/test.SP_sex_mean":6.481481481481483,"agg/fold_id_mean":0,"agg/val.val_score_mean":105.30761519458666,"agg/val.val_score_bestthr_mean":105.30761519458666,"agg/test.f1_score_mean":37.362637362637365,"test.recall":30.357142857142854,"agg/test.precision_std":0,"agg/val.SP_age_std":0,"test.precision":48.57142857142857,"_timestamp":1.767237404563474e+09,"fold":0}