{"agg/test.EO_age_std":0,"val.EO_sex":25.490196078431378,"val.val_score_bestthr":98.21503777689738,"seed":0,"agg/test.accuracy_std":0,"agg/val.EO_age_mean":63.33333333333334,"fold":0,"agg/test.precision_mean":58.06451612903226,"test.f1_score":41.37931034482759,"val.accuracy":70.96774193548387,"agg/val.EO_sex_std":0,"agg/test.recall_mean":32.142857142857146,"agg/test.precision_std":0,"agg/fold_id_mean":0,"test.EO_age":28.87700534759358,"test.roc_auc":64.66836734693877,"val.val_score":98.21503777689738,"val.EO_age":63.33333333333334,"agg/val.accuracy_mean":70.96774193548387,"agg/val.val_score_bestthr_std":0,"val.f1_score":57.14285714285715,"agg/test.recall_std":0,"agg/seed_mean":0,"agg/val.f1_score_std":0,"agg/best_epoch_std":0,"agg/val.val_score_mean":98.21503777689738,"agg/val.roc_auc_std":0,"agg/val.SP_sex_std":0,"test.SP_sex":3.2222222222222205,"agg/val.SP_age_mean":30.555555555555557,"agg/test.EO_sex_mean":20.833333333333332,"test.EO_sex":20.833333333333332,"_timestamp":1.7672499784695778e+09,"test.precision":58.06451612903226,"agg/fold_id_std":0,"agg/val.accuracy_std":0,"agg/val.EO_sex_mean":25.490196078431378,"_runtime":109.884422848,"agg/test.SP_sex_mean":3.2222222222222205,"agg/val.val_score_std":0,"agg/val.SP_sex_mean":13.034188034188032,"test.accuracy":66.88311688311688,"_step":1,"agg/test.roc_auc_mean":64.66836734693877,"agg/test.SP_age_mean":15.444015444015447,"agg/test.EO_age_mean":28.87700534759358,"agg/val.val_score_bestthr_mean":98.21503777689738,"test.SP_age":15.444015444015447,"_wandb":{"runtime":109},"agg/val.SP_age_std":0,"agg/test.SP_age_std":0,"agg/test.f1_score_mean":41.37931034482759,"val.SP_age":30.555555555555557,"agg/val.roc_auc_mean":68.67335562987738,"agg/val.f1_score_mean":57.14285714285715,"agg/test.f1_score_std":0,"agg/seed_std":0,"agg/best_epoch_mean":49,"agg/test.SP_sex_std":0,"agg/test.roc_auc_std":0,"val.roc_auc":68.67335562987738,"val.SP_sex":13.034188034188032,"agg/test.accuracy_mean":66.88311688311688,"test.recall":32.142857142857146,"agg/val.EO_age_std":0,"agg/test.EO_sex_std":0}