{"agg/val.accuracy_mean":70.96774193548387,"agg/val.EO_age_std":0,"agg/best_epoch_mean":19,"agg/test.f1_score_std":0,"seed":0,"test.EO_sex":2.0833333333333313,"agg/fold_id_std":0,"agg/val.EO_sex_mean":9.80392156862745,"agg/test.EO_sex_mean":2.0833333333333313,"agg/test.accuracy_std":0,"agg/val.roc_auc_mean":68.22742474916387,"agg/val.SP_sex_mean":1.0683760683760646,"agg/val.SP_sex_std":0,"val.EO_age":50,"agg/test.SP_sex_mean":1.7777777777777781,"_runtime":60.971202671,"agg/val.val_score_bestthr_mean":102.82215998475486,"agg/val.val_score_mean":102.82215998475486,"val.roc_auc":68.22742474916387,"agg/val.SP_age_std":0,"agg/test.accuracy_mean":66.23376623376623,"agg/test.EO_age_std":0,"agg/test.SP_sex_std":0,"agg/val.val_score_bestthr_std":0,"test.SP_sex":1.7777777777777781,"val.val_score_bestthr":102.82215998475486,"agg/test.EO_age_mean":47.05882352941176,"agg/test.roc_auc_std":0,"agg/test.precision_std":0,"agg/test.precision_mean":55.55555555555556,"test.f1_score":43.47826086956522,"test.roc_auc":59.985422740524776,"val.SP_age":22.916666666666668,"val.f1_score":65.38461538461539,"agg/val.val_score_std":0,"agg/test.SP_age_mean":21.171171171171174,"test.EO_age":47.05882352941176,"val.EO_sex":9.80392156862745,"test.accuracy":66.23376623376623,"test.SP_age":21.171171171171174,"agg/val.EO_sex_std":0,"agg/test.recall_mean":35.714285714285715,"agg/val.SP_age_mean":22.916666666666668,"val.accuracy":70.96774193548387,"agg/test.EO_sex_std":0,"val.SP_sex":1.0683760683760646,"agg/test.SP_age_std":0,"agg/val.EO_age_mean":50,"_step":1,"agg/fold_id_mean":0,"agg/test.f1_score_mean":43.47826086956522,"_wandb":{"runtime":60},"_timestamp":1.7672364213729076e+09,"val.val_score":102.82215998475486,"fold":0,"agg/val.roc_auc_std":0,"agg/seed_mean":0,"test.recall":35.714285714285715,"agg/test.roc_auc_mean":59.985422740524776,"agg/val.f1_score_std":0,"agg/val.accuracy_std":0,"agg/test.recall_std":0,"agg/best_epoch_std":0,"test.precision":55.55555555555556,"agg/seed_std":0,"agg/val.f1_score_mean":65.38461538461539}