{"agg/val.accuracy_std":0,"_runtime":59.444327648,"agg/test.SP_age_mean":27.99227799227799,"seed":0,"agg/val.EO_age_std":0,"agg/test.accuracy_std":0,"agg/test.SP_sex_std":0,"agg/best_epoch_std":0,"val.f1_score":69.09090909090908,"agg/seed_mean":0,"test.roc_auc":59.63921282798833,"agg/val.accuracy_mean":72.58064516129032,"agg/best_epoch_mean":10,"agg/test.EO_sex_mean":8.333333333333332,"agg/val.EO_sex_std":0,"_timestamp":1.767233375443145e+09,"agg/test.recall_std":0,"agg/test.SP_age_std":0,"agg/test.EO_age_std":0,"val.roc_auc":72.79821627647713,"agg/test.EO_sex_std":0,"test.SP_age":27.99227799227799,"agg/val.EO_age_mean":50,"agg/test.SP_sex_mean":6.185185185185185,"agg/test.precision_mean":58.620689655172406,"agg/val.f1_score_std":0,"val.SP_sex":3.8461538461538436,"agg/test.roc_auc_mean":59.63921282798833,"_step":1,"agg/seed_std":0,"agg/fold_id_std":0,"test.EO_age":47.05882352941176,"agg/test.f1_score_std":0,"val.val_score_bestthr":106.22366758004803,"agg/val.val_score_bestthr_mean":106.22366758004803,"_wandb":{"runtime":59},"agg/val.SP_sex_std":0,"val.val_score":103.40541811466153,"fold":0,"agg/val.roc_auc_std":0,"val.EO_age":50,"agg/test.precision_std":0,"agg/val.SP_sex_mean":3.8461538461538436,"agg/fold_id_mean":0,"agg/val.val_score_bestthr_std":0,"test.EO_sex":8.333333333333332,"agg/val.f1_score_mean":69.09090909090908,"test.recall":30.357142857142854,"agg/test.f1_score_mean":40,"agg/val.val_score_std":0,"agg/val.EO_sex_mean":0.9803921568627527,"val.SP_age":35.41666666666667,"val.EO_sex":0.9803921568627527,"agg/test.recall_mean":30.357142857142854,"agg/val.SP_age_mean":35.41666666666667,"val.accuracy":72.58064516129032,"agg/test.accuracy_mean":66.88311688311688,"test.SP_sex":6.185185185185185,"agg/test.EO_age_mean":47.05882352941176,"agg/test.roc_auc_std":0,"agg/val.roc_auc_mean":72.79821627647713,"agg/val.SP_age_std":0,"test.precision":58.620689655172406,"agg/val.val_score_mean":103.40541811466153,"test.accuracy":66.88311688311688,"test.f1_score":40}