{"agg/test.roc_auc_mean":62.973760932944614,"agg/test.best_accuracy_mean":63.63636363636363,"agg/val.val_score_std":0,"agg/seed_std":0,"test.f1_score":53.78151260504202,"agg/test.val_score_bestthr_mean":91.34435026302674,"agg/test.best_accuracy_std":0,"agg/fold_id_std":0,"agg/test.val_score_bestthr_std":0,"agg/test.precision_std":0,"agg/test.precision_mean":50.79365079365079,"agg/test.EO_age_mean":40.10695187165775,"agg/val.val_score_bestthr_mean":106.26110746200878,"agg/test.val_score_std":0,"agg/val.roc_auc_std":0,"agg/val.SP_age_std":0,"val.roc_auc":71.68338907469342,"agg/val.EO_sex_std":0,"agg/val.EO_age_std":0,"agg/test.SP_age_mean":22.779922779922778,"agg/test.roc_auc_std":0,"val.val_score":106.26110746200878,"val.f1_score":66.66666666666666,"agg/val.SP_sex_mean":9.829059829059828,"agg/test.best_f1_std":0,"agg/val.roc_auc_mean":71.68338907469342,"agg/val.accuracy_std":0,"agg/test.EO_sex_std":0,"_wandb":{"runtime":104},"agg/test.recall_mean":57.14285714285714,"agg/test.SP_sex_std":0,"agg/best_epoch_mean":46,"agg/val.EO_sex_mean":26.470588235294112,"agg/test.best_thr_f1_std":0,"agg/test.SP_sex_mean":17.37037037037037,"val.accuracy":74.19354838709677,"agg/val.accuracy_mean":74.19354838709677,"fold":0,"agg/val.f1_score_std":0,"agg/fold_id_mean":0,"agg/val.SP_age_mean":40.27777777777778,"agg/test.f1_score_mean":53.78151260504202,"_timestamp":1.7670813751567454e+09,"test.accuracy":64.28571428571429,"agg/test.EO_sex_mean":6.25,"agg/test.SP_age_std":0,"agg/val.SP_sex_std":0,"test.roc_auc":62.973760932944614,"agg/val.val_score_bestthr_std":0,"agg/best_epoch_std":0,"_runtime":104.127114781,"agg/val.val_score_mean":106.26110746200878,"agg/test.accuracy_mean":64.28571428571429,"agg/test.recall_std":0,"agg/test.val_score_mean":90.31139813801579,"agg/test.best_f1_mean":56.923076923076934,"agg/val.EO_age_mean":50,"seed":0,"agg/test.accuracy_std":0,"agg/val.f1_score_mean":66.66666666666666,"agg/test.f1_score_std":0,"_step":1,"agg/test.best_thr_f1_mean":0.43499999999999994,"agg/seed_mean":0,"agg/test.EO_age_std":0}