{"agg/val.EO_age_mean":6.6666666666666705,"agg/test.precision_mean":65.38461538461539,"agg/test.EO_age_std":0,"val.accuracy":70.96774193548387,"_timestamp":1.7672359930733683e+09,"agg/val.EO_sex_std":0,"_runtime":96.348144449,"_step":1,"val.SP_age":13.88888888888889,"agg/test.roc_auc_mean":60.0036443148688,"agg/test.EO_sex_std":0,"agg/val.SP_age_mean":13.88888888888889,"test.recall":30.357142857142854,"test.SP_sex":0.3333333333333355,"agg/val.SP_sex_mean":2.564102564102566,"agg/val.val_score_mean":93.3638973455387,"val.EO_age":6.6666666666666705,"test.EO_age":47.05882352941176,"agg/val.EO_age_std":0,"test.SP_age":27.670527670527672,"agg/val.val_score_std":0,"test.precision":65.38461538461539,"test.EO_sex":8.333333333333332,"agg/test.recall_mean":30.357142857142854,"val.val_score_bestthr":94.060074766052,"agg/val.SP_sex_std":0,"val.roc_auc":68.33890746934225,"val.SP_sex":2.564102564102566,"agg/test.SP_sex_mean":0.3333333333333355,"agg/test.accuracy_std":0,"agg/fold_id_mean":0,"agg/val.accuracy_mean":70.96774193548387,"agg/test.EO_sex_mean":8.333333333333332,"agg/test.f1_score_std":0,"agg/best_epoch_mean":23,"agg/test.EO_age_mean":47.05882352941176,"agg/test.SP_age_std":0,"agg/fold_id_std":0,"seed":0,"agg/val.roc_auc_std":0,"agg/test.f1_score_mean":41.46341463414634,"agg/test.precision_std":0,"agg/val.SP_age_std":0,"agg/val.val_score_bestthr_mean":94.060074766052,"agg/best_epoch_std":0,"test.roc_auc":60.0036443148688,"test.f1_score":41.46341463414634,"_wandb":{"runtime":96},"agg/seed_mean":0,"agg/val.val_score_bestthr_std":0,"val.f1_score":47.05882352941176,"fold":0,"agg/val.f1_score_std":0,"agg/test.roc_auc_std":0,"agg/val.roc_auc_mean":68.33890746934225,"agg/test.accuracy_mean":68.83116883116884,"agg/seed_std":0,"val.EO_sex":20.588235294117645,"agg/test.SP_age_mean":27.670527670527672,"agg/val.accuracy_std":0,"agg/test.recall_std":0,"val.val_score":93.3638973455387,"agg/val.EO_sex_mean":20.588235294117645,"agg/val.f1_score_mean":47.05882352941176,"test.accuracy":68.83116883116884,"agg/test.SP_sex_std":0}