{"fold":0,"agg/test.roc_auc_std":0,"val.SP_age":27.77777777777778,"agg/val.f1_score_mean":57.777777777777786,"test.recall":30.357142857142854,"val.accuracy":69.35483870967742,"val.roc_auc":68.45039018952062,"agg/val.val_score_bestthr_std":0,"agg/test.SP_age_mean":25.289575289575296,"agg/test.precision_mean":58.620689655172406,"agg/val.SP_age_std":0,"test.EO_age":47.05882352941176,"_runtime":67.059189351,"agg/test.EO_sex_mean":8.333333333333332,"val.EO_sex":8.823529411764708,"agg/test.f1_score_mean":40,"agg/val.accuracy_std":0,"test.f1_score":40,"agg/fold_id_mean":0,"agg/val.val_score_mean":94.98294582334677,"test.precision":58.620689655172406,"test.SP_sex":6.185185185185185,"agg/test.recall_mean":30.357142857142854,"agg/test.SP_sex_std":0,"agg/test.f1_score_std":0,"agg/test.accuracy_std":0,"test.SP_age":25.289575289575296,"agg/val.accuracy_mean":69.35483870967742,"_step":1,"agg/val.EO_sex_std":0,"_timestamp":1.7672418296560075e+09,"agg/test.roc_auc_mean":61.62536443148689,"agg/val.roc_auc_std":0,"agg/test.accuracy_mean":66.88311688311688,"agg/test.recall_std":0,"agg/val.f1_score_std":0,"test.EO_sex":8.333333333333332,"agg/val.EO_age_mean":66.66666666666667,"agg/val.SP_sex_mean":8.11965811965812,"val.val_score_bestthr":97.12985127880765,"agg/val.EO_sex_mean":8.823529411764708,"agg/fold_id_std":0,"_wandb":{"runtime":67},"agg/best_epoch_mean":18,"val.EO_age":66.66666666666667,"test.accuracy":66.88311688311688,"agg/val.EO_age_std":0,"agg/seed_std":0,"agg/val.val_score_bestthr_mean":97.12985127880765,"agg/seed_mean":0,"agg/test.SP_age_std":0,"agg/val.roc_auc_mean":68.45039018952062,"agg/test.precision_std":0,"test.roc_auc":61.62536443148689,"agg/val.SP_sex_std":0,"agg/test.SP_sex_mean":6.185185185185185,"agg/val.SP_age_mean":27.77777777777778,"agg/test.EO_sex_std":0,"agg/test.EO_age_mean":47.05882352941176,"agg/test.EO_age_std":0,"val.SP_sex":8.11965811965812,"agg/val.val_score_std":0,"agg/best_epoch_std":0,"val.val_score":94.98294582334677,"val.f1_score":57.777777777777786,"seed":0}