{"agg/val.roc_auc_std":0,"agg/test.f1_score_mean":38.55421686746988,"val.SP_sex":8.11965811965812,"test.roc_auc":61.93513119533528,"val.accuracy":69.35483870967742,"val.val_score_bestthr":97.12985127880765,"agg/fold_id_mean":0,"val.val_score":97.12985127880765,"test.f1_score":38.55421686746988,"agg/test.precision_mean":59.25925925925925,"val.EO_sex":8.823529411764708,"agg/test.EO_age_std":0,"agg/val.f1_score_std":0,"agg/test.precision_std":0,"agg/val.val_score_std":0,"agg/fold_id_std":0,"_wandb":{"runtime":58},"agg/val.EO_sex_mean":8.823529411764708,"agg/test.EO_age_mean":32.085561497326196,"test.accuracy":66.88311688311688,"val.roc_auc":67.67001114827201,"agg/test.EO_sex_mean":10.416666666666668,"agg/test.roc_auc_std":0,"val.SP_age":27.77777777777778,"test.SP_age":22.586872586872587,"val.f1_score":57.777777777777786,"agg/val.EO_age_mean":66.66666666666667,"agg/test.f1_score_std":0,"test.SP_sex":4.185185185185186,"agg/val.accuracy_mean":69.35483870967742,"agg/seed_std":0,"fold":0,"agg/val.SP_age_std":0,"agg/seed_mean":0,"agg/test.EO_sex_std":0,"_step":1,"agg/val.val_score_bestthr_std":0,"test.EO_sex":10.416666666666668,"seed":0,"agg/test.SP_age_std":0,"agg/test.roc_auc_mean":61.93513119533528,"agg/test.SP_sex_mean":4.185185185185186,"agg/val.accuracy_std":0,"agg/test.recall_std":0,"test.EO_age":32.085561497326196,"agg/test.accuracy_mean":66.88311688311688,"agg/val.SP_sex_std":0,"agg/val.roc_auc_mean":67.67001114827201,"agg/val.val_score_bestthr_mean":97.12985127880765,"agg/val.EO_age_std":0,"agg/val.val_score_mean":97.12985127880765,"agg/val.SP_sex_mean":8.11965811965812,"val.EO_age":66.66666666666667,"agg/val.SP_age_mean":27.77777777777778,"agg/val.EO_sex_std":0,"test.recall":28.57142857142857,"agg/test.SP_sex_std":0,"agg/test.SP_age_mean":22.586872586872587,"agg/test.accuracy_std":0,"agg/best_epoch_std":0,"_runtime":58.900091057,"agg/test.recall_mean":28.57142857142857,"_timestamp":1.7672488925293448e+09,"agg/best_epoch_mean":18,"agg/val.f1_score_mean":57.777777777777786,"test.precision":59.25925925925925}