{"test.f1_score":38.095238095238095,"agg/val.roc_auc_mean":66.77814938684504,"agg/val.accuracy_std":0,"agg/test.precision_std":0,"agg/seed_std":0,"agg/val.f1_score_mean":50,"test.recall":28.57142857142857,"val.val_score":95.17324721451857,"agg/best_epoch_mean":34,"val.SP_age":22.22222222222222,"agg/val.roc_auc_std":0,"agg/test.EO_age_mean":37.96791443850267,"val.EO_age":38.88888888888889,"agg/val.accuracy_mean":70.96774193548387,"fold":0,"seed":0,"agg/val.SP_age_mean":22.22222222222222,"agg/val.SP_sex_mean":3.6324786324786333,"_runtime":115.288053388,"_step":1,"val.f1_score":50,"val.roc_auc":66.77814938684504,"agg/val.val_score_mean":95.17324721451857,"agg/fold_id_mean":0,"agg/val.val_score_std":0,"agg/test.f1_score_std":0,"val.accuracy":70.96774193548387,"agg/test.SP_age_mean":17.247386759581882,"agg/best_epoch_std":0,"test.accuracy":66.23376623376623,"agg/test.f1_score_mean":38.095238095238095,"agg/val.val_score_bestthr_mean":95.17324721451857,"agg/test.EO_sex_std":0,"agg/test.SP_age_std":0,"agg/test.EO_age_std":0,"test.SP_age":17.247386759581882,"val.EO_sex":14.705882352941174,"agg/val.val_score_bestthr_std":0,"agg/val.f1_score_std":0,"agg/test.EO_sex_mean":10.416666666666668,"agg/val.EO_sex_std":0,"test.roc_auc":56.39577259475218,"_wandb":{"runtime":115},"agg/test.accuracy_mean":66.23376623376623,"agg/test.SP_sex_mean":0.5185185185185182,"agg/test.SP_sex_std":0,"test.precision":57.14285714285714,"val.SP_sex":3.6324786324786333,"agg/test.recall_std":0,"agg/val.EO_age_std":0,"agg/test.accuracy_std":0,"val.val_score_bestthr":95.17324721451857,"agg/seed_mean":0,"agg/fold_id_std":0,"agg/val.EO_sex_mean":14.705882352941174,"agg/val.SP_age_std":0,"agg/test.precision_mean":57.14285714285714,"agg/val.EO_age_mean":38.88888888888889,"test.EO_sex":10.416666666666668,"agg/test.recall_mean":28.57142857142857,"test.SP_sex":0.5185185185185182,"agg/test.roc_auc_std":0,"agg/val.SP_sex_std":0,"test.EO_age":37.96791443850267,"_timestamp":1.7672335004363537e+09,"agg/test.roc_auc_mean":56.39577259475218}