{"test.accuracy":68.18181818181817,"agg/val.accuracy_std":0,"val.f1_score":53.65853658536586,"agg/val.accuracy_mean":69.35483870967742,"val.SP_age":19.444444444444446,"agg/val.roc_auc_mean":70.45707915273131,"agg/val.val_score_std":0,"val.accuracy":69.35483870967742,"agg/test.recall_std":0,"val.val_score":95.5905926735519,"agg/val.f1_score_std":0,"agg/test.precision_mean":57.77777777777777,"agg/best_epoch_mean":52,"agg/fold_id_std":0,"val.SP_sex":3.6324786324786364,"agg/test.precision_std":0,"agg/val.val_score_bestthr_mean":95.5905926735519,"val.EO_sex":2.941176470588236,"agg/seed_std":0,"agg/test.accuracy_std":0,"_timestamp":1.7672463006661777e+09,"agg/test.SP_sex_mean":7.925925925925928,"agg/seed_mean":0,"test.roc_auc":65.7069970845481,"test.EO_sex":18.75,"agg/test.accuracy_mean":68.18181818181817,"_runtime":108.834280742,"test.f1_score":51.48514851485149,"agg/test.f1_score_std":0,"agg/test.roc_auc_std":0,"agg/test.EO_sex_std":0,"test.SP_sex":7.925925925925928,"_step":1,"test.EO_age":46.524064171122994,"agg/val.SP_sex_std":0,"agg/test.EO_age_mean":46.524064171122994,"agg/test.SP_age_std":0,"val.roc_auc":70.45707915273131,"agg/val.val_score_mean":95.5905926735519,"agg/val.f1_score_mean":53.65853658536586,"agg/val.val_score_bestthr_std":0,"agg/test.roc_auc_mean":65.7069970845481,"agg/test.recall_mean":46.42857142857143,"agg/test.EO_sex_mean":18.75,"fold":0,"agg/best_epoch_std":0,"agg/test.EO_age_std":0,"agg/val.SP_sex_mean":3.6324786324786364,"test.recall":46.42857142857143,"agg/test.f1_score_mean":51.48514851485149,"agg/fold_id_mean":0,"agg/test.SP_sex_std":0,"agg/test.SP_age_mean":36.645468998410166,"agg/val.SP_age_std":0,"agg/val.EO_sex_mean":2.941176470588236,"seed":0,"agg/val.roc_auc_std":0,"agg/val.EO_age_mean":33.33333333333333,"val.EO_age":33.33333333333333,"agg/val.EO_sex_std":0,"agg/val.SP_age_mean":19.444444444444446,"agg/val.EO_age_std":0,"test.SP_age":36.645468998410166,"test.precision":57.77777777777777,"val.val_score_bestthr":95.5905926735519,"_wandb":{"runtime":108}}