{"agg/test.EO_sex_std":0,"agg/fold_id_mean":0,"agg/test.val_score_bestthr_std":0,"val.f1_score":63.829787234042556,"val.roc_auc":68.45039018952062,"agg/fold_id_std":0,"agg/test.precision_mean":44.61538461538462,"agg/test.roc_auc_std":0,"agg/seed_std":0,"agg/seed_mean":0,"agg/test.recall_mean":51.78571428571429,"agg/test.EO_age_mean":61.49732620320856,"agg/test.SP_sex_std":0,"agg/test.recall_std":0,"agg/test.f1_score_std":0,"agg/test.best_f1_std":0,"_step":1,"agg/val.EO_age_mean":50,"agg/val.val_score_mean":103.43068206639606,"agg/test.EO_age_std":0,"test.f1_score":47.93388429752066,"agg/val.val_score_bestthr_mean":104.12070990513658,"_runtime":171.03291012,"agg/val.val_score_std":0,"agg/val.SP_sex_mean":13.675213675213671,"agg/val.val_score_bestthr_std":0,"_wandb":{"runtime":171},"agg/best_epoch_mean":18,"agg/val.accuracy_mean":72.58064516129032,"agg/val.EO_sex_mean":20.588235294117652,"agg/test.best_f1_mean":54.02298850574713,"agg/test.roc_auc_mean":62.372448979591844,"_timestamp":1.7670761875580895e+09,"agg/val.accuracy_std":0,"fold":0,"agg/test.SP_age_mean":20.720720720720724,"agg/test.val_score_std":0,"agg/test.accuracy_std":0,"agg/test.precision_std":0,"agg/best_epoch_std":0,"val.val_score":103.43068206639606,"agg/test.EO_sex_mean":2.083333333333337,"seed":0,"agg/val.f1_score_mean":63.829787234042556,"agg/val.roc_auc_std":0,"agg/val.f1_score_std":0,"agg/test.best_thr_f1_std":0,"val.accuracy":72.58064516129032,"agg/val.roc_auc_mean":68.45039018952062,"agg/test.best_accuracy_mean":48.05194805194805,"agg/val.EO_sex_std":0,"agg/val.EO_age_std":0,"test.accuracy":59.09090909090909,"agg/test.best_thr_f1_mean":0.30999999999999994,"agg/val.SP_sex_std":0,"test.roc_auc":62.372448979591844,"agg/val.SP_age_mean":22.22222222222222,"agg/test.val_score_mean":82.20891151117087,"agg/test.best_accuracy_std":0,"agg/val.SP_age_std":0,"agg/test.SP_sex_mean":0.5925925925925946,"agg/test.f1_score_mean":47.93388429752066,"agg/test.accuracy_mean":59.09090909090909,"agg/test.val_score_bestthr_mean":74.26880459583312,"agg/test.SP_age_std":0}