{"agg/test.SP_sex_mean":3.0740740740740735,"agg/val.f1_score_mean":60.86956521739131,"test.accuracy":64.28571428571429,"test.SP_sex":3.0740740740740735,"agg/test.roc_auc_mean":56.88775510204081,"agg/seed_mean":0,"val.f1_score":60.86956521739131,"agg/val.f1_score_std":0,"agg/test.EO_age_std":0,"test.f1_score":44.44444444444445,"agg/test.SP_age_mean":15.765765765765769,"test.precision":51.162790697674424,"_step":1,"agg/test.EO_sex_std":0,"agg/test.recall_mean":39.285714285714285,"_wandb":{"runtime":162},"agg/val.SP_sex_mean":10.897435897435898,"agg/seed_std":0,"val.SP_age":27.77777777777778,"agg/val.accuracy_mean":70.96774193548387,"agg/val.EO_age_mean":46.66666666666667,"agg/test.SP_age_std":0,"val.val_score":95.87066851554518,"agg/best_epoch_std":0,"_timestamp":1.767234239583949e+09,"agg/test.f1_score_std":0,"agg/val.SP_age_mean":27.77777777777778,"agg/test.accuracy_std":0,"agg/test.EO_age_mean":40.64171122994652,"agg/test.precision_mean":51.162790697674424,"agg/fold_id_std":0,"agg/test.precision_std":0,"agg/val.EO_age_std":0,"test.recall":39.285714285714285,"val.val_score_bestthr":100.17655672115288,"agg/val.accuracy_std":0,"val.accuracy":70.96774193548387,"agg/test.EO_sex_mean":12.5,"agg/val.roc_auc_std":0,"val.EO_age":46.66666666666667,"test.EO_age":40.64171122994652,"agg/test.recall_std":0,"fold":0,"test.EO_sex":12.5,"agg/val.EO_sex_std":0,"val.roc_auc":65.10590858416944,"agg/test.accuracy_mean":64.28571428571429,"agg/val.roc_auc_mean":65.10590858416944,"test.roc_auc":56.88775510204081,"agg/val.EO_sex_mean":37.25490196078432,"agg/val.val_score_bestthr_std":0,"agg/test.roc_auc_std":0,"test.SP_age":15.765765765765769,"val.SP_sex":10.897435897435898,"agg/test.f1_score_mean":44.44444444444445,"agg/val.SP_age_std":0,"agg/val.val_score_std":0,"agg/best_epoch_mean":43,"agg/fold_id_mean":0,"agg/val.val_score_bestthr_mean":100.17655672115288,"seed":0,"val.EO_sex":37.25490196078432,"_runtime":162.116292294,"agg/val.SP_sex_std":0,"agg/test.SP_sex_std":0,"agg/val.val_score_mean":95.87066851554518}