{"val.accuracy":69.35483870967742,"agg/val.SP_sex_mean":5.9829059829059785,"agg/test.EO_age_std":0,"agg/fold_id_mean":0,"_runtime":64.443719564,"agg/test.best_f1_mean":53.92156862745098,"agg/test.SP_age_std":0,"agg/test.SP_sex_std":0,"test.roc_auc":60.677842565597665,"agg/val.EO_age_std":0,"agg/test.best_accuracy_mean":38.961038961038966,"agg/val.roc_auc_mean":65.44035674470456,"agg/val.f1_score_mean":61.224489795918366,"agg/test.val_score_mean":86.11281662669938,"agg/test.accuracy_mean":60.3896103896104,"agg/val.val_score_mean":98.69442775042192,"_timestamp":1.7670757403573732e+09,"agg/test.precision_std":0,"agg/seed_std":0,"val.val_score":98.69442775042192,"agg/seed_mean":0,"agg/val.SP_sex_std":0,"agg/test.best_thr_f1_mean":0.06,"agg/val.EO_age_mean":66.66666666666667,"agg/test.EO_age_mean":34.224598930481285,"val.roc_auc":65.44035674470456,"agg/test.recall_std":0,"agg/test.roc_auc_mean":60.677842565597665,"seed":0,"agg/test.accuracy_std":0,"agg/test.SP_age_mean":10.743321718931476,"agg/val.EO_sex_mean":20.588235294117652,"agg/best_epoch_std":0,"agg/val.SP_age_std":0,"val.f1_score":61.224489795918366,"agg/val.roc_auc_std":0,"agg/fold_id_std":0,"agg/test.EO_sex_std":0,"agg/val.f1_score_std":0,"agg/best_epoch_mean":21,"agg/val.val_score_bestthr_std":0,"agg/test.best_thr_f1_std":0,"agg/test.SP_sex_mean":1.7037037037037017,"agg/test.roc_auc_std":0,"agg/test.precision_mean":46.57534246575342,"agg/test.best_f1_std":0,"agg/val.SP_age_mean":34.02777777777778,"agg/test.f1_score_std":0,"agg/val.val_score_bestthr_mean":98.69442775042192,"agg/test.val_score_std":0,"_step":1,"agg/test.val_score_bestthr_mean":65.74518228503523,"fold":0,"agg/test.val_score_bestthr_std":0,"agg/val.accuracy_std":0,"test.f1_score":52.71317829457364,"agg/test.f1_score_mean":52.71317829457364,"_wandb":{"runtime":64},"agg/test.recall_mean":60.71428571428571,"agg/val.accuracy_mean":69.35483870967742,"agg/test.best_accuracy_std":0,"agg/test.EO_sex_mean":16.666666666666664,"agg/val.EO_sex_std":0,"agg/val.val_score_std":0,"test.accuracy":60.3896103896104}