{"agg/test.SP_age_std":0,"agg/test.SP_sex_mean":11.74074074074074,"agg/test.best_f1_mean":53.92156862745098,"agg/test.roc_auc_mean":60.44096209912537,"agg/test.f1_score_std":0,"agg/test.EO_sex_std":0,"agg/test.best_f1_std":0,"agg/val.SP_sex_std":0,"agg/fold_id_mean":0,"agg/val.val_score_std":0,"agg/val.SP_sex_mean":0,"agg/test.best_thr_f1_mean":0.14999999999999997,"agg/val.f1_score_mean":66.66666666666667,"seed":0,"val.val_score":103.2900458570525,"agg/test.recall_mean":73.21428571428571,"agg/test.precision_std":0,"val.roc_auc":70.01114827201785,"test.accuracy":50,"agg/test.accuracy_mean":50,"agg/val.val_score_bestthr_mean":103.2900458570525,"agg/val.accuracy_std":0,"agg/test.best_thr_f1_std":0,"agg/val.accuracy_mean":70.96774193548387,"agg/best_epoch_std":0,"agg/val.val_score_mean":103.2900458570525,"agg/seed_mean":0,"agg/test.SP_sex_std":0,"agg/seed_std":0,"agg/test.EO_age_mean":17.647058823529406,"agg/test.recall_std":0,"test.f1_score":51.57232704402516,"agg/val.roc_auc_std":0,"agg/val.roc_auc_mean":70.01114827201785,"fold":0,"_step":1,"_timestamp":1.7670747247228584e+09,"agg/val.EO_age_std":0,"agg/test.val_score_bestthr_mean":65.74518228503523,"agg/best_epoch_mean":20,"agg/val.val_score_bestthr_std":0,"val.accuracy":70.96774193548387,"agg/test.roc_auc_std":0,"agg/val.EO_sex_mean":15.686274509803921,"agg/val.f1_score_std":0,"val.f1_score":66.66666666666667,"agg/test.val_score_mean":75.16534011405861,"agg/val.EO_sex_std":0,"_runtime":76.690656447,"agg/test.best_accuracy_std":0,"test.roc_auc":60.44096209912537,"agg/test.accuracy_std":0,"agg/test.precision_mean":39.80582524271845,"agg/test.best_accuracy_mean":38.961038961038966,"agg/val.SP_age_std":0,"agg/test.EO_sex_mean":16.666666666666664,"agg/fold_id_std":0,"agg/test.EO_age_std":0,"agg/test.f1_score_mean":51.57232704402516,"agg/val.EO_age_mean":50,"agg/test.val_score_std":0,"agg/test.val_score_bestthr_std":0,"agg/val.SP_age_mean":35.41666666666667,"_wandb":{"runtime":76},"agg/test.SP_age_mean":16.027874564459932}