{"agg/test.precision_mean":42.857142857142854,"val.roc_auc":72.68673355629878,"agg/test.val_score_mean":80.63802551787846,"agg/test.best_f1_std":0,"val.accuracy":72.58064516129032,"agg/test.accuracy_mean":55.84415584415584,"agg/val.accuracy_mean":72.58064516129032,"agg/test.f1_score_std":0,"agg/test.val_score_bestthr_std":0,"_step":1,"agg/test.EO_sex_mean":27.083333333333336,"_wandb":{"runtime":124},"agg/test.SP_sex_mean":4.148148148148156,"agg/fold_id_std":0,"agg/test.best_thr_f1_std":0,"agg/test.best_f1_mean":55.405405405405396,"val.val_score":104.9734933261973,"agg/val.f1_score_mean":66.66666666666666,"agg/test.recall_std":0,"agg/best_epoch_std":0,"agg/val.SP_sex_std":0,"agg/test.EO_age_std":0,"agg/test.recall_mean":64.28571428571429,"agg/test.SP_age_std":0,"agg/val.EO_age_std":0,"agg/test.best_thr_f1_mean":0.4799999999999999,"agg/test.best_accuracy_mean":57.14285714285714,"agg/val.roc_auc_std":0,"agg/test.roc_auc_mean":60.33163265306122,"agg/test.roc_auc_std":0,"agg/test.SP_sex_std":0,"agg/test.best_accuracy_std":0,"_timestamp":1.7670823012967765e+09,"agg/val.EO_sex_mean":12.745098039215685,"agg/val.val_score_mean":104.9734933261973,"agg/test.EO_sex_std":0,"agg/val.val_score_bestthr_mean":104.9734933261973,"agg/best_epoch_mean":26,"test.roc_auc":60.33163265306122,"test.f1_score":51.42857142857144,"agg/val.EO_sex_std":0,"agg/test.SP_age_mean":29.7940797940798,"seed":0,"agg/seed_std":0,"agg/test.val_score_std":0,"_runtime":124.011454237,"agg/val.f1_score_std":0,"agg/test.f1_score_mean":51.42857142857144,"agg/val.roc_auc_mean":72.68673355629878,"agg/val.EO_age_mean":38.888888888888886,"agg/seed_mean":0,"agg/fold_id_mean":0,"agg/val.val_score_std":0,"agg/val.SP_sex_mean":4.914529914529914,"fold":0,"agg/test.val_score_bestthr_mean":83.94849482217128,"agg/val.SP_age_mean":37.5,"agg/val.accuracy_std":0,"agg/test.EO_age_mean":31.01604278074866,"agg/test.accuracy_std":0,"agg/test.precision_std":0,"val.f1_score":66.66666666666666,"test.accuracy":55.84415584415584,"agg/val.val_score_bestthr_std":0,"agg/val.SP_age_std":0}