{"val.SP_age":34.02777777777778,"agg/test.f1_score_mean":31.16883116883116,"agg/val.accuracy_std":0,"agg/val.f1_score_std":0,"fold":0,"agg/val.EO_age_mean":66.66666666666667,"agg/test.roc_auc_std":0,"agg/test.accuracy_mean":65.5844155844156,"test.EO_age":20.32085561497326,"test.precision":57.14285714285714,"agg/best_epoch_mean":17,"agg/test.EO_age_mean":20.32085561497326,"agg/seed_mean":0,"agg/val.val_score_mean":106.30161148413045,"agg/val.val_score_std":0,"val.roc_auc":72.12931995540691,"agg/val.SP_age_mean":34.02777777777778,"agg/test.EO_sex_mean":4.166666666666666,"agg/best_epoch_std":0,"agg/fold_id_mean":0,"_step":1,"val.EO_age":66.66666666666667,"agg/seed_std":0,"agg/val.roc_auc_std":0,"test.recall":21.428571428571427,"agg/val.EO_age_std":0,"agg/val.EO_sex_mean":18.627450980392158,"agg/val.EO_sex_std":0,"agg/test.precision_std":0,"val.EO_sex":18.627450980392158,"test.roc_auc":57.45262390670553,"test.SP_age":22.265122265122265,"agg/test.recall_mean":21.428571428571427,"val.accuracy":74.19354838709677,"agg/test.roc_auc_mean":57.45262390670553,"agg/val.accuracy_mean":74.19354838709677,"val.val_score":106.30161148413045,"agg/test.SP_age_std":0,"val.SP_sex":3.205128205128205,"_wandb":{"runtime":64},"agg/val.roc_auc_mean":72.12931995540691,"_timestamp":1.7672479563737538e+09,"agg/test.SP_sex_mean":4.666666666666666,"agg/val.SP_sex_std":0,"agg/val.SP_age_std":0,"agg/val.val_score_bestthr_std":0,"agg/val.f1_score_mean":66.66666666666666,"val.val_score_bestthr":106.30161148413045,"val.f1_score":66.66666666666666,"agg/test.EO_age_std":0,"_runtime":64.417629412,"agg/fold_id_std":0,"test.f1_score":31.16883116883116,"seed":0,"agg/val.SP_sex_mean":3.205128205128205,"agg/test.precision_mean":57.14285714285714,"agg/test.accuracy_std":0,"test.SP_sex":4.666666666666666,"test.EO_sex":4.166666666666666,"agg/test.recall_std":0,"agg/test.f1_score_std":0,"agg/test.SP_sex_std":0,"agg/test.SP_age_mean":22.265122265122265,"agg/test.EO_sex_std":0,"test.accuracy":65.5844155844156,"agg/val.val_score_bestthr_mean":106.30161148413045}