{"_step":1,"agg/test.f1_score_std":0,"agg/test.SP_age_std":0,"agg/test.roc_auc_std":0,"agg/test.best_thr_f1_std":0,"test.accuracy":60.3896103896104,"agg/test.accuracy_mean":60.3896103896104,"agg/test.recall_std":0,"agg/test.EO_sex_mean":8.333333333333337,"agg/val.val_score_bestthr_mean":105.49341836200747,"val.f1_score":66.66666666666666,"agg/test.val_score_std":0,"seed":0,"agg/val.roc_auc_mean":69.78818283166109,"agg/val.EO_sex_std":0,"agg/test.best_f1_mean":55.47445255474452,"agg/test.best_accuracy_mean":60.3896103896104,"agg/test.val_score_bestthr_mean":87.56417477667371,"agg/val.val_score_mean":104.91957175756986,"agg/test.best_f1_std":0,"agg/fold_id_std":0,"agg/val.accuracy_std":0,"agg/fold_id_mean":0,"agg/test.roc_auc_mean":61.8804664723032,"agg/val.SP_sex_mean":4.914529914529914,"agg/val.accuracy_mean":72.58064516129032,"val.roc_auc":69.78818283166109,"agg/val.EO_sex_mean":9.80392156862745,"agg/test.precision_mean":46.913580246913575,"test.roc_auc":61.8804664723032,"agg/test.best_accuracy_std":0,"agg/test.val_score_mean":87.56417477667371,"agg/best_epoch_mean":17,"agg/test.precision_std":0,"val.accuracy":72.58064516129032,"agg/val.EO_age_std":0,"agg/val.EO_age_mean":50,"agg/test.best_thr_f1_mean":0.49999999999999994,"agg/test.val_score_bestthr_std":0,"agg/test.accuracy_std":0,"agg/seed_std":0,"agg/test.SP_sex_mean":4.0000000000000036,"val.val_score_bestthr":105.49341836200747,"agg/val.roc_auc_std":0,"agg/val.SP_age_std":0,"agg/test.EO_sex_std":0,"agg/test.SP_age_mean":22.007722007722013,"agg/best_epoch_std":0,"agg/test.recall_mean":67.85714285714286,"agg/test.f1_score_mean":55.47445255474452,"agg/val.f1_score_mean":66.66666666666666,"agg/val.f1_score_std":0,"agg/test.SP_sex_std":0,"agg/seed_mean":0,"fold":0,"_wandb":{"runtime":53},"agg/val.SP_sex_std":0,"agg/val.val_score_bestthr_std":0,"val.val_score":104.91957175756986,"test.f1_score":55.47445255474452,"agg/test.EO_age_mean":21.92513368983957,"agg/val.val_score_std":0,"agg/test.EO_age_std":0,"agg/val.SP_age_mean":34.72222222222222,"_timestamp":1.7670613086348398e+09,"_runtime":53.988268935}