{"seed":0,"test.recall":19.642857142857142,"agg/test.accuracy_std":0,"agg/val.f1_score_mean":61.224489795918366,"agg/fold_id_std":0,"agg/val.roc_auc_mean":65.21739130434783,"agg/test.EO_age_std":0,"agg/val.f1_score_std":0,"agg/val.SP_sex_std":0,"agg/seed_mean":0,"agg/val.EO_age_mean":66.66666666666667,"agg/val.accuracy_std":0,"agg/test.f1_score_std":0,"agg/val.accuracy_mean":69.35483870967742,"agg/best_epoch_mean":58,"agg/test.roc_auc_mean":61.91690962099125,"agg/test.EO_sex_std":0,"agg/test.roc_auc_std":0,"agg/best_epoch_std":0,"val.f1_score":61.224489795918366,"_runtime":56.852335446,"test.EO_sex":8.333333333333334,"agg/val.SP_age_mean":22.22222222222222,"agg/test.SP_age_std":0,"test.EO_age":35.294117647058826,"agg/test.recall_std":0,"agg/test.f1_score_mean":29.333333333333332,"agg/test.accuracy_mean":65.5844155844156,"agg/val.val_score_bestthr_std":0,"agg/fold_id_mean":0,"agg/val.roc_auc_std":0,"agg/val.EO_age_std":0,"agg/val.SP_sex_mean":12.606837606837606,"test.f1_score":29.333333333333332,"agg/test.EO_age_mean":35.294117647058826,"_timestamp":1.7672391923710752e+09,"test.SP_age":14.750290360046458,"agg/val.val_score_mean":97.6883271514262,"agg/test.SP_age_mean":14.750290360046458,"agg/test.SP_sex_std":0,"val.accuracy":69.35483870967742,"agg/val.val_score_std":0,"agg/test.EO_sex_mean":8.333333333333334,"fold":0,"val.SP_age":22.22222222222222,"test.SP_sex":1.88888888888889,"agg/val.SP_age_std":0,"test.roc_auc":61.91690962099125,"val.EO_sex":43.13725490196078,"val.roc_auc":65.21739130434783,"agg/val.EO_sex_mean":43.13725490196078,"test.accuracy":65.5844155844156,"agg/test.precision_std":0,"agg/test.recall_mean":19.642857142857142,"val.val_score":97.6883271514262,"agg/val.EO_sex_std":0,"val.SP_sex":12.606837606837606,"agg/val.val_score_bestthr_mean":98.52075379365974,"_wandb":{"runtime":56},"val.EO_age":66.66666666666667,"agg/test.SP_sex_mean":1.88888888888889,"agg/seed_std":0,"val.val_score_bestthr":98.52075379365974,"_step":1,"agg/test.precision_mean":57.89473684210527,"test.precision":57.89473684210527}