{"val.accuracy":70.96774193548387,"agg/val.f1_score_std":0,"agg/val.EO_sex_std":0,"agg/test.EO_age_std":0,"agg/val.val_score_mean":101.64386058807311,"test.roc_auc":64.01239067055393,"agg/test.SP_sex_mean":1.7037037037037017,"agg/test.accuracy_mean":62.98701298701299,"agg/test.SP_age_mean":33.912483912483914,"agg/val.SP_age_std":0,"agg/val.accuracy_std":0,"agg/val.SP_sex_mean":3.205128205128205,"agg/test.val_score_bestthr_mean":74.16141530228666,"agg/fold_id_mean":0,"agg/val.EO_age_mean":30.000000000000004,"agg/val.accuracy_mean":70.96774193548387,"_wandb":{"runtime":132},"agg/test.accuracy_std":0,"agg/test.val_score_std":0,"_timestamp":1.7670728355391335e+09,"seed":0,"val.f1_score":62.500000000000014,"agg/test.roc_auc_std":0,"test.f1_score":55.81395348837208,"agg/test.precision_std":0,"agg/val.EO_age_std":0,"agg/test.best_accuracy_std":0,"agg/test.recall_std":0,"agg/val.SP_age_mean":22.22222222222222,"agg/val.f1_score_mean":62.500000000000014,"fold":0,"agg/test.val_score_bestthr_std":0,"agg/test.f1_score_std":0,"agg/test.f1_score_mean":55.81395348837208,"agg/test.roc_auc_mean":64.01239067055393,"agg/test.EO_sex_std":0,"agg/seed_std":0,"agg/seed_mean":0,"agg/test.best_thr_f1_mean":0.175,"test.accuracy":62.98701298701299,"agg/val.roc_auc_std":0,"agg/val.val_score_bestthr_std":0,"agg/test.precision_mean":49.31506849315068,"agg/best_epoch_std":0,"val.roc_auc":71.7948717948718,"agg/test.recall_mean":64.28571428571429,"agg/test.EO_age_mean":45.98930481283422,"agg/test.best_f1_std":0,"agg/val.roc_auc_mean":71.7948717948718,"val.val_score":101.64386058807311,"agg/val.EO_sex_mean":1.9607843137254832,"agg/val.SP_sex_std":0,"agg/best_epoch_mean":45,"agg/test.SP_sex_std":0,"agg/fold_id_std":0,"agg/test.SP_age_std":0,"agg/val.val_score_std":0,"_runtime":132.758733825,"agg/test.best_f1_mean":55.91397849462365,"agg/test.val_score_mean":89.95293480690881,"agg/val.val_score_bestthr_mean":107.30861877422598,"agg/test.best_thr_f1_std":0,"agg/test.EO_sex_mean":12.5,"agg/test.best_accuracy_mean":46.75324675324675,"_step":1}