{"agg/test.accuracy_mean":55.1948051948052,"agg/test.EO_sex_mean":12.5,"agg/test.SP_age_std":0,"agg/test.roc_auc_mean":61.07871720116618,"agg/val.SP_sex_std":0,"_timestamp":1.76705771523908e+09,"agg/test.precision_std":0,"agg/best_epoch_mean":22,"agg/test.recall_mean":51.78571428571429,"agg/test.roc_auc_std":0,"agg/val.EO_sex_mean":1.9607843137254832,"agg/val.accuracy_mean":67.74193548387096,"agg/test.val_score_std":0,"agg/test.EO_age_mean":52.40641711229947,"agg/test.recall_std":0,"agg/fold_id_mean":0,"agg/test.precision_mean":40.845070422535215,"agg/test.best_f1_mean":57.777777777777786,"val.f1_score":60,"agg/val.roc_auc_std":0,"test.roc_auc":61.07871720116618,"agg/test.SP_sex_mean":0.2962962962962945,"agg/test.EO_age_std":0,"agg/val.SP_age_std":0,"agg/val.SP_age_mean":46.52777777777778,"agg/test.accuracy_std":0,"test.accuracy":55.1948051948052,"agg/seed_std":0,"agg/test.val_score_bestthr_mean":79.17125622184446,"agg/test.val_score_bestthr_std":0,"agg/test.EO_sex_std":0,"agg/test.best_f1_std":0,"_runtime":51.105183612,"agg/val.val_score_bestthr_std":0,"agg/val.f1_score_std":0,"agg/val.EO_age_mean":46.66666666666667,"val.accuracy":67.74193548387096,"agg/val.val_score_std":0,"_step":1,"agg/val.f1_score_mean":60,"agg/val.SP_sex_mean":8.760683760683758,"agg/val.val_score_bestthr_mean":99.86306520540393,"agg/test.best_accuracy_std":0,"agg/val.roc_auc_mean":66.44370122630991,"_wandb":{"runtime":51},"val.roc_auc":66.44370122630991,"seed":0,"agg/val.EO_sex_std":0,"agg/test.best_accuracy_mean":50.649350649350644,"test.f1_score":45.66929133858268,"fold":0,"agg/val.val_score_mean":96.70277635868243,"agg/best_epoch_std":0,"agg/fold_id_std":0,"agg/test.f1_score_std":0,"agg/val.EO_age_std":0,"agg/test.SP_age_mean":28.82882882882883,"agg/seed_mean":0,"agg/test.SP_sex_std":0,"agg/test.val_score_mean":77.08913544172229,"agg/test.best_thr_f1_mean":0.43999999999999995,"agg/test.best_thr_f1_std":0,"agg/test.f1_score_mean":45.66929133858268,"agg/val.accuracy_std":0}