{"agg/test.f1_score_std":0,"agg/test.EO_sex_std":0,"agg/fold_id_std":0,"test.f1_score":55.04587155963302,"agg/fold_id_mean":0,"agg/test.precision_std":0,"agg/test.SP_sex_std":0,"agg/val.val_score_bestthr_std":0,"val.val_score_bestthr":104.07966555108396,"agg/test.SP_age_mean":29.922779922779917,"test.SP_age":29.922779922779917,"agg/val.EO_sex_mean":21.568627450980394,"val.accuracy":70.96774193548387,"agg/val.val_score_bestthr_mean":104.07966555108396,"agg/val.roc_auc_std":0,"agg/test.SP_sex_mean":1.1851851851851836,"agg/val.f1_score_mean":67.85714285714286,"agg/test.roc_auc_std":0,"agg/val.EO_age_mean":33.333333333333336,"agg/val.SP_age_std":0,"agg/val.SP_age_mean":14.583333333333332,"agg/val.roc_auc_mean":72.46376811594203,"test.EO_age":52.40641711229947,"agg/val.EO_age_std":0,"test.roc_auc":63.046647230320694,"agg/seed_std":0,"test.precision":56.60377358490566,"val.EO_sex":21.568627450980394,"agg/seed_mean":0,"agg/val.val_score_std":0,"_timestamp":1.7672444806316285e+09,"_runtime":78.758598752,"agg/test.EO_sex_mean":25,"agg/test.EO_age_mean":52.40641711229947,"val.SP_age":14.583333333333332,"agg/val.EO_sex_std":0,"agg/val.SP_sex_mean":12.17948717948718,"test.SP_sex":1.1851851851851836,"_step":1,"agg/test.precision_mean":56.60377358490566,"agg/val.val_score_mean":96.1876827238484,"agg/test.roc_auc_mean":63.046647230320694,"val.f1_score":67.85714285714286,"agg/best_epoch_mean":33,"agg/val.accuracy_std":0,"fold":0,"val.val_score":96.1876827238484,"agg/test.recall_std":0,"agg/test.EO_age_std":0,"agg/val.accuracy_mean":70.96774193548387,"_wandb":{"runtime":78},"val.roc_auc":72.46376811594203,"agg/test.accuracy_mean":68.18181818181817,"test.EO_sex":25,"agg/val.SP_sex_std":0,"val.SP_sex":12.17948717948718,"agg/best_epoch_std":0,"agg/val.f1_score_std":0,"agg/test.SP_age_std":0,"val.EO_age":33.333333333333336,"test.accuracy":68.18181818181817,"test.recall":53.57142857142857,"agg/test.accuracy_std":0,"seed":0,"agg/test.f1_score_mean":55.04587155963302,"agg/test.recall_mean":53.57142857142857}