{"agg/test.best_f1_std":0,"agg/test.roc_auc_std":0,"agg/val.val_score_bestthr_mean":102.02398879320131,"agg/test.precision_mean":50,"agg/fold_id_std":0,"test.accuracy":63.63636363636363,"agg/test.f1_score_std":0,"agg/test.best_thr_f1_std":0,"agg/test.val_score_bestthr_mean":78.26862120101978,"agg/best_epoch_std":0,"_runtime":48.622211505,"agg/val.SP_age_std":0,"fold":0,"agg/val.SP_age_mean":43.75,"agg/val.val_score_bestthr_std":0,"val.roc_auc":70.5685618729097,"agg/val.EO_sex_std":0,"agg/val.accuracy_std":0,"agg/seed_std":0,"agg/val.roc_auc_std":0,"agg/test.EO_age_std":0,"agg/test.val_score_mean":86.95048823651766,"agg/test.precision_std":0,"seed":0,"agg/test.recall_mean":48.214285714285715,"agg/test.roc_auc_mean":62.244897959183675,"agg/test.best_accuracy_std":0,"test.roc_auc":62.244897959183675,"agg/test.EO_sex_std":0,"agg/val.EO_age_mean":55.55555555555556,"agg/test.best_accuracy_mean":50.649350649350644,"agg/test.val_score_bestthr_std":0,"agg/test.accuracy_std":0,"agg/test.SP_age_std":0,"agg/val.f1_score_std":0,"agg/test.recall_std":0,"agg/test.accuracy_mean":63.63636363636363,"agg/val.accuracy_mean":72.58064516129032,"agg/val.SP_sex_std":0,"_step":1,"agg/seed_mean":0,"_timestamp":1.7670730290613039e+09,"agg/fold_id_mean":0,"val.accuracy":72.58064516129032,"agg/val.val_score_std":0,"val.val_score":102.34349709693637,"agg/val.val_score_mean":102.34349709693637,"agg/best_epoch_mean":19,"_wandb":{"runtime":48},"agg/test.SP_age_mean":45.173745173745175,"agg/val.EO_age_std":0,"agg/test.SP_sex_mean":0.18518518518518823,"agg/test.SP_sex_std":0,"agg/val.f1_score_mean":62.222222222222236,"agg/test.best_thr_f1_mean":0.36499999999999994,"agg/test.best_f1_mean":56.32183908045977,"agg/test.f1_score_mean":49.09090909090909,"agg/val.SP_sex_mean":5.128205128205132,"agg/test.val_score_std":0,"agg/val.EO_sex_mean":30.3921568627451,"val.f1_score":62.222222222222236,"agg/test.EO_age_mean":46.524064171122994,"test.f1_score":49.09090909090909,"agg/test.EO_sex_mean":31.25,"agg/val.roc_auc_mean":70.5685618729097}