{"agg/best_epoch_std":0,"agg/test.val_score_std":0,"agg/test.best_thr_f1_std":0,"_timestamp":1.767061397699244e+09,"agg/test.best_accuracy_std":0,"agg/val.EO_sex_mean":14.70588235294118,"agg/test.EO_sex_std":0,"agg/test.precision_std":0,"agg/test.recall_mean":50,"agg/test.val_score_bestthr_std":0,"agg/val.roc_auc_mean":68.89632107023412,"agg/test.EO_age_mean":31.550802139037437,"agg/val.EO_age_std":0,"agg/val.EO_sex_std":0,"agg/val.val_score_std":0,"val.val_score_bestthr":103.3751265108405,"agg/test.recall_std":0,"val.f1_score":60.86956521739131,"agg/val.val_score_bestthr_std":0,"val.roc_auc":68.89632107023412,"agg/test.accuracy_std":0,"agg/val.f1_score_mean":60.86956521739131,"test.f1_score":48.275862068965516,"agg/best_epoch_mean":29,"agg/test.val_score_bestthr_mean":86.30404445698562,"agg/val.EO_age_mean":30.000000000000004,"agg/val.val_score_bestthr_mean":103.3751265108405,"agg/test.SP_age_std":0,"agg/test.precision_mean":46.666666666666664,"agg/seed_mean":0,"val.val_score":100.63121358389797,"agg/test.SP_sex_mean":5.814814814814811,"agg/val.accuracy_std":0,"agg/val.SP_sex_mean":10.897435897435898,"agg/test.best_accuracy_mean":59.74025974025974,"agg/val.SP_age_mean":21.52777777777778,"agg/fold_id_mean":0,"agg/val.SP_sex_std":0,"agg/val.val_score_mean":100.63121358389797,"agg/test.best_thr_f1_mean":0.05,"_runtime":78.758744912,"agg/test.roc_auc_std":0,"agg/test.val_score_mean":84.5246001252695,"agg/test.best_f1_std":0,"fold":0,"agg/val.SP_age_std":0,"agg/test.SP_sex_std":0,"agg/test.best_f1_mean":54.41176470588235,"agg/fold_id_std":0,"agg/test.EO_sex_mean":0,"agg/test.EO_age_std":0,"agg/test.accuracy_mean":61.038961038961034,"_wandb":{"runtime":78},"agg/seed_std":0,"test.accuracy":61.038961038961034,"seed":0,"agg/val.f1_score_std":0,"agg/val.accuracy_mean":70.96774193548387,"agg/test.roc_auc_mean":62.22667638483965,"_step":1,"test.roc_auc":62.22667638483965,"agg/val.roc_auc_std":0,"agg/test.SP_age_mean":27.863577863577866,"agg/test.f1_score_std":0,"agg/test.f1_score_mean":48.275862068965516,"val.accuracy":70.96774193548387}