{"agg/val.SP_age_std":0,"agg/fold_id_mean":0,"agg/val.val_score_bestthr_std":0,"agg/val.f1_score_std":0,"val.roc_auc":71.01449275362319,"test.f1_score":47.6923076923077,"agg/test.f1_score_mean":47.6923076923077,"agg/val.EO_age_std":0,"val.accuracy":72.58064516129032,"agg/test.SP_age_mean":23.926868044515103,"val.val_score":104.91957175756986,"agg/test.accuracy_std":0,"agg/test.SP_sex_mean":2.7037037037037024,"agg/test.EO_sex_std":0,"agg/seed_std":0,"agg/val.SP_sex_mean":4.914529914529914,"agg/test.recall_mean":55.35714285714286,"agg/test.best_accuracy_std":0,"seed":0,"agg/test.best_thr_f1_std":0,"agg/val.val_score_mean":104.91957175756986,"agg/test.roc_auc_mean":60.51384839650146,"agg/val.f1_score_mean":66.66666666666666,"_wandb":{"runtime":51},"agg/best_epoch_mean":17,"agg/test.val_score_mean":78.72569737746208,"agg/test.best_f1_mean":55.294117647058826,"_step":1,"_timestamp":1.7670616151843395e+09,"agg/test.roc_auc_std":0,"agg/test.EO_age_std":0,"val.val_score_bestthr":107.66542495823805,"agg/test.best_thr_f1_mean":0.38999999999999996,"agg/val.EO_sex_std":0,"agg/test.SP_age_std":0,"agg/fold_id_std":0,"agg/val.EO_age_mean":50,"agg/test.best_accuracy_mean":50.649350649350644,"agg/val.EO_sex_mean":9.80392156862745,"agg/test.accuracy_mean":55.84415584415584,"agg/test.EO_sex_mean":8.333333333333337,"_runtime":51.331773156,"agg/best_epoch_std":0,"agg/seed_mean":0,"agg/test.SP_sex_std":0,"agg/val.SP_sex_std":0,"agg/test.val_score_bestthr_std":0,"agg/test.precision_std":0,"agg/val.accuracy_std":0,"agg/val.roc_auc_std":0,"fold":0,"agg/val.SP_age_mean":34.72222222222222,"val.f1_score":66.66666666666666,"agg/val.roc_auc_mean":71.01449275362319,"agg/test.EO_age_mean":61.49732620320856,"test.accuracy":55.84415584415584,"agg/test.best_f1_std":0,"agg/test.precision_mean":41.891891891891895,"agg/test.recall_std":0,"agg/val.val_score_std":0,"agg/test.f1_score_std":0,"agg/val.accuracy_mean":72.58064516129032,"agg/test.val_score_std":0,"agg/val.val_score_bestthr_mean":107.66542495823805,"test.roc_auc":60.51384839650146,"agg/test.val_score_bestthr_mean":77.81285094682153}