{"agg/val.SP_sex_std":0,"test.SP_sex":11.629629629629632,"agg/test.SP_sex_mean":11.629629629629632,"agg/val.EO_age_std":0,"val.EO_age":33.33333333333333,"agg/test.precision_mean":55.81395348837209,"agg/test.recall_std":0,"agg/test.precision_std":0,"agg/test.EO_age_mean":40.64171122994652,"_runtime":87.620616832,"test.precision":55.81395348837209,"agg/val.EO_sex_mean":2.941176470588236,"agg/val.f1_score_mean":55.81395348837209,"agg/test.SP_sex_std":0,"seed":0,"agg/test.SP_age_std":0,"agg/val.EO_age_mean":33.33333333333333,"_timestamp":1.7672484690562518e+09,"fold":0,"agg/test.SP_age_mean":34.68468468468468,"agg/seed_mean":0,"agg/val.roc_auc_std":0,"agg/fold_id_mean":0,"agg/val.EO_sex_std":0,"test.recall":42.857142857142854,"val.val_score_bestthr":96.67898488573879,"agg/val.val_score_mean":96.67898488573879,"agg/val.accuracy_mean":69.35483870967742,"agg/test.accuracy_mean":66.88311688311688,"agg/val.accuracy_std":0,"agg/best_epoch_mean":32,"agg/test.roc_auc_std":0,"val.f1_score":55.81395348837209,"agg/val.val_score_bestthr_mean":96.67898488573879,"agg/test.roc_auc_mean":62.40889212827989,"agg/val.f1_score_std":0,"agg/test.recall_mean":42.857142857142854,"agg/val.SP_sex_mean":2.5641025641025603,"val.val_score":96.67898488573879,"val.SP_age":19.444444444444446,"agg/val.val_score_bestthr_std":0,"agg/test.EO_age_std":0,"agg/test.f1_score_std":0,"agg/val.roc_auc_mean":70.34559643255295,"agg/val.SP_age_std":0,"test.EO_age":40.64171122994652,"agg/seed_std":0,"_wandb":{"runtime":87},"val.accuracy":69.35483870967742,"test.accuracy":66.88311688311688,"test.EO_sex":8.333333333333332,"agg/test.EO_sex_mean":8.333333333333332,"agg/best_epoch_std":0,"agg/test.EO_sex_std":0,"agg/val.SP_age_mean":19.444444444444446,"test.SP_age":34.68468468468468,"agg/test.f1_score_mean":48.484848484848484,"test.roc_auc":62.40889212827989,"test.f1_score":48.484848484848484,"_step":1,"val.EO_sex":2.941176470588236,"agg/val.val_score_std":0,"agg/test.accuracy_std":0,"val.SP_sex":2.5641025641025603,"agg/fold_id_std":0,"val.roc_auc":70.34559643255295}