{"agg/test.recall_std":0,"agg/test.accuracy_mean":66.88311688311688,"agg/val.EO_age_mean":27.77777777777778,"agg/test.val_score_std":0,"test.f1_score":53.21100917431193,"agg/test.precision_std":0,"test.roc_auc":64.88702623906705,"agg/test.SP_sex_mean":4.518518518518516,"agg/test.EO_sex_mean":12.5,"agg/fold_id_std":0,"agg/val.EO_sex_std":0,"agg/test.best_thr_f1_std":0,"agg/test.best_thr_f1_mean":0.4799999999999999,"test.accuracy":66.88311688311688,"agg/test.f1_score_mean":53.21100917431193,"agg/test.SP_sex_std":0,"agg/test.val_score_bestthr_std":0,"agg/val.accuracy_mean":74.19354838709677,"fold":0,"agg/val.val_score_std":0,"agg/test.val_score_bestthr_mean":87.42248831023194,"agg/test.EO_age_mean":67.37967914438502,"agg/seed_std":0,"agg/test.best_f1_mean":55.223880597014926,"agg/test.precision_mean":54.71698113207547,"agg/val.SP_age_mean":34.02777777777778,"_step":1,"val.f1_score":65.21739130434783,"val.roc_auc":71.23745819397995,"val.val_score":105.91558617099516,"agg/test.best_accuracy_std":0,"val.accuracy":74.19354838709677,"agg/test.f1_score_std":0,"agg/val.roc_auc_std":0,"agg/val.EO_sex_mean":24.50980392156863,"agg/val.SP_age_std":0,"agg/test.roc_auc_mean":64.88702623906705,"agg/test.best_accuracy_mean":61.038961038961034,"agg/fold_id_mean":0,"agg/test.val_score_mean":92.22651548728452,"agg/val.EO_age_std":0,"agg/val.val_score_bestthr_mean":104.18685495289928,"agg/val.val_score_mean":105.91558617099516,"agg/best_epoch_mean":21,"agg/best_epoch_std":0,"_wandb":{"runtime":122},"agg/test.best_f1_std":0,"agg/val.SP_sex_std":0,"agg/val.f1_score_mean":65.21739130434783,"agg/test.SP_age_std":0,"agg/val.roc_auc_mean":71.23745819397995,"agg/test.EO_sex_std":0,"agg/test.accuracy_std":0,"agg/test.recall_mean":51.78571428571429,"_timestamp":1.7670741366123877e+09,"agg/test.roc_auc_std":0,"_runtime":122.388507395,"agg/val.accuracy_std":0,"agg/val.val_score_bestthr_std":0,"agg/test.SP_age_mean":41.81240063593005,"agg/test.EO_age_std":0,"seed":0,"agg/seed_mean":0,"agg/val.f1_score_std":0,"agg/val.SP_sex_mean":2.350427350427353}