{"test.SP_age":34.65818759936407,"agg/test.SP_sex_std":0,"agg/val.f1_score_std":0,"agg/test.precision_mean":60,"agg/test.recall_mean":32.142857142857146,"_step":1,"agg/val.val_score_bestthr_std":0,"val.EO_sex":8.823529411764708,"agg/val.SP_sex_mean":9.18803418803419,"val.SP_sex":9.18803418803419,"test.accuracy":67.53246753246754,"val.SP_age":19.444444444444446,"agg/val.val_score_std":0,"test.EO_sex":6.25,"test.precision":60,"agg/val.accuracy_std":0,"val.val_score_bestthr":102.27197655371609,"val.accuracy":72.58064516129032,"agg/test.precision_std":0,"val.val_score":87.499395870838,"test.SP_sex":4.333333333333334,"agg/val.f1_score_mean":60.46511627906976,"test.recall":32.142857142857146,"seed":0,"test.EO_age":47.05882352941176,"agg/fold_id_mean":0,"agg/test.recall_std":0,"agg/val.EO_sex_mean":8.823529411764708,"agg/best_epoch_mean":52,"agg/test.accuracy_std":0,"agg/val.EO_age_std":0,"_wandb":{"runtime":59},"_runtime":59.715686364,"agg/test.SP_age_std":0,"test.f1_score":41.860465116279066,"val.EO_age":16.666666666666664,"agg/test.f1_score_mean":41.860465116279066,"_timestamp":1.7672377238033812e+09,"val.roc_auc":72.01783723522854,"agg/val.SP_age_std":0,"agg/val.EO_sex_std":0,"agg/seed_mean":0,"agg/test.SP_sex_mean":4.333333333333334,"agg/test.roc_auc_mean":64.15816326530613,"test.roc_auc":64.15816326530613,"agg/val.SP_age_mean":19.444444444444446,"agg/val.val_score_bestthr_mean":102.27197655371609,"agg/val.roc_auc_mean":72.01783723522854,"agg/test.EO_sex_mean":6.25,"agg/test.accuracy_mean":67.53246753246754,"agg/test.roc_auc_std":0,"agg/test.EO_age_mean":47.05882352941176,"agg/seed_std":0,"agg/fold_id_std":0,"agg/test.f1_score_std":0,"val.f1_score":60.46511627906976,"agg/test.SP_age_mean":34.65818759936407,"agg/val.accuracy_mean":72.58064516129032,"agg/val.val_score_mean":87.499395870838,"fold":0,"agg/val.roc_auc_std":0,"agg/test.EO_age_std":0,"agg/best_epoch_std":0,"agg/val.EO_age_mean":16.666666666666664,"agg/test.EO_sex_std":0,"agg/val.SP_sex_std":0}