{"_step":1,"agg/fold_id_std":0,"agg/test.recall_std":0,"agg/val.SP_age_mean":29.86111111111111,"agg/test.precision_std":0,"agg/test.accuracy_mean":55.1948051948052,"agg/val.EO_sex_mean":6.862745098039225,"agg/test.recall_mean":67.85714285714286,"agg/val.roc_auc_std":0,"_wandb":{"runtime":256},"agg/val.val_score_std":0,"agg/test.accuracy_std":0,"agg/test.SP_sex_mean":2.259259259259261,"agg/val.val_score_bestthr_std":0,"agg/test.SP_age_mean":19.948519948519948,"agg/test.EO_sex_std":0,"agg/test.best_f1_mean":56.98924731182795,"agg/seed_std":0,"agg/test.SP_age_std":0,"val.accuracy":70.96774193548387,"agg/val.f1_score_mean":66.66666666666667,"agg/val.val_score_mean":103.57913585202486,"agg/val.f1_score_std":0,"agg/val.EO_sex_std":0,"agg/test.best_f1_std":0,"agg/test.EO_age_mean":57.75401069518716,"agg/val.roc_auc_mean":72.12931995540691,"agg/test.EO_sex_mean":22.916666666666664,"agg/val.SP_sex_mean":13.24786324786325,"agg/test.precision_mean":42.69662921348314,"agg/test.roc_auc_std":0,"agg/test.best_thr_f1_std":0,"agg/test.roc_auc_mean":63.301749271137034,"test.accuracy":55.1948051948052,"agg/seed_mean":0,"agg/test.best_accuracy_mean":48.05194805194805,"agg/test.val_score_mean":80.37291718083301,"fold":0,"agg/val.EO_age_mean":22.22222222222222,"test.f1_score":52.41379310344828,"agg/fold_id_mean":0,"agg/test.best_thr_f1_mean":0.27999999999999997,"seed":0,"val.roc_auc":72.12931995540691,"_timestamp":1.7670793130673337e+09,"_runtime":256.055929781,"agg/val.accuracy_std":0,"val.val_score":103.57913585202486,"agg/val.SP_sex_std":0,"agg/best_epoch_mean":45,"agg/val.accuracy_mean":70.96774193548387,"agg/best_epoch_std":0,"agg/test.f1_score_mean":52.41379310344828,"agg/test.SP_sex_std":0,"agg/test.val_score_bestthr_mean":75.95894629023661,"agg/test.best_accuracy_std":0,"agg/val.val_score_bestthr_mean":105.10009487666034,"agg/test.val_score_bestthr_std":0,"agg/val.SP_age_std":0,"agg/test.EO_age_std":0,"test.roc_auc":63.301749271137034,"agg/test.val_score_std":0,"agg/val.EO_age_std":0,"val.f1_score":66.66666666666667,"agg/test.f1_score_std":0}