{"agg/val.f1_score_mean":60.08433167630942,"agg/test.f1_score_std":1.3621755213713485,"agg/test.SP_age_mean":14.891863278491183,"agg/test.accuracy_std":5.325436208281914,"test/auc":59.22077922077922,"agg/test.recall_mean":90.6948051948052,"agg/val.SP_sex_mean":13.495690338260465,"agg/test.roc_auc_mean":59.269616455499055,"val/val_score_bestthr":91.71251560310097,"agg/test.roc_auc_std":3.1912702305457725,"agg/test.recall_std":5.6785927765372115,"agg/test.SP_sex_std":4.140860442181412,"test/EO_age":16.666666666666664,"agg/val.SP_age_std":13.788455134451343,"_step":5,"val/SP_sex":4.283965728274175,"agg/val.EO_age_mean":33.88888888888889,"agg/test.EO_age_mean":16.085652909182322,"agg/val.SP_sex_std":12.281776696143682,"agg/val.EO_age_std":18.790593916986403,"agg/val.val_score_std":5.9983427632255895,"test/precision":36.87943262411347,"test/recall":94.54545454545455,"_runtime":426.598739369,"agg/test.precision_mean":40.038701650873115,"_timestamp":1.7673243918818495e+09,"val/SP_age":36.274509803921575,"agg/test.SP_sex_mean":7.170073795999576,"_wandb":{"runtime":426},"agg/best_epoch_mean":54.6,"val/EO_age":33.333333333333336,"val/val_score":84.41056447677451,"val/f1":62.5,"agg/val.roc_auc_mean":62.25195094760312,"agg/test.SP_age_std":3.0108900486884638,"agg/val.roc_auc_std":5.699199030572121,"agg/val.val_score_mean":85.54082129649157,"agg/best_epoch_std":16.156732342896568,"fold":4,"agg/val.f1_score_std":3.905305495518429,"agg/val.EO_sex_std":4.921901949905614,"seed":4,"agg/fold_id_std":1.4142135623730951,"test/f1":53.06122448979592,"agg/seed_mean":2,"agg/val.EO_sex_mean":5.585827313381491,"val/acc":61.29032258064516,"agg/val.accuracy_std":11.313340591451729,"val/auc":62.20735785953176,"agg/test.EO_age_std":8.807874588237867,"test/SP_age":14.102564102564097,"agg/test.EO_sex_mean":10.789648033126294,"agg/test.precision_std":2.4131684684710466,"val/EO_sex":8.888888888888879,"test/EO_sex":7.14285714285714,"agg/test.f1_score_mean":55.37912970750866,"agg/test.accuracy_mean":46.678550207961976,"agg/test.EO_sex_std":6.0613253967287335,"agg/val.SP_age_mean":25.634736350680623,"agg/val.val_score_bestthr_mean":87.32063053827486,"agg/val.accuracy_mean":58.064516129032256,"test/SP_sex":4.276315789473683,"agg/val.val_score_bestthr_std":12.57154831880786,"agg/fold_id_mean":2,"test/acc":39.869281045751634,"agg/seed_std":1.4142135623730951}