{"test/acc":39.869281045751634,"agg/test.recall_mean":91.05194805194805,"val/SP_age":36.274509803921575,"val/f1":62.5,"agg/test.roc_auc_std":2.7623122928980157,"agg/val.val_score_bestthr_mean":83.67785983229695,"agg/seed_std":1.4142135623730951,"test/EO_age":16.666666666666664,"agg/test.precision_std":2.5029686362493204,"val/EO_sex":8.888888888888879,"seed":4,"_runtime":455.229493747,"agg/val.EO_age_mean":27.77777777777778,"agg/test.EO_age_std":9.674820717683476,"agg/test.SP_age_mean":13.456647331647332,"agg/test.EO_sex_std":6.5430408826118285,"test/f1":53.06122448979592,"agg/test.EO_age_mean":15.176562000091412,"agg/test.accuracy_mean":46.28893981835158,"agg/val.SP_sex_std":10.693392991729814,"test/recall":94.54545454545455,"agg/seed_mean":2,"_step":5,"agg/fold_id_mean":2,"val/EO_age":33.333333333333336,"agg/val.EO_age_std":16.480441082434808,"_wandb":{"runtime":455},"agg/test.SP_sex_mean":6.770375455124764,"agg/test.SP_age_std":2.57828109095967,"agg/best_epoch_mean":64.4,"agg/test.EO_sex_mean":10.389648033126292,"agg/val.val_score_bestthr_std":10.90474861065112,"agg/test.recall_std":6.070598595954623,"val/val_score_bestthr":91.71251560310097,"agg/val.val_score_mean":87.36920534960348,"agg/val.SP_age_mean":23.646432257113375,"agg/val.roc_auc_std":5.279433683659531,"test/SP_sex":4.276315789473683,"val/val_score":84.41056447677451,"agg/fold_id_std":1.4142135623730951,"_timestamp":1.767319620006641e+09,"agg/val.accuracy_std":9.315825211737838,"agg/test.f1_score_mean":55.30399517608415,"agg/test.f1_score_std":1.3855471230804972,"test/auc":59.183673469387756,"agg/val.EO_sex_std":7.146804865137327,"agg/val.val_score_std":6.979868723026274,"agg/val.accuracy_mean":54.516129032258064,"agg/val.SP_age_std":11.94837134443846,"agg/val.SP_sex_mean":12.571320590361307,"agg/val.EO_sex_mean":6.9016167870657,"test/EO_sex":7.14285714285714,"val/SP_sex":4.283965728274175,"agg/test.roc_auc_mean":59.5538156352379,"agg/val.roc_auc_mean":61.80602006688963,"val/acc":61.29032258064516,"fold":4,"test/precision":36.87943262411347,"agg/best_epoch_std":16.156732342896568,"agg/test.SP_sex_std":4.67220251390826,"test/SP_age":14.102564102564097,"agg/val.f1_score_std":3.896569171422157,"agg/test.precision_mean":39.91062283313912,"agg/val.f1_score_mean":59.74140454832411,"agg/test.accuracy_std":5.652006355700138,"val/auc":62.20735785953176}