{"_timestamp":1.7670614749700778e+09,"agg/test.best_thr_f1_std":0,"_wandb":{"runtime":71},"agg/val.f1_score_std":0,"agg/test.SP_sex_std":0,"agg/test.f1_score_mean":53.52112676056338,"agg/val.val_score_std":0,"agg/seed_std":0,"agg/val.val_score_mean":108.57399501019046,"agg/test.val_score_bestthr_std":0,"agg/test.f1_score_std":0,"agg/fold_id_std":0,"agg/test.best_accuracy_mean":45.45454545454545,"agg/test.EO_sex_mean":22.916666666666664,"agg/fold_id_mean":0,"agg/test.precision_std":0,"agg/test.best_thr_f1_mean":0.05,"agg/test.recall_std":0,"fold":0,"val.val_score":108.57399501019046,"val.val_score_bestthr":108.57399501019046,"agg/val.val_score_bestthr_mean":108.57399501019046,"agg/test.roc_auc_mean":62.481778425655975,"agg/test.EO_sex_std":0,"agg/test.recall_mean":67.85714285714286,"agg/val.accuracy_mean":74.19354838709677,"test.roc_auc":62.481778425655975,"agg/val.EO_sex_std":0,"agg/test.SP_age_std":0,"val.f1_score":70.37037037037037,"_step":1,"agg/test.EO_age_mean":27.807486631016044,"agg/best_epoch_std":0,"agg/val.SP_sex_std":0,"agg/test.SP_age_mean":9.781209781209776,"agg/best_epoch_mean":21,"agg/val.EO_age_mean":33.333333333333336,"agg/test.val_score_bestthr_mean":73.1545258245258,"agg/test.EO_age_std":0,"agg/val.f1_score_mean":70.37037037037037,"seed":0,"agg/val.accuracy_std":0,"agg/val.SP_age_std":0,"agg/test.accuracy_mean":57.14285714285714,"agg/test.val_score_mean":83.20836689234991,"agg/test.precision_mean":44.18604651162791,"agg/val.EO_age_std":0,"agg/val.SP_sex_mean":0,"agg/test.SP_sex_mean":8.999999999999996,"agg/test.best_accuracy_std":0,"agg/val.roc_auc_mean":72.12931995540691,"val.accuracy":74.19354838709677,"_runtime":71.115009469,"agg/test.best_f1_mean":56.249999999999986,"agg/val.roc_auc_std":0,"agg/val.val_score_bestthr_std":0,"agg/test.best_f1_std":0,"agg/test.val_score_std":0,"val.roc_auc":72.12931995540691,"agg/val.SP_age_mean":23.61111111111111,"test.accuracy":57.14285714285714,"agg/val.EO_sex_mean":23.529411764705888,"agg/test.accuracy_std":0,"agg/seed_mean":0,"test.f1_score":53.52112676056338,"agg/test.roc_auc_std":0}