{"agg/test.SP_sex_mean":7.835875310225207,"agg/test.precision_std":5.361273581474095,"test.accuracy":64.05228758169935,"agg/best_epoch_std":32.671700292454936,"agg/test.precision_mean":47.559176672384226,"agg/best_epoch_mean":55.6,"_runtime":578.823182029,"agg/test.val_score_bestthr_mean":88.31875964045915,"agg/val.f1_score_mean":59.155214940098666,"agg/test.best_accuracy_mean":60.345471521942116,"agg/val.roc_auc_std":10.189398651231647,"agg/test.val_score_mean":84.86232514824978,"agg/val.SP_age_mean":32.021413828689376,"agg/test.EO_age_std":7.741082505951898,"agg/test.best_thr_f1_mean":0.30999999999999994,"agg/test.EO_sex_std":7.7904939573278975,"agg/test.best_thr_f1_std":0.19201562436426883,"agg/val.EO_sex_mean":8.832510197061282,"seed":4,"val.accuracy":70.96774193548387,"agg/val.val_score_bestthr_mean":94.64954744038054,"agg/val.val_score_mean":96.56892642653015,"agg/test.val_score_std":7.12511401011258,"agg/test.best_f1_mean":57.34358969868275,"agg/val.SP_sex_mean":14.71976148336233,"agg/test.accuracy_mean":61.66624225447755,"agg/val.f1_score_std":10.12568586583662,"agg/val.accuracy_mean":68.06451612903227,"agg/val.SP_sex_std":14.372835701831201,"val.f1_score":66.66666666666667,"agg/val.EO_age_mean":51.74603174603175,"agg/test.EO_age_mean":27.805237246413718,"agg/val.SP_age_std":2.9047508577878514,"agg/test.recall_mean":51.25974025974026,"agg/test.recall_std":19.62408569631787,"test.roc_auc":67.60667903525047,"agg/test.best_accuracy_std":8.775935929658647,"agg/test.roc_auc_std":5.742777306619582,"agg/fold_id_std":1.4142135623730951,"val.val_score":103.35129646704763,"agg/val.accuracy_std":5.436225660113777,"agg/val.val_score_std":10.14476757125423,"agg/fold_id_mean":2,"agg/test.val_score_bestthr_std":10.257116096256619,"agg/val.EO_age_std":23.151760866986475,"agg/test.accuracy_std":4.040022764741951,"agg/test.SP_sex_std":5.474738400794435,"agg/seed_mean":2,"agg/test.EO_sex_mean":14.03408982322026,"_wandb":{"runtime":578},"agg/test.SP_age_std":7.947096354611076,"agg/val.EO_sex_std":8.754179490674067,"agg/test.f1_score_std":9.3977289891258,"test.f1_score":51.32743362831857,"agg/test.best_f1_std":3.8986988099162105,"val.roc_auc":67.11259754738016,"_step":5,"agg/seed_std":1.4142135623730951,"agg/test.f1_score_mean":47.82651288944217,"agg/test.SP_age_mean":22.042152715025058,"agg/val.roc_auc_mean":65.97547380156075,"_timestamp":1.767067365254483e+09,"agg/test.roc_auc_mean":62.7363428702583,"fold":4,"agg/val.val_score_bestthr_std":14.435101198164064}