{"agg/fold_id_std":0,"agg/test.EO_sex_mean":33.33333333333333,"test.accuracy":57.7922077922078,"val.f1_score":55.81395348837209,"test.f1_score":44.44444444444445,"agg/test.val_score_mean":78.86599331952273,"agg/test.best_thr_f1_std":0,"agg/test.recall_std":0,"agg/val.SP_age_mean":27.083333333333336,"agg/test.val_score_bestthr_std":0,"agg/test.accuracy_std":0,"test.roc_auc":62.572886297376094,"agg/val.accuracy_std":0,"agg/val.val_score_std":0,"agg/best_epoch_mean":12,"agg/val.EO_age_mean":33.33333333333333,"agg/test.accuracy_mean":57.7922077922078,"agg/seed_mean":0,"agg/test.best_f1_std":0,"_step":1,"agg/val.f1_score_std":0,"val.roc_auc":66.22073578595318,"seed":0,"agg/val.roc_auc_std":0,"agg/test.SP_age_mean":27.54182754182754,"agg/test.val_score_std":0,"agg/val.roc_auc_mean":66.22073578595318,"_runtime":44.632648397,"agg/test.recall_mean":46.42857142857143,"agg/test.best_f1_mean":55.78231292517006,"_wandb":{"runtime":44},"agg/test.EO_age_mean":46.524064171122994,"agg/val.accuracy_mean":69.35483870967742,"fold":0,"agg/test.EO_age_std":0,"agg/test.best_accuracy_mean":57.7922077922078,"agg/test.EO_sex_std":0,"agg/seed_std":0,"agg/test.precision_std":0,"agg/test.precision_mean":42.62295081967213,"_timestamp":1.767058463736755e+09,"agg/test.val_score_bestthr_mean":84.61275503786007,"agg/val.f1_score_mean":55.81395348837209,"agg/val.EO_sex_std":0,"agg/test.f1_score_mean":44.44444444444445,"agg/val.val_score_mean":96.43592933018324,"agg/test.f1_score_std":0,"agg/val.SP_sex_std":0,"agg/val.EO_age_std":0,"agg/test.SP_sex_mean":7.444444444444443,"agg/val.val_score_bestthr_std":0,"val.accuracy":69.35483870967742,"agg/test.roc_auc_std":0,"agg/best_epoch_std":0,"agg/test.SP_sex_std":0,"agg/val.val_score_bestthr_mean":94.57804391757558,"agg/test.best_thr_f1_mean":0.4549999999999999,"agg/test.roc_auc_mean":62.572886297376094,"agg/val.SP_sex_mean":2.5641025641025603,"agg/test.best_accuracy_std":0,"agg/val.EO_sex_mean":19.6078431372549,"agg/val.SP_age_std":0,"agg/fold_id_mean":0,"agg/test.SP_age_std":0}