{"agg/test.accuracy_std":0,"agg/test.precision_mean":46.774193548387096,"agg/test.val_score_std":0,"agg/val.roc_auc_std":0,"agg/best_epoch_mean":28,"agg/test.recall_std":0,"agg/test.EO_sex_std":0,"agg/val.f1_score_mean":62.222222222222236,"agg/test.EO_age_std":0,"test.f1_score":49.152542372881356,"val.f1_score":62.222222222222236,"_runtime":56.461981207,"test.accuracy":61.038961038961034,"agg/test.SP_sex_std":0,"agg/test.roc_auc_mean":59.511661807580175,"agg/fold_id_std":0,"agg/seed_mean":0,"agg/val.SP_sex_std":0,"val.val_score":102.71531710699168,"agg/val.accuracy_mean":72.58064516129032,"agg/test.val_score_mean":84.86006591126481,"agg/test.best_accuracy_mean":50,"agg/val.SP_age_std":0,"agg/seed_std":0,"agg/val.val_score_std":0,"agg/test.EO_age_mean":37.43315508021391,"agg/test.val_score_bestthr_std":0,"agg/fold_id_mean":0,"agg/test.recall_mean":51.78571428571429,"agg/val.EO_sex_std":0,"agg/val.SP_sex_mean":14.743589743589746,"agg/val.accuracy_std":0,"agg/test.EO_sex_mean":2.083333333333337,"agg/test.f1_score_std":0,"agg/test.best_f1_mean":53.89221556886228,"_wandb":{"runtime":56},"agg/test.SP_age_std":0,"agg/test.precision_std":0,"agg/val.roc_auc_mean":71.01449275362319,"agg/val.EO_sex_mean":14.70588235294118,"test.roc_auc":59.511661807580175,"agg/test.best_thr_f1_std":0,"agg/test.f1_score_mean":49.152542372881356,"agg/val.val_score_bestthr_mean":102.82215998475486,"agg/val.EO_age_mean":46.66666666666667,"agg/val.EO_age_std":0,"agg/val.val_score_bestthr_std":0,"agg/test.best_thr_f1_mean":0.4599999999999999,"agg/test.best_f1_std":0,"agg/test.SP_sex_mean":7.814814814814813,"_timestamp":1.767072695203268e+09,"val.accuracy":72.58064516129032,"agg/val.val_score_mean":102.71531710699168,"seed":0,"agg/test.roc_auc_std":0,"agg/test.val_score_bestthr_mean":76.28532742615077,"agg/test.SP_age_mean":28.185328185328185,"agg/val.SP_age_mean":21.52777777777778,"agg/best_epoch_std":0,"_step":1,"fold":0,"agg/test.accuracy_mean":61.038961038961034,"agg/val.f1_score_std":0,"agg/test.best_accuracy_std":0,"val.roc_auc":71.01449275362319}