{"agg/test.best_accuracy_std":0,"val.f1_score":57.777777777777786,"agg/test.best_thr_f1_mean":0.4099999999999999,"agg/val.accuracy_mean":69.35483870967742,"agg/test.accuracy_mean":58.44155844155844,"agg/test.EO_age_std":0,"agg/val.EO_sex_std":0,"agg/val.f1_score_std":0,"agg/test.SP_age_mean":32.94723294723295,"fold":0,"_timestamp":1.7670579484037793e+09,"agg/test.SP_sex_std":0,"agg/test.f1_score_mean":46.666666666666664,"agg/fold_id_mean":0,"_step":1,"agg/val.accuracy_std":0,"agg/val.val_score_std":0,"agg/test.precision_mean":43.75,"val.accuracy":69.35483870967742,"agg/test.EO_age_mean":46.524064171122994,"agg/test.best_thr_f1_std":0,"test.accuracy":58.44155844155844,"agg/val.f1_score_mean":57.777777777777786,"test.f1_score":46.666666666666664,"agg/test.best_f1_std":0,"agg/val.SP_sex_std":0,"agg/test.val_score_std":0,"agg/test.EO_sex_std":0,"agg/test.recall_mean":50,"seed":0,"agg/val.EO_age_mean":46.66666666666667,"agg/test.accuracy_std":0,"agg/val.SP_sex_mean":1.495726495726496,"agg/val.roc_auc_std":0,"agg/val.SP_age_std":0,"agg/val.SP_age_mean":33.333333333333336,"agg/fold_id_std":0,"agg/val.val_score_bestthr_mean":100.50214298697615,"agg/test.val_score_bestthr_std":0,"agg/test.roc_auc_std":0,"_wandb":{"runtime":48},"val.roc_auc":67.22408026755853,"agg/best_epoch_std":0,"agg/val.val_score_bestthr_std":0,"agg/test.precision_std":0,"agg/val.val_score_mean":97.29151543164828,"agg/test.val_score_mean":80.64740102593044,"agg/test.SP_sex_mean":4.11111111111111,"agg/test.EO_sex_mean":29.166666666666668,"test.roc_auc":61.37026239067056,"agg/val.EO_sex_mean":13.725490196078427,"agg/test.val_score_bestthr_mean":76.72952472908355,"agg/seed_mean":0,"agg/test.roc_auc_mean":61.37026239067056,"agg/test.recall_std":0,"agg/val.EO_age_std":0,"agg/test.SP_age_std":0,"agg/best_epoch_mean":20,"agg/seed_std":0,"agg/test.best_accuracy_mean":49.35064935064935,"agg/test.best_f1_mean":55.68181818181819,"agg/test.f1_score_std":0,"_runtime":48.639160619,"agg/val.roc_auc_mean":67.22408026755853}