{"agg/test.recall_std":0,"_timestamp":1.7672319361368248e+09,"agg/seed_mean":0,"agg/test.SP_sex_mean":0.62962962962963,"val.EO_sex":15.686274509803921,"agg/val.f1_score_std":0,"agg/test.EO_sex_mean":8.333333333333332,"agg/test.recall_mean":32.142857142857146,"agg/val.accuracy_std":0,"agg/val.SP_sex_mean":0,"agg/best_epoch_std":0,"test.accuracy":66.23376623376623,"agg/val.SP_age_mean":29.86111111111111,"test.EO_sex":8.333333333333332,"agg/test.precision_mean":56.25,"agg/test.f1_score_mean":40.90909090909092,"val.SP_sex":0,"test.EO_age":37.96791443850267,"seed":0,"val.roc_auc":68.00445930880714,"agg/test.EO_age_std":0,"_step":1,"agg/fold_id_mean":0,"agg/test.precision_std":0,"agg/test.accuracy_std":0,"val.EO_age":50,"agg/val.accuracy_mean":70.96774193548387,"agg/val.val_score_bestthr_mean":103.34560141260806,"agg/test.SP_age_std":0,"agg/seed_std":0,"val.f1_score":66.66666666666667,"agg/fold_id_std":0,"agg/val.f1_score_mean":66.66666666666667,"agg/test.EO_age_mean":37.96791443850267,"agg/val.EO_age_mean":50,"val.SP_age":29.86111111111111,"agg/val.roc_auc_mean":68.00445930880714,"agg/test.SP_age_mean":12.741312741312743,"agg/val.val_score_std":0,"val.accuracy":70.96774193548387,"test.recall":32.142857142857146,"val.val_score":95.8961587116236,"agg/val.EO_sex_std":0,"test.roc_auc":59.94897959183674,"agg/test.accuracy_mean":66.23376623376623,"agg/test.f1_score_std":0,"test.precision":56.25,"agg/test.roc_auc_std":0,"test.SP_age":12.741312741312743,"fold":0,"agg/test.EO_sex_std":0,"agg/best_epoch_mean":21,"agg/test.SP_sex_std":0,"test.SP_sex":0.62962962962963,"agg/val.SP_age_std":0,"agg/val.EO_sex_mean":15.686274509803921,"agg/val.EO_age_std":0,"val.val_score_bestthr":103.34560141260806,"test.f1_score":40.90909090909092,"agg/val.val_score_bestthr_std":0,"_wandb":{"runtime":58},"_runtime":58.173786458,"agg/test.roc_auc_mean":59.94897959183674,"agg/val.val_score_mean":95.8961587116236,"agg/val.roc_auc_std":0,"agg/val.SP_sex_std":0}