{"agg/test.val_score_std":0,"agg/best_epoch_std":0,"agg/test.recall_mean":55.35714285714286,"agg/val.SP_sex_mean":9.829059829059828,"agg/test.best_accuracy_mean":52.5974025974026,"agg/val.SP_sex_std":0,"val.roc_auc":69.56521739130434,"test.accuracy":62.33766233766234,"agg/val.f1_score_std":0,"agg/val.f1_score_mean":66.66666666666666,"agg/test.EO_age_mean":43.31550802139038,"agg/val.SP_age_mean":22.22222222222222,"fold":0,"agg/test.EO_sex_mean":8.333333333333337,"test.f1_score":51.66666666666667,"agg/val.accuracy_mean":74.19354838709677,"agg/fold_id_mean":0,"agg/test.SP_sex_mean":9.814814814814815,"agg/test.EO_age_std":0,"agg/test.best_accuracy_std":0,"val.val_score":106.86715321364277,"agg/test.val_score_bestthr_std":0,"agg/val.EO_sex_std":0,"agg/val.roc_auc_mean":69.56521739130434,"agg/test.val_score_bestthr_mean":79.77144306453131,"agg/val.EO_age_std":0,"agg/val.EO_sex_mean":3.9215686274509887,"agg/val.EO_age_mean":30.000000000000004,"agg/val.roc_auc_std":0,"agg/test.f1_score_mean":51.66666666666667,"agg/test.roc_auc_std":0,"test.roc_auc":61.66180758017492,"_runtime":177.803339407,"agg/test.val_score_mean":87.4778520307932,"agg/val.val_score_std":0,"agg/test.roc_auc_mean":61.66180758017492,"agg/test.recall_std":0,"agg/seed_mean":0,"agg/test.EO_sex_std":0,"agg/test.f1_score_std":0,"agg/test.best_thr_f1_std":0,"seed":0,"agg/val.SP_age_std":0,"_wandb":{"runtime":177},"agg/test.best_f1_std":0,"agg/test.accuracy_std":0,"agg/test.accuracy_mean":62.33766233766234,"_timestamp":1.7670770981915529e+09,"val.accuracy":74.19354838709677,"agg/test.SP_sex_std":0,"agg/best_epoch_mean":24,"agg/test.precision_std":0,"agg/test.SP_age_mean":7.850707850707855,"agg/val.val_score_mean":106.86715321364277,"agg/test.precision_mean":48.4375,"_step":1,"agg/test.best_f1_mean":55.757575757575765,"agg/test.SP_age_std":0,"agg/test.best_thr_f1_mean":0.06,"agg/seed_std":0,"agg/val.accuracy_std":0,"agg/fold_id_std":0,"val.f1_score":66.66666666666666,"agg/val.val_score_bestthr_mean":101.54962880520281,"agg/val.val_score_bestthr_std":0}