{"val.val_score_bestthr":98.4244747319937,"test.precision":54,"agg/test.precision_mean":54,"agg/test.EO_age_mean":46.524064171122994,"fold":0,"agg/test.SP_sex_std":0,"agg/test.f1_score_mean":50.943396226415096,"agg/val.roc_auc_std":0,"val.roc_auc":74.58193979933111,"agg/val.accuracy_mean":74.19354838709677,"test.SP_sex":7.222222222222219,"agg/test.SP_age_mean":44.753577106518286,"agg/val.val_score_std":0,"_runtime":92.10002571,"agg/best_epoch_std":0,"agg/test.roc_auc_mean":65.37900874635568,"agg/val.SP_age_mean":13.194444444444445,"test.EO_sex":16.666666666666668,"val.EO_sex":1.9607843137254943,"_timestamp":1.7672438743909786e+09,"test.accuracy":66.23376623376623,"agg/val.SP_sex_std":0,"agg/best_epoch_mean":32,"agg/seed_mean":0,"val.SP_age":13.194444444444445,"test.roc_auc":65.37900874635568,"agg/val.f1_score_std":0,"agg/test.f1_score_std":0,"agg/val.EO_age_std":0,"val.accuracy":74.19354838709677,"val.SP_sex":11.752136752136751,"seed":0,"agg/test.accuracy_std":0,"agg/val.SP_age_std":0,"test.SP_age":44.753577106518286,"val.val_score":98.4244747319937,"_wandb":{"runtime":92},"agg/val.accuracy_std":0,"agg/seed_std":0,"agg/fold_id_mean":0,"_step":1,"agg/val.val_score_mean":98.4244747319937,"agg/test.recall_std":0,"agg/test.EO_age_std":0,"agg/test.precision_std":0,"test.recall":48.214285714285715,"agg/val.SP_sex_mean":11.752136752136751,"test.EO_age":46.524064171122994,"agg/val.EO_sex_mean":1.9607843137254943,"agg/val.roc_auc_mean":74.58193979933111,"val.EO_age":50,"test.f1_score":50.943396226415096,"agg/val.EO_sex_std":0,"agg/val.f1_score_mean":50,"agg/test.recall_mean":48.214285714285715,"agg/test.SP_sex_mean":7.222222222222219,"agg/val.EO_age_mean":50,"agg/test.EO_sex_mean":16.666666666666668,"val.f1_score":50,"agg/val.val_score_bestthr_mean":98.4244747319937,"agg/fold_id_std":0,"agg/test.roc_auc_std":0,"agg/test.accuracy_mean":66.23376623376623,"agg/val.val_score_bestthr_std":0,"agg/test.SP_age_std":0,"agg/test.EO_sex_std":0}