{"_runtime":70.972980191,"agg/val.EO_age_mean":46.66666666666667,"agg/val.f1_score_mean":57.777777777777786,"agg/test.roc_auc_std":0,"agg/test.EO_age_std":0,"agg/val.accuracy_std":0,"test.recall":32.142857142857146,"agg/test.EO_sex_std":0,"agg/test.precision_mean":54.54545454545454,"test.EO_sex":8.333333333333332,"agg/val.val_score_mean":89.62534747563211,"agg/val.SP_sex_std":0,"agg/test.recall_mean":32.142857142857146,"agg/best_epoch_mean":26,"agg/test.accuracy_mean":65.5844155844156,"agg/test.EO_sex_mean":8.333333333333332,"_step":1,"agg/val.accuracy_mean":69.35483870967742,"agg/test.recall_std":0,"_timestamp":1.767235395251411e+09,"agg/test.f1_score_std":0,"agg/val.roc_auc_std":0,"seed":0,"agg/val.SP_sex_mean":14.743589743589746,"agg/test.SP_age_std":0,"agg/val.EO_age_std":0,"agg/test.accuracy_std":0,"agg/test.EO_age_mean":47.05882352941176,"val.accuracy":69.35483870967742,"agg/val.val_score_bestthr_std":0,"test.SP_sex":1.6296296296296309,"agg/val.f1_score_std":0,"val.val_score":89.62534747563211,"agg/test.f1_score_mean":40.449438202247194,"fold":0,"val.EO_sex":8.823529411764708,"agg/best_epoch_std":0,"test.precision":54.54545454545454,"val.SP_sex":14.743589743589746,"agg/val.EO_sex_mean":8.823529411764708,"test.f1_score":40.449438202247194,"agg/val.SP_age_std":0,"agg/test.SP_sex_std":0,"test.SP_age":33.397683397683394,"val.SP_age":15.972222222222221,"agg/val.val_score_std":0,"agg/test.roc_auc_mean":56.596209912536445,"agg/val.val_score_bestthr_mean":97.38166751812389,"agg/seed_mean":0,"agg/fold_id_std":0,"agg/test.SP_age_mean":33.397683397683394,"test.accuracy":65.5844155844156,"val.f1_score":57.777777777777786,"agg/val.SP_age_mean":15.972222222222221,"agg/test.SP_sex_mean":1.6296296296296309,"test.EO_age":47.05882352941176,"agg/val.roc_auc_mean":65.77480490523969,"agg/seed_std":0,"agg/fold_id_mean":0,"agg/test.precision_std":0,"_wandb":{"runtime":70},"test.roc_auc":56.596209912536445,"val.roc_auc":65.77480490523969,"agg/val.EO_sex_std":0,"val.val_score_bestthr":97.38166751812389,"val.EO_age":46.66666666666667}