{"agg/test.precision_mean":46.15384615384615,"agg/test.SP_sex_std":0,"_timestamp":1.7670812631104481e+09,"agg/test.val_score_std":0,"agg/test.roc_auc_std":0,"agg/best_epoch_mean":13,"agg/test.SP_age_std":0,"agg/val.SP_sex_mean":1.0683760683760646,"agg/seed_mean":0,"agg/test.best_accuracy_std":0,"agg/test.f1_score_mean":49.586776859504134,"agg/test.accuracy_std":0,"agg/val.EO_sex_std":0,"val.f1_score":69.23076923076923,"agg/test.val_score_mean":84.23587405517888,"agg/test.EO_age_std":0,"agg/val.f1_score_std":0,"agg/test.SP_age_mean":25.804375804375802,"seed":0,"agg/test.EO_sex_std":0,"agg/test.best_accuracy_mean":40.25974025974026,"val.accuracy":74.19354838709677,"agg/test.val_score_bestthr_mean":67.21788991994437,"agg/test.roc_auc_mean":60.167638483965014,"_runtime":93.670301642,"agg/val.EO_age_std":0,"agg/fold_id_mean":0,"agg/best_epoch_std":0,"val.val_score":107.882399568595,"agg/val.val_score_bestthr_mean":107.882399568595,"agg/val.accuracy_mean":74.19354838709677,"agg/val.EO_sex_mean":6.862745098039225,"agg/test.recall_mean":53.57142857142857,"agg/val.EO_age_mean":50,"_step":1,"agg/val.val_score_std":0,"agg/test.precision_std":0,"agg/val.SP_sex_std":0,"agg/val.accuracy_std":0,"agg/fold_id_std":0,"agg/val.SP_age_mean":34.72222222222222,"agg/test.recall_std":0,"test.f1_score":49.586776859504134,"test.accuracy":60.3896103896104,"agg/test.EO_sex_mean":25,"_wandb":{"runtime":93},"agg/val.val_score_bestthr_std":0,"agg/test.best_f1_std":0,"agg/test.accuracy_mean":60.3896103896104,"agg/test.EO_age_mean":43.31550802139038,"agg/val.val_score_mean":107.882399568595,"fold":0,"agg/test.f1_score_std":0,"agg/test.val_score_bestthr_std":0,"agg/test.best_thr_f1_mean":0.24999999999999994,"agg/seed_std":0,"test.roc_auc":60.167638483965014,"agg/val.f1_score_mean":69.23076923076923,"val.roc_auc":71.01449275362319,"agg/test.SP_sex_mean":0.5925925925925946,"agg/val.roc_auc_std":0,"agg/test.best_f1_mean":54.45544554455445,"agg/val.SP_age_std":0,"agg/test.best_thr_f1_std":0,"agg/val.roc_auc_mean":71.01449275362319}