{"agg/test.EO_sex_std":0,"val.roc_auc":69.78818283166109,"agg/test.f1_score_std":0,"agg/test.recall_std":0,"agg/test.f1_score_mean":50.74626865671643,"agg/val.roc_auc_std":0,"agg/test.val_score_bestthr_mean":69.3252410552933,"agg/test.best_thr_f1_mean":0.31499999999999995,"agg/test.SP_sex_mean":6.703703703703706,"_wandb":{"runtime":132},"agg/test.best_thr_f1_std":0,"agg/test.roc_auc_std":0,"agg/fold_id_std":0,"agg/test.best_accuracy_mean":42.2077922077922,"agg/test.best_f1_mean":54.82233502538071,"agg/val.EO_age_std":0,"agg/test.val_score_std":0,"agg/val.SP_sex_std":0,"agg/test.accuracy_std":0,"agg/val.val_score_std":0,"agg/test.accuracy_mean":57.14285714285714,"seed":0,"agg/test.precision_mean":43.58974358974359,"agg/val.accuracy_mean":69.35483870967742,"test.accuracy":57.14285714285714,"agg/best_epoch_mean":17,"_runtime":132.19933925,"agg/test.EO_age_mean":45.45454545454546,"agg/val.f1_score_mean":62.745098039215684,"test.roc_auc":61.15160349854227,"agg/val.val_score_mean":99.94191135925007,"agg/test.val_score_bestthr_std":0,"_step":1,"agg/val.roc_auc_mean":69.78818283166109,"agg/test.roc_auc_mean":61.15160349854227,"agg/val.EO_sex_mean":3.9215686274509887,"agg/test.SP_age_std":0,"agg/test.EO_sex_mean":2.083333333333337,"agg/val.f1_score_std":0,"agg/val.SP_age_std":0,"agg/val.val_score_bestthr_mean":102.08488521545922,"agg/val.accuracy_std":0,"agg/test.val_score_mean":81.75349842622231,"agg/test.precision_std":0,"agg/val.SP_sex_mean":1.7094017094017144,"agg/fold_id_mean":0,"agg/test.SP_age_mean":22.007722007722013,"agg/val.EO_age_mean":50,"agg/val.EO_sex_std":0,"test.f1_score":50.74626865671643,"agg/test.EO_age_std":0,"fold":0,"agg/test.recall_mean":60.71428571428571,"agg/seed_mean":0,"agg/best_epoch_std":0,"agg/seed_std":0,"val.f1_score":62.745098039215684,"_timestamp":1.7670715507058456e+09,"agg/test.best_accuracy_std":0,"agg/val.SP_age_mean":22.916666666666668,"val.accuracy":69.35483870967742,"agg/test.SP_sex_std":0,"agg/test.best_f1_std":0,"agg/val.val_score_bestthr_std":0,"val.val_score":99.94191135925007}