{"agg/test.precision_std":0,"agg/test.best_f1_mean":57.89473684210527,"agg/val.f1_score_mean":61.224489795918366,"test.f1_score":56.69291338582677,"agg/val.EO_age_std":0,"agg/test.best_accuracy_mean":68.83116883116884,"agg/val.val_score_bestthr_std":0,"agg/val.val_score_bestthr_mean":99.26264670467029,"agg/test.EO_age_std":0,"agg/val.val_score_std":0,"agg/test.SP_age_mean":46.26391096979333,"agg/val.EO_sex_mean":1.9607843137254832,"val.accuracy":69.35483870967742,"agg/test.roc_auc_mean":67.76603498542273,"agg/val.accuracy_mean":69.35483870967742,"agg/val.SP_age_std":0,"val.roc_auc":68.56187290969899,"fold":0,"agg/test.accuracy_mean":64.28571428571429,"agg/val.roc_auc_mean":68.56187290969899,"_step":1,"agg/test.val_score_bestthr_mean":96.41581177273129,"agg/val.val_score_mean":99.26264670467029,"agg/test.f1_score_std":0,"agg/test.recall_std":0,"agg/test.val_score_std":0,"agg/test.best_accuracy_std":0,"agg/test.SP_sex_mean":11.11111111111111,"agg/fold_id_std":0,"agg/test.f1_score_mean":56.69291338582677,"agg/test.recall_mean":64.28571428571429,"agg/val.SP_sex_mean":5.9829059829059785,"agg/val.EO_sex_std":0,"agg/val.roc_auc_std":0,"val.f1_score":61.224489795918366,"test.accuracy":64.28571428571429,"agg/test.SP_age_std":0,"agg/test.roc_auc_std":0,"agg/test.best_f1_std":0,"agg/test.EO_sex_std":0,"agg/val.f1_score_std":0,"agg/test.EO_age_mean":75.93582887700533,"seed":0,"_runtime":105.036870149,"_timestamp":1.7670819365389543e+09,"agg/test.precision_mean":50.70422535211267,"agg/test.best_thr_f1_std":0,"agg/test.val_score_bestthr_std":0,"agg/fold_id_mean":0,"agg/best_epoch_mean":23,"agg/seed_mean":0,"agg/test.val_score_mean":91.27822913571524,"agg/val.SP_age_mean":34.72222222222222,"agg/val.SP_sex_std":0,"agg/test.EO_sex_mean":2.083333333333337,"agg/best_epoch_std":0,"agg/test.accuracy_std":0,"agg/seed_std":0,"agg/test.SP_sex_std":0,"agg/test.best_thr_f1_mean":0.5149999999999999,"agg/val.accuracy_std":0,"val.val_score":99.26264670467029,"test.roc_auc":67.76603498542273,"_wandb":{"runtime":105},"agg/val.EO_age_mean":27.77777777777778}