{"agg/val.roc_auc_std":0,"agg/fold_id_mean":0,"_runtime":58.650096982,"agg/best_epoch_mean":44,"agg/val.SP_sex_mean":11.538461538461537,"agg/test.roc_auc_mean":66.1716472303207,"agg/test.best_accuracy_std":0,"agg/test.best_f1_std":0,"val.roc_auc":71.57190635451505,"agg/best_epoch_std":0,"agg/val.val_score_std":0,"test.f1_score":55.17241379310346,"agg/test.val_score_std":0,"agg/val.accuracy_std":0,"agg/fold_id_std":0,"agg/test.f1_score_mean":55.17241379310346,"agg/val.roc_auc_mean":71.57190635451505,"agg/seed_mean":0,"agg/val.SP_sex_std":0,"val.f1_score":66.66666666666666,"agg/test.recall_std":0,"agg/test.best_thr_f1_mean":0.8949999999999999,"val.accuracy":72.58064516129032,"agg/val.val_score_mean":105.45055466355277,"agg/test.val_score_bestthr_mean":93.80488903533022,"agg/val.SP_age_std":0,"agg/test.recall_mean":71.42857142857143,"agg/test.accuracy_mean":57.7922077922078,"seed":0,"agg/val.EO_sex_std":0,"agg/test.EO_age_std":0,"agg/test.val_score_mean":84.79961708989737,"agg/val.SP_age_mean":8.333333333333332,"_timestamp":1.767072058022827e+09,"agg/val.f1_score_mean":66.66666666666666,"agg/val.val_score_bestthr_mean":106.52922313560359,"agg/val.f1_score_std":0,"agg/test.f1_score_std":0,"agg/val.EO_age_std":0,"agg/val.accuracy_mean":72.58064516129032,"agg/test.precision_mean":44.9438202247191,"agg/val.EO_sex_mean":9.80392156862745,"val.val_score":105.45055466355277,"agg/test.SP_age_std":0,"test.roc_auc":66.1716472303207,"agg/test.SP_age_mean":22.996515679442513,"_wandb":{"runtime":58},"agg/test.best_f1_mean":57.60000000000001,"agg/test.best_thr_f1_std":0,"agg/test.precision_std":0,"agg/test.val_score_bestthr_std":0,"agg/test.accuracy_std":0,"agg/test.SP_sex_mean":12,"_step":1,"agg/seed_std":0,"fold":0,"agg/test.SP_sex_std":0,"agg/test.EO_sex_mean":4.1666666666666625,"agg/val.val_score_bestthr_std":0,"agg/val.EO_age_mean":16.666666666666675,"test.accuracy":57.7922077922078,"agg/test.roc_auc_std":0,"agg/test.best_accuracy_mean":65.5844155844156,"agg/test.EO_sex_std":0,"agg/test.EO_age_mean":18.71657754010695}