{"test.roc_auc":58.89212827988338,"agg/test.f1_score_std":0,"agg/test.SP_sex_std":0,"val.SP_sex":9.829059829059828,"agg/test.recall_std":0,"val.SP_age":16.666666666666668,"agg/val.SP_sex_std":0,"agg/test.EO_sex_std":0,"val.f1_score":58.333333333333336,"val.accuracy":67.74193548387096,"agg/val.EO_age_std":0,"agg/val.EO_age_mean":46.66666666666667,"agg/fold_id_std":0,"agg/val.f1_score_mean":58.333333333333336,"agg/val.SP_age_mean":16.666666666666668,"agg/test.recall_mean":30.357142857142854,"seed":0,"agg/fold_id_mean":0,"agg/test.EO_age_std":0,"agg/val.val_score_bestthr_mean":96.02991939538428,"test.SP_age":22.90862290862291,"val.EO_age":46.66666666666667,"agg/val.f1_score_std":0,"agg/test.EO_sex_mean":8.333333333333332,"agg/seed_mean":0,"agg/val.val_score_std":0,"test.precision":53.125,"test.accuracy":64.93506493506493,"agg/best_epoch_mean":36,"_wandb":{"runtime":95},"fold":0,"test.f1_score":38.63636363636363,"agg/test.SP_age_std":0,"agg/val.SP_sex_mean":9.829059829059828,"_timestamp":1.7672439786563256e+09,"agg/test.roc_auc_mean":58.89212827988338,"test.EO_age":37.96791443850267,"val.val_score":94.56794329958466,"agg/val.val_score_bestthr_std":0,"agg/test.precision_std":0,"agg/seed_std":0,"agg/test.accuracy_mean":64.93506493506493,"agg/val.EO_sex_std":0,"agg/test.EO_age_mean":37.96791443850267,"agg/val.roc_auc_mean":62.207357859531776,"agg/test.accuracy_std":0,"agg/val.accuracy_std":0,"agg/test.SP_sex_mean":0.62962962962963,"_runtime":95.194889853,"agg/val.roc_auc_std":0,"agg/val.EO_sex_mean":14.70588235294118,"agg/val.accuracy_mean":67.74193548387096,"agg/test.precision_mean":53.125,"test.SP_sex":0.62962962962963,"test.recall":30.357142857142854,"agg/val.val_score_mean":94.56794329958466,"val.val_score_bestthr":96.02991939538428,"val.roc_auc":62.207357859531776,"agg/test.roc_auc_std":0,"test.EO_sex":8.333333333333332,"val.EO_sex":14.70588235294118,"agg/val.SP_age_std":0,"agg/test.f1_score_mean":38.63636363636363,"agg/test.SP_age_mean":22.90862290862291,"_step":1,"agg/best_epoch_std":0}