{"fold":4,"test/recall":90.9090909090909,"agg/test.SP_age_mean":17.41140740924264,"agg/val.accuracy_mean":53.54838709677419,"agg/seed_mean":2,"val/EO_sex":8.888888888888879,"val/EO_age":33.333333333333336,"agg/val.SP_age_std":6.036781014770318,"agg/best_epoch_mean":43.4,"val/acc":59.67741935483871,"val/val_score":82.87958758173252,"agg/val.val_score_mean":85.554352937529,"agg/val.SP_sex_mean":12.963574806799192,"test/EO_age":25,"test/EO_sex":11.904761904761907,"agg/val.EO_age_mean":20,"agg/val.EO_sex_std":2.908733558691798,"agg/test.accuracy_std":5.812317972644971,"agg/test.f1_score_mean":55.5509985097312,"agg/test.precision_mean":40.65897644519546,"agg/test.SP_age_std":5.711204393331195,"agg/val.EO_age_std":12.472191289246473,"test/SP_age":15.972222222222221,"agg/test.EO_age_mean":17.975135975135974,"agg/val.f1_score_mean":60.03606830273496,"agg/test.recall_mean":88.53896103896105,"test/auc":57.55102040816327,"agg/val.SP_age_mean":23.772875816993466,"agg/test.EO_sex_std":6.271349763249245,"agg/fold_id_mean":2,"agg/test.EO_sex_mean":11.437784679089026,"val/auc":61.53846153846154,"agg/val.accuracy_std":7.927874662867426,"agg/val.SP_sex_std":8.324558713313001,"val/SP_age":30.3921568627451,"agg/test.f1_score_std":1.6078134554605414,"test/SP_sex":0.49342105263158187,"agg/test.roc_auc_std":3.634205175426153,"agg/test.precision_std":2.6260779362290414,"_wandb":{"runtime":391},"agg/val.val_score_bestthr_std":9.358826665387703,"agg/seed_std":1.4142135623730951,"val/f1":61.53846153846153,"agg/val.roc_auc_mean":61.204013377926415,"agg/val.roc_auc_std":6.4825068910697015,"agg/best_epoch_std":8.2365041127896,"seed":4,"val/val_score_bestthr":89.65441086198358,"test/f1":53.475935828877006,"agg/val.val_score_std":7.792215638836157,"_timestamp":1.7673200205451858e+09,"agg/val.EO_sex_mean":5.184640522875814,"test/precision":37.878787878787875,"agg/test.recall_std":5.472103774294395,"agg/val.f1_score_std":3.263702527536949,"_step":5,"agg/test.SP_sex_std":6.992659124836948,"val/SP_sex":6.609547123623017,"agg/test.EO_age_std":10.312061293657827,"agg/fold_id_std":1.4142135623730951,"agg/test.SP_sex_mean":6.711151883090348,"agg/val.val_score_bestthr_mean":82.947210336675,"agg/test.roc_auc_mean":59.63533557752997,"test/acc":43.13725490196079,"agg/test.accuracy_mean":48.24378236142942,"_runtime":391.131858993}