{"agg/val.EO_age_mean":50,"agg/test.accuracy_std":0,"fold":0,"agg/fold_id_std":0,"agg/test.val_score_bestthr_mean":89.6264807588337,"agg/val.EO_sex_mean":20.588235294117652,"agg/best_epoch_mean":10,"agg/val.SP_sex_mean":5.9829059829059785,"agg/seed_std":0,"test.f1_score":50.42016806722689,"agg/test.precision_mean":47.61904761904761,"agg/test.precision_std":0,"agg/test.EO_sex_std":0,"_step":1,"agg/test.SP_sex_mean":3.111111111111109,"agg/test.val_score_bestthr_std":0,"agg/val.val_score_std":0,"agg/val.roc_auc_mean":69.45373467112597,"test.roc_auc":63.15597667638484,"agg/seed_mean":0,"agg/val.roc_auc_std":0,"agg/test.recall_mean":53.57142857142857,"_runtime":50.551270579,"_wandb":{"runtime":50},"_timestamp":1.7670611664827669e+09,"agg/val.EO_sex_std":0,"agg/val.accuracy_mean":69.35483870967742,"agg/test.EO_age_std":0,"val.accuracy":69.35483870967742,"agg/fold_id_mean":0,"agg/test.best_accuracy_mean":62.33766233766234,"agg/val.SP_age_std":0,"agg/test.f1_score_std":0,"agg/test.val_score_std":0,"agg/test.roc_auc_mean":63.15597667638484,"seed":0,"agg/test.EO_age_mean":46.524064171122994,"val.f1_score":61.224489795918366,"agg/val.f1_score_std":0,"agg/test.best_thr_f1_std":0,"agg/val.val_score_mean":99.03470552819971,"val.val_score":99.03470552819971,"agg/test.best_thr_f1_mean":0.4599999999999999,"val.roc_auc":69.45373467112597,"agg/test.EO_sex_mean":25,"agg/test.SP_sex_std":0,"agg/val.f1_score_mean":61.224489795918366,"agg/test.best_f1_std":0,"agg/val.accuracy_std":0,"agg/test.val_score_mean":85.99567331273214,"agg/test.f1_score_mean":50.42016806722689,"agg/test.best_accuracy_std":0,"agg/best_epoch_std":0,"agg/test.SP_age_std":0,"agg/val.val_score_bestthr_std":0,"test.accuracy":61.68831168831169,"agg/test.best_f1_mean":56.06060606060607,"agg/val.val_score_bestthr_mean":95.8391759516048,"agg/test.roc_auc_std":0,"val.val_score_bestthr":95.8391759516048,"agg/val.SP_age_mean":16.666666666666668,"agg/val.EO_age_std":0,"agg/test.recall_std":0,"agg/val.SP_sex_std":0,"agg/test.SP_age_mean":15.637065637065634,"agg/test.accuracy_mean":61.68831168831169}