{"agg/val.EO_age_std":0,"agg/val.roc_auc_std":0,"agg/val.SP_age_mean":28.47222222222222,"agg/val.val_score_mean":97.54290432053716,"agg/test.EO_sex_mean":8.333333333333332,"val.val_score_bestthr":99.57263031349844,"agg/test.SP_age_std":0,"agg/test.roc_auc_mean":62.79154518950438,"val.SP_age":28.47222222222222,"agg/val.accuracy_mean":69.35483870967742,"agg/fold_id_std":0,"val.SP_sex":1.7094017094017144,"agg/test.SP_age_mean":33.397683397683394,"test.recall":30.357142857142854,"agg/seed_std":0,"val.roc_auc":70.68004459308807,"agg/val.f1_score_std":0,"agg/test.SP_sex_std":0,"agg/test.EO_sex_std":0,"agg/val.val_score_bestthr_mean":99.57263031349844,"agg/best_epoch_mean":14,"agg/test.recall_std":0,"agg/fold_id_mean":0,"agg/val.roc_auc_mean":70.68004459308807,"val.EO_age":66.66666666666667,"test.accuracy":66.88311688311688,"agg/test.precision_std":0,"_runtime":63.069999904,"test.EO_sex":8.333333333333332,"agg/val.EO_sex_std":0,"test.roc_auc":62.79154518950438,"agg/val.val_score_std":0,"test.SP_age":33.397683397683394,"agg/val.SP_sex_mean":1.7094017094017144,"agg/test.EO_age_mean":47.05882352941176,"agg/val.EO_age_mean":66.66666666666667,"test.EO_age":47.05882352941176,"agg/test.EO_age_std":0,"agg/val.f1_score_mean":62.745098039215684,"agg/test.roc_auc_std":0,"agg/val.val_score_bestthr_std":0,"val.val_score":97.54290432053716,"agg/seed_mean":0,"_wandb":{"runtime":63},"_timestamp":1.7672424688496864e+09,"val.f1_score":62.745098039215684,"agg/test.accuracy_std":0,"agg/test.f1_score_std":0,"fold":0,"agg/best_epoch_std":0,"agg/test.accuracy_mean":66.88311688311688,"agg/test.precision_mean":58.620689655172406,"test.f1_score":40,"agg/val.SP_age_std":0,"agg/test.f1_score_mean":40,"val.EO_sex":18.627450980392158,"agg/test.SP_sex_mean":3.3333333333333353,"seed":0,"agg/test.recall_mean":30.357142857142854,"agg/val.accuracy_std":0,"test.SP_sex":3.3333333333333353,"val.accuracy":69.35483870967742,"agg/val.EO_sex_mean":18.627450980392158,"agg/val.SP_sex_std":0,"test.precision":58.620689655172406,"_step":1}