{"_timestamp":1.7670717976248927e+09,"agg/test.precision_std":0,"agg/test.best_thr_f1_mean":0.4549999999999999,"agg/test.recall_mean":62.5,"agg/val.val_score_std":0,"val.accuracy":74.19354838709677,"agg/test.SP_age_mean":31.531531531531538,"agg/val.f1_score_mean":66.66666666666666,"agg/test.f1_score_mean":53.03030303030303,"agg/val.roc_auc_std":0,"agg/test.best_thr_f1_std":0,"agg/seed_mean":0,"agg/test.SP_sex_mean":16.111111111111114,"agg/val.accuracy_mean":74.19354838709677,"agg/test.EO_sex_std":0,"agg/test.val_score_bestthr_mean":84.64835310345813,"agg/val.SP_sex_mean":9.829059829059828,"test.accuracy":59.74025974025974,"agg/test.precision_mean":46.05263157894737,"agg/test.best_accuracy_std":0,"agg/test.val_score_std":0,"fold":0,"agg/test.val_score_bestthr_std":0,"test.f1_score":53.03030303030303,"val.f1_score":66.66666666666666,"agg/val.EO_age_mean":50,"agg/test.EO_age_mean":31.01604278074866,"agg/val.EO_age_std":0,"agg/val.val_score_bestthr_mean":106.44166301756434,"agg/val.SP_age_mean":22.22222222222222,"agg/test.accuracy_std":0,"seed":0,"val.val_score":106.44166301756434,"agg/test.best_f1_std":0,"agg/val.SP_age_std":0,"agg/test.SP_age_std":0,"agg/val.accuracy_std":0,"agg/test.EO_sex_mean":14.583333333333337,"test.roc_auc":61.078717201166185,"agg/val.f1_score_std":0,"agg/fold_id_mean":0,"agg/val.EO_sex_mean":26.470588235294112,"val.roc_auc":71.68338907469341,"agg/val.val_score_bestthr_std":0,"agg/test.roc_auc_std":0,"_wandb":{"runtime":64},"agg/test.SP_sex_std":0,"agg/test.recall_std":0,"agg/best_epoch_std":0,"agg/seed_std":0,"agg/val.roc_auc_mean":71.68338907469341,"agg/fold_id_std":0,"agg/test.roc_auc_mean":61.078717201166185,"agg/val.val_score_mean":106.44166301756434,"_runtime":64.858885229,"agg/test.f1_score_std":0,"agg/test.best_f1_mean":55.78231292517006,"agg/test.val_score_mean":85.322991067844,"agg/test.best_accuracy_mean":57.7922077922078,"_step":1,"agg/test.accuracy_mean":59.74025974025974,"agg/val.EO_sex_std":0,"agg/best_epoch_mean":21,"agg/val.SP_sex_std":0,"agg/test.EO_age_std":0}