{"agg/val.EO_age_std":0,"agg/val.SP_sex_mean":15.384615384615385,"agg/val.val_score_std":0,"agg/val.EO_sex_std":0,"agg/val.roc_auc_std":0,"agg/test.EO_sex_std":0,"_timestamp":1.7670580041725605e+09,"agg/test.SP_age_mean":16.280566280566276,"agg/val.roc_auc_mean":64.77146042363432,"agg/val.f1_score_std":0,"agg/test.EO_sex_mean":14.583333333333337,"agg/test.accuracy_std":0,"agg/test.SP_age_std":0,"agg/test.val_score_bestthr_mean":86.45324697062861,"agg/test.accuracy_mean":59.74025974025974,"agg/val.SP_sex_std":0,"val.roc_auc":64.77146042363432,"agg/test.precision_std":0,"agg/test.best_accuracy_mean":58.44155844155844,"agg/best_epoch_mean":23,"agg/val.SP_age_mean":22.916666666666668,"agg/test.best_f1_mean":57.333333333333336,"agg/seed_std":0,"agg/test.SP_sex_mean":10.40740740740741,"_wandb":{"runtime":45},"agg/test.recall_mean":62.5,"agg/test.EO_age_mean":31.01604278074866,"agg/val.EO_sex_mean":26.470588235294112,"val.accuracy":70.96774193548387,"agg/fold_id_mean":0,"agg/test.EO_age_std":0,"agg/val.accuracy_mean":70.96774193548387,"_step":1,"test.roc_auc":64.08527696793003,"agg/test.best_thr_f1_std":0,"agg/val.val_score_mean":101.82002323261811,"agg/best_epoch_std":0,"agg/test.best_thr_f1_mean":0.38999999999999996,"fold":0,"agg/test.SP_sex_std":0,"agg/test.best_f1_std":0,"agg/val.f1_score_mean":63.99999999999999,"agg/test.best_accuracy_std":0,"agg/test.recall_std":0,"_runtime":45.658543632,"agg/val.val_score_bestthr_std":0,"agg/test.f1_score_mean":53.03030303030303,"agg/test.roc_auc_mean":64.08527696793003,"agg/test.val_score_mean":85.53253775739068,"agg/test.val_score_std":0,"agg/val.SP_age_std":0,"agg/test.roc_auc_std":0,"agg/val.accuracy_std":0,"agg/seed_mean":0,"agg/fold_id_std":0,"agg/val.EO_age_mean":50,"agg/test.val_score_bestthr_std":0,"test.accuracy":59.74025974025974,"agg/test.precision_mean":46.05263157894737,"agg/test.f1_score_std":0,"agg/val.val_score_bestthr_mean":101.82002323261811,"val.f1_score":63.99999999999999,"test.f1_score":53.03030303030303,"seed":0}