{"agg/test.precision_mean":54.285714285714285,"agg/val.accuracy_std":0,"val.SP_sex":9.829059829059828,"agg/test.roc_auc_mean":59.110787172011655,"agg/test.f1_score_std":0,"agg/val.val_score_mean":97.06762678603285,"agg/val.val_score_std":0,"val.val_score":97.06762678603285,"agg/test.EO_age_std":0,"test.accuracy":65.5844155844156,"agg/val.SP_age_std":0,"agg/val.f1_score_std":0,"test.precision":54.285714285714285,"agg/val.f1_score_mean":62.500000000000014,"agg/test.SP_age_std":0,"agg/val.EO_age_std":0,"agg/test.accuracy_mean":65.5844155844156,"agg/test.precision_std":0,"agg/test.roc_auc_std":0,"_wandb":{"runtime":80},"_runtime":80.036801405,"agg/test.f1_score_mean":41.75824175824175,"agg/test.SP_sex_mean":0.77777777777778,"test.f1_score":41.75824175824175,"val.EO_sex":1.9607843137254832,"agg/best_epoch_mean":26,"_step":1,"test.recall":33.92857142857143,"test.SP_sex":0.77777777777778,"agg/val.val_score_bestthr_std":0,"agg/val.SP_age_mean":16.666666666666668,"agg/test.SP_age_mean":33.397683397683394,"test.EO_sex":10.416666666666668,"val.accuracy":70.96774193548387,"_timestamp":1.7672351004828024e+09,"agg/test.recall_mean":33.92857142857143,"agg/fold_id_std":0,"fold":0,"test.roc_auc":59.110787172011655,"agg/test.recall_std":0,"val.f1_score":62.500000000000014,"agg/test.SP_sex_std":0,"agg/test.accuracy_std":0,"val.roc_auc":69.45373467112597,"agg/best_epoch_std":0,"agg/val.accuracy_mean":70.96774193548387,"agg/test.EO_sex_mean":10.416666666666668,"agg/seed_mean":0,"agg/val.SP_sex_mean":9.829059829059828,"agg/test.EO_age_mean":47.05882352941176,"agg/val.EO_sex_std":0,"val.EO_age":46.66666666666667,"test.SP_age":33.397683397683394,"agg/fold_id_mean":0,"val.SP_age":16.666666666666668,"agg/val.roc_auc_mean":69.45373467112597,"agg/val.SP_sex_std":0,"seed":0,"agg/val.EO_age_mean":46.66666666666667,"test.EO_age":47.05882352941176,"agg/val.val_score_bestthr_mean":101.46651016072269,"val.val_score_bestthr":101.46651016072269,"agg/val.EO_sex_mean":1.9607843137254832,"agg/test.EO_sex_std":0,"agg/val.roc_auc_std":0,"agg/seed_std":0}