{"fold":0,"agg/test.recall_std":0,"agg/test.SP_sex_mean":2.691029900332226,"agg/test.accuracy_mean":57.48792270531401,"agg/val.SP_sex_std":0,"agg/val.accuracy_mean":71.08433734939759,"agg/test.precision_std":0,"agg/test.val_score_bestthr_mean":92.12278416316386,"val.val_score":104.81858709723429,"_timestamp":1.767142965756599e+09,"agg/test.SP_sex_std":0,"agg/test.EO_sex_mean":8.469449485783425,"agg/val.roc_auc_std":0,"agg/test.best_f1_std":0,"agg/test.val_score_mean":84.62633230808379,"agg/test.f1_score_mean":55.10204081632652,"agg/val.EO_sex_mean":6.746031746031744,"agg/best_epoch_mean":58,"agg/test.roc_auc_std":0,"agg/val.f1_score_mean":69.23076923076923,"agg/val.EO_age_mean":47.11538461538461,"agg/test.best_accuracy_std":0,"agg/test.best_accuracy_mean":57.48792270531401,"_step":1,"seed":0,"test.roc_auc":64.20698673640949,"agg/val.accuracy_std":0,"agg/val.val_score_bestthr_std":0,"agg/test.val_score_std":0,"agg/seed_mean":0,"agg/val.roc_auc_mean":74.94186046511628,"agg/seed_std":0,"agg/test.EO_age_std":0,"agg/val.val_score_std":0,"test.f1_score":55.10204081632652,"agg/test.best_thr_f1_mean":0.06,"_runtime":116.213817449,"agg/val.EO_age_std":0,"agg/test.roc_auc_mean":64.20698673640949,"val.roc_auc":74.94186046511628,"agg/test.precision_mean":60,"agg/val.val_score_bestthr_mean":103.79284709941433,"test.accuracy":57.48792270531401,"agg/val.SP_age_mean":33.42391304347826,"_wandb":{"runtime":116},"agg/test.accuracy_std":0,"agg/fold_id_std":0,"agg/test.SP_age_mean":14.513556618819779,"agg/fold_id_mean":0,"agg/test.best_f1_mean":69.86301369863013,"val.f1_score":69.23076923076923,"agg/best_epoch_std":0,"agg/val.EO_sex_std":0,"agg/val.SP_sex_mean":0.82815734989648,"agg/test.val_score_bestthr_std":0,"agg/val.SP_age_std":0,"agg/val.val_score_mean":104.81858709723429,"agg/test.recall_mean":50.943396226415096,"agg/test.best_thr_f1_std":0,"agg/test.SP_age_std":0,"agg/test.f1_score_std":0,"agg/val.f1_score_std":0,"val.accuracy":71.08433734939759,"agg/test.EO_sex_std":0,"agg/test.EO_age_mean":15.587044534412954}