{"_runtime":116.380303373,"_wandb":{"runtime":116},"val/auc":69.3422519509476,"test/recall":92.85714285714286,"test/auc":62.22667638483965,"test/SP_sex":11.074074074074069,"val/val_score":96.6417704740248,"test/EO_sex":8.333333333333337,"test/precision":40.625,"fold":0,"val/SP_age":31.25,"val/EO_age":33.333333333333336,"val/SP_sex":19.444444444444443,"test/SP_age":18.082368082368085,"test/f1":56.52173913043478,"test/EO_age":11.764705882352944,"val/f1":65.57377049180327,"seed":0,"_step":0,"test/acc":48.05194805194805,"val/EO_sex":4.901960784313719,"val/val_score_bestthr":98.02662011834522,"_timestamp":1.7673248722852376e+09,"val/acc":66.12903225806451}