{"agg/val.accuracy_mean":70.96774193548387,"agg/seed_std":0,"agg/fold_id_mean":0,"test.SP_sex":6.740740740740741,"val.EO_sex":43.13725490196078,"test.recall":21.428571428571427,"agg/val.val_score_bestthr_std":0,"val.val_score_bestthr":100.67739502748991,"agg/test.recall_mean":21.428571428571427,"agg/test.roc_auc_mean":62.82798833819242,"agg/val.f1_score_mean":62.500000000000014,"agg/test.accuracy_std":0,"test.SP_age":14.750290360046458,"_step":1,"val.accuracy":70.96774193548387,"agg/val.EO_sex_mean":43.13725490196078,"agg/test.SP_sex_mean":6.740740740740741,"agg/test.EO_sex_mean":25,"val.f1_score":62.500000000000014,"agg/test.EO_age_mean":35.294117647058826,"agg/val.SP_age_mean":27.77777777777778,"agg/val.SP_sex_mean":16.45299145299145,"agg/test.recall_std":0,"agg/test.accuracy_mean":65.5844155844156,"agg/val.f1_score_std":0,"agg/test.EO_sex_std":0,"agg/val.accuracy_std":0,"test.roc_auc":62.82798833819242,"agg/val.roc_auc_std":0,"agg/test.precision_std":0,"seed":0,"val.val_score":97.6883271514262,"test.accuracy":65.5844155844156,"test.EO_age":35.294117647058826,"agg/test.SP_sex_std":0,"val.EO_age":66.66666666666667,"agg/test.roc_auc_std":0,"agg/val.val_score_std":0,"agg/test.precision_mean":57.14285714285714,"agg/fold_id_std":0,"fold":0,"agg/test.SP_age_mean":14.750290360046458,"test.f1_score":31.16883116883116,"test.precision":57.14285714285714,"agg/best_epoch_std":0,"agg/val.val_score_mean":97.6883271514262,"agg/val.EO_age_mean":66.66666666666667,"agg/seed_mean":0,"agg/val.EO_age_std":0,"agg/test.SP_age_std":0,"agg/val.SP_sex_std":0,"agg/val.SP_age_std":0,"agg/test.f1_score_std":0,"agg/test.EO_age_std":0,"agg/val.val_score_bestthr_mean":100.67739502748991,"agg/test.f1_score_mean":31.16883116883116,"val.roc_auc":66.77814938684503,"val.SP_sex":16.45299145299145,"agg/val.EO_sex_std":0,"test.EO_sex":25,"_runtime":157.990327793,"agg/val.roc_auc_mean":66.77814938684503,"val.SP_age":27.77777777777778,"_timestamp":1.7672316430272627e+09,"_wandb":{"runtime":157},"agg/best_epoch_mean":29}