{"agg/val.SP_sex_mean":6.41025641025641,"agg/test.SP_sex_mean":6.629629629629632,"agg/test.accuracy_mean":67.53246753246754,"agg/val.val_score_std":0,"agg/fold_id_mean":0,"agg/test.roc_auc_std":0,"agg/val.accuracy_mean":70.96774193548387,"agg/val.EO_sex_mean":2.941176470588236,"test.accuracy":67.53246753246754,"agg/val.val_score_bestthr_mean":98.91787840032623,"val.EO_age":33.33333333333333,"fold":0,"agg/val.val_score_mean":94.40405441069576,"agg/val.EO_age_mean":33.33333333333333,"agg/test.accuracy_std":0,"agg/val.EO_age_std":0,"test.SP_age":34.18124006359301,"val.accuracy":70.96774193548387,"val.val_score_bestthr":98.91787840032623,"_timestamp":1.7672443011341636e+09,"agg/test.recall_std":0,"agg/val.accuracy_std":0,"agg/test.EO_age_std":0,"agg/val.f1_score_std":0,"test.EO_sex":12.5,"agg/val.roc_auc_std":0,"val.SP_sex":6.41025641025641,"test.f1_score":46.808510638297875,"_runtime":98.563091577,"agg/test.EO_sex_mean":12.5,"val.val_score":94.40405441069576,"agg/val.SP_sex_std":0,"agg/best_epoch_mean":44,"val.EO_sex":2.941176470588236,"test.recall":39.285714285714285,"agg/test.f1_score_mean":46.808510638297875,"seed":0,"agg/seed_mean":0,"val.roc_auc":73.355629877369,"_wandb":{"runtime":98},"agg/test.precision_mean":57.89473684210527,"_step":1,"agg/test.SP_age_mean":34.18124006359301,"agg/fold_id_std":0,"test.EO_age":34.75935828877005,"agg/seed_std":0,"agg/best_epoch_std":0,"agg/val.EO_sex_std":0,"agg/test.f1_score_std":0,"agg/test.EO_age_mean":34.75935828877005,"test.SP_sex":6.629629629629632,"agg/test.precision_std":0,"agg/test.roc_auc_mean":63.70262390670553,"agg/test.EO_sex_std":0,"agg/val.val_score_bestthr_std":0,"agg/test.recall_mean":39.285714285714285,"agg/test.SP_age_std":0,"agg/val.roc_auc_mean":73.355629877369,"agg/val.SP_age_mean":19.444444444444446,"agg/test.SP_sex_std":0,"val.f1_score":57.14285714285715,"test.roc_auc":63.70262390670553,"agg/val.f1_score_mean":57.14285714285715,"agg/val.SP_age_std":0,"val.SP_age":19.444444444444446,"test.precision":57.89473684210527}