{"agg/val.EO_age_std":0,"agg/test.f1_score_mean":51.724137931034484,"val.SP_age":21.52777777777778,"agg/best_epoch_mean":78,"val.val_score_bestthr":97.10062176648991,"test.roc_auc":62.5,"test.f1_score":51.724137931034484,"test.precision":50,"agg/test.precision_std":0,"agg/fold_id_mean":0,"val.EO_sex":31.37254901960785,"agg/test.roc_auc_std":0,"agg/val.EO_sex_std":0,"val.EO_age":46.66666666666667,"agg/val.f1_score_std":0,"val.accuracy":69.35483870967742,"fold":0,"agg/val.val_score_mean":97.10062176648991,"val.SP_sex":14.743589743589746,"seed":0,"agg/test.roc_auc_mean":62.5,"agg/test.SP_age_std":0,"test.SP_sex":14.370370370370372,"agg/fold_id_std":0,"_wandb":{"runtime":91},"agg/val.roc_auc_std":0,"agg/val.SP_age_mean":21.52777777777778,"agg/test.SP_sex_mean":14.370370370370372,"agg/test.precision_mean":50,"agg/test.accuracy_mean":63.63636363636363,"agg/test.recall_std":0,"agg/test.recall_mean":53.57142857142857,"agg/val.f1_score_mean":57.777777777777786,"agg/val.accuracy_std":0,"_step":1,"test.recall":53.57142857142857,"agg/val.roc_auc_mean":62.54180602006689,"agg/val.val_score_bestthr_mean":97.10062176648991,"agg/test.SP_sex_std":0,"_runtime":91.292761301,"agg/test.EO_age_mean":1.6042780748663055,"test.SP_age":9.09690177982861,"agg/seed_std":0,"val.f1_score":57.777777777777786,"test.accuracy":63.63636363636363,"val.val_score":97.10062176648991,"_timestamp":1.7672657433021586e+09,"agg/val.accuracy_mean":69.35483870967742,"agg/seed_mean":0,"agg/val.SP_sex_std":0,"val.roc_auc":62.54180602006689,"test.EO_sex":4.1666666666666625,"agg/val.val_score_std":0,"agg/test.EO_sex_mean":4.1666666666666625,"agg/test.f1_score_std":0,"agg/best_epoch_std":0,"agg/val.val_score_bestthr_std":0,"agg/val.EO_age_mean":46.66666666666667,"agg/test.EO_age_std":0,"agg/test.EO_sex_std":0,"agg/val.EO_sex_mean":31.37254901960785,"test.EO_age":1.6042780748663055,"agg/val.SP_age_std":0,"agg/test.accuracy_std":0,"agg/val.SP_sex_mean":14.743589743589746,"agg/test.SP_age_mean":9.09690177982861}