{"agg/test.SP_sex_std":0,"agg/val.val_score_std":0,"agg/test.EO_age_mean":26.203208556149736,"agg/val.EO_sex_mean":14.70588235294118,"agg/test.recall_std":0,"fold":0,"_wandb":{"runtime":77},"val.f1_score":59.57446808510638,"agg/val.SP_age_std":0,"agg/seed_std":0,"test.f1_score":37.03703703703704,"test.roc_auc":60.14941690962099,"test.EO_sex":16.666666666666668,"test.recall":26.785714285714285,"agg/test.SP_sex_mean":2.1851851851851873,"val.SP_sex":7.051282051282054,"test.SP_sex":2.1851851851851873,"agg/val.f1_score_std":0,"_step":1,"agg/val.roc_auc_mean":68.45039018952063,"agg/val.f1_score_mean":59.57446808510638,"agg/val.SP_age_mean":16.666666666666668,"val.val_score":98.09116777485505,"agg/val.EO_age_mean":66.66666666666667,"agg/best_epoch_mean":21,"agg/val.val_score_mean":98.09116777485505,"agg/test.SP_age_std":0,"agg/val.accuracy_std":0,"_timestamp":1.76723650753446e+09,"agg/test.accuracy_std":0,"agg/test.f1_score_mean":37.03703703703704,"_runtime":77.917835757,"agg/val.accuracy_mean":69.35483870967742,"agg/test.EO_sex_mean":16.666666666666668,"agg/val.EO_age_std":0,"val.EO_sex":14.70588235294118,"agg/test.recall_mean":26.785714285714285,"val.val_score_bestthr":98.09116777485505,"agg/test.EO_age_std":0,"test.EO_age":26.203208556149736,"test.SP_age":17.181467181467184,"agg/fold_id_std":0,"agg/best_epoch_std":0,"agg/test.accuracy_mean":66.88311688311688,"agg/seed_mean":0,"agg/val.val_score_bestthr_mean":98.09116777485505,"val.EO_age":66.66666666666667,"agg/fold_id_mean":0,"agg/val.SP_sex_mean":7.051282051282054,"agg/val.SP_sex_std":0,"val.accuracy":69.35483870967742,"test.accuracy":66.88311688311688,"agg/test.f1_score_std":0,"test.precision":60,"agg/test.EO_sex_std":0,"agg/test.precision_mean":60,"val.roc_auc":68.45039018952063,"seed":0,"agg/val.roc_auc_std":0,"agg/test.precision_std":0,"agg/val.val_score_bestthr_std":0,"agg/val.EO_sex_std":0,"agg/test.roc_auc_mean":60.14941690962099,"agg/test.roc_auc_std":0,"val.SP_age":16.666666666666668,"agg/test.SP_age_mean":17.181467181467184}