{"_step":1,"agg/val.SP_age_std":0,"agg/test.SP_age_mean":30.56628056628056,"seed":0,"agg/test.val_score_mean":85.07142261436378,"agg/test.accuracy_mean":61.038961038961034,"agg/test.val_score_bestthr_mean":84.41707032263938,"agg/seed_mean":0,"agg/seed_std":0,"val.roc_auc":73.35562987736901,"agg/fold_id_mean":0,"fold":0,"_timestamp":1.7670744601139712e+09,"agg/best_epoch_std":0,"agg/val.accuracy_std":0,"agg/test.recall_mean":53.57142857142857,"agg/val.EO_age_mean":38.888888888888886,"agg/test.val_score_bestthr_std":0,"val.accuracy":77.41935483870968,"agg/val.roc_auc_mean":73.35562987736901,"agg/val.roc_auc_std":0,"agg/val.f1_score_mean":69.56521739130434,"agg/test.val_score_std":0,"agg/val.SP_age_mean":40.27777777777778,"agg/val.val_score_mean":111.18128731515623,"agg/test.roc_auc_std":0,"agg/fold_id_std":0,"agg/test.EO_age_std":0,"val.val_score":111.18128731515623,"agg/test.EO_age_mean":34.224598930481285,"agg/test.SP_sex_std":0,"_runtime":57.557909198,"agg/val.val_score_bestthr_mean":111.18128731515623,"agg/test.recall_std":0,"agg/test.best_f1_std":0,"agg/test.precision_mean":46.875,"test.accuracy":61.038961038961034,"agg/test.EO_sex_mean":25,"test.f1_score":50,"agg/val.f1_score_std":0,"agg/val.SP_sex_mean":4.273504273504275,"agg/val.EO_sex_std":0,"agg/test.best_accuracy_std":0,"agg/test.best_thr_f1_mean":0.4549999999999999,"agg/val.val_score_std":0,"agg/test.best_accuracy_mean":58.44155844155844,"agg/test.roc_auc_mean":59.839650145772595,"agg/val.val_score_bestthr_std":0,"agg/test.SP_sex_mean":6.9629629629629655,"agg/best_epoch_mean":40,"agg/test.SP_age_std":0,"agg/val.EO_age_std":0,"agg/test.best_thr_f1_std":0,"agg/val.EO_sex_mean":18.627450980392158,"agg/val.SP_sex_std":0,"test.roc_auc":59.839650145772595,"val.f1_score":69.56521739130434,"agg/test.EO_sex_std":0,"agg/val.accuracy_mean":77.41935483870968,"agg/test.accuracy_std":0,"agg/test.f1_score_mean":50,"_wandb":{"runtime":57},"agg/test.precision_std":0,"agg/test.f1_score_std":0,"agg/test.best_f1_mean":53.623188405797094}