{"agg/test.EO_age_std":0,"agg/test.best_thr_f1_mean":0.4649999999999999,"agg/val.SP_sex_mean":0.6410256410256387,"agg/test.accuracy_std":0,"agg/val.SP_age_mean":40.97222222222222,"agg/val.val_score_bestthr_mean":109.5678568160101,"agg/val.SP_sex_std":0,"fold":0,"val.val_score":109.5678568160101,"agg/test.EO_sex_mean":35.416666666666664,"agg/test.roc_auc_mean":60.84183673469388,"agg/test.best_f1_mean":55.714285714285715,"agg/val.EO_sex_mean":12.745098039215685,"_step":1,"agg/test.roc_auc_std":0,"agg/test.SP_sex_std":0,"agg/test.val_score_bestthr_mean":86.45070514938162,"agg/val.accuracy_mean":75.80645161290323,"agg/best_epoch_mean":22,"_wandb":{"runtime":116},"agg/test.val_score_bestthr_std":0,"agg/test.f1_score_mean":50.79365079365079,"agg/test.f1_score_std":0,"agg/test.recall_mean":57.14285714285714,"agg/val.SP_age_std":0,"seed":0,"agg/test.best_accuracy_mean":59.74025974025974,"agg/test.best_f1_std":0,"agg/val.EO_sex_std":0,"agg/test.precision_mean":45.714285714285715,"agg/test.best_thr_f1_std":0,"agg/fold_id_mean":0,"test.roc_auc":60.84183673469388,"agg/fold_id_std":0,"agg/val.EO_age_mean":38.888888888888886,"agg/test.SP_age_mean":31.209781209781205,"agg/val.f1_score_std":0,"_timestamp":1.76707198855074e+09,"agg/best_epoch_std":0,"test.f1_score":50.79365079365079,"agg/test.SP_age_std":0,"val.f1_score":69.3877551020408,"agg/val.roc_auc_std":0,"_runtime":116.945843144,"agg/test.EO_age_mean":34.224598930481285,"agg/test.SP_sex_mean":1.55555555555556,"agg/test.EO_sex_std":0,"agg/test.val_score_std":0,"agg/test.val_score_mean":84.1130191134603,"agg/val.accuracy_std":0,"val.accuracy":75.80645161290323,"agg/val.f1_score_mean":69.3877551020408,"agg/test.precision_std":0,"agg/test.accuracy_mean":59.74025974025974,"agg/seed_mean":0,"agg/seed_std":0,"agg/val.val_score_mean":109.5678568160101,"agg/val.val_score_bestthr_std":0,"agg/val.EO_age_std":0,"agg/val.val_score_std":0,"agg/test.best_accuracy_std":0,"test.accuracy":59.74025974025974,"val.roc_auc":73.13266443701225,"agg/val.roc_auc_mean":73.13266443701225,"agg/test.recall_std":0}