{"agg/test.best_f1_mean":57.60000000000001,"agg/test.EO_age_std":0,"agg/val.accuracy_std":0,"_timestamp":1.7670767272664993e+09,"agg/val.val_score_bestthr_std":0,"val.roc_auc":61.87290969899666,"agg/test.SP_sex_mean":21.074074074074073,"agg/val.EO_age_mean":46.66666666666667,"val.accuracy":72.58064516129032,"test.f1_score":52.99145299145298,"agg/val.val_score_bestthr_mean":101.33296197352504,"agg/test.best_thr_f1_std":0,"agg/test.accuracy_mean":64.28571428571429,"agg/val.EO_sex_mean":53.92156862745099,"agg/seed_std":0,"agg/test.best_thr_f1_mean":0.32999999999999996,"agg/val.SP_age_std":0,"agg/test.SP_sex_std":0,"agg/val.SP_sex_mean":22.435897435897438,"agg/test.EO_age_mean":40.10695187165775,"agg/test.f1_score_mean":52.99145299145298,"agg/test.best_f1_std":0,"agg/val.EO_sex_std":0,"agg/val.SP_age_mean":25,"agg/val.val_score_std":0,"agg/test.val_score_std":0,"agg/best_epoch_mean":50,"test.accuracy":64.28571428571429,"agg/fold_id_std":0,"val.f1_score":60.46511627906976,"agg/test.precision_mean":50.81967213114754,"agg/val.roc_auc_std":0,"agg/val.f1_score_std":0,"agg/test.best_accuracy_std":0,"agg/val.EO_age_std":0,"agg/test.best_accuracy_mean":65.5844155844156,"agg/val.val_score_mean":101.33296197352504,"agg/test.EO_sex_mean":35.416666666666664,"agg/test.EO_sex_std":0,"agg/test.precision_std":0,"agg/test.val_score_mean":89.63660206669891,"agg/test.roc_auc_mean":62.11734693877551,"test.roc_auc":62.11734693877551,"fold":0,"agg/test.recall_mean":55.35714285714286,"_runtime":205.552394828,"agg/test.f1_score_std":0,"agg/test.roc_auc_std":0,"agg/val.f1_score_mean":60.46511627906976,"agg/val.roc_auc_mean":61.87290969899666,"seed":0,"agg/test.val_score_bestthr_std":0,"agg/test.recall_std":0,"_wandb":{"runtime":205},"agg/best_epoch_std":0,"agg/val.SP_sex_std":0,"agg/test.SP_age_std":0,"agg/test.val_score_bestthr_mean":93.50398957119188,"agg/fold_id_mean":0,"_step":1,"val.val_score":101.33296197352504,"agg/test.accuracy_std":0,"agg/val.accuracy_mean":72.58064516129032,"agg/seed_mean":0,"agg/test.SP_age_mean":17.886178861788622}