{"val.SP_age":27.083333333333332,"agg/test.EO_age_std":0,"agg/val.EO_sex_mean":0.9803921568627527,"agg/test.roc_auc_std":0,"test.SP_sex":6.925925925925924,"agg/test.accuracy_std":0,"_step":1,"test.roc_auc":62.518221574344025,"agg/val.val_score_bestthr_mean":106.31768467406513,"agg/test.accuracy_mean":68.18181818181817,"agg/test.EO_sex_mean":31.25,"agg/val.SP_sex_std":0,"test.recall":35.714285714285715,"_wandb":{"runtime":75},"test.EO_age":43.85026737967914,"test.precision":60.60606060606061,"agg/best_epoch_mean":24,"agg/val.accuracy_mean":72.58064516129032,"agg/val.EO_age_mean":50,"test.SP_age":38.48133848133848,"test.f1_score":44.9438202247191,"val.SP_sex":2.777777777777779,"agg/val.EO_age_std":0,"agg/test.roc_auc_mean":62.518221574344025,"agg/fold_id_mean":0,"agg/test.precision_std":0,"fold":0,"agg/test.SP_sex_std":0,"val.roc_auc":75.58528428093646,"val.val_score_bestthr":106.31768467406513,"agg/val.accuracy_std":0,"agg/test.precision_mean":60.60606060606061,"agg/seed_std":0,"agg/test.f1_score_std":0,"agg/val.EO_sex_std":0,"val.EO_sex":0.9803921568627527,"val.accuracy":72.58064516129032,"agg/val.val_score_bestthr_std":0,"test.EO_sex":31.25,"val.val_score":99.27934152870111,"agg/val.SP_sex_mean":2.777777777777779,"agg/test.f1_score_mean":44.9438202247191,"agg/test.EO_sex_std":0,"agg/val.val_score_mean":99.27934152870111,"_timestamp":1.7672420292217839e+09,"agg/val.val_score_std":0,"agg/val.roc_auc_std":0,"agg/test.recall_mean":35.714285714285715,"agg/val.roc_auc_mean":75.58528428093646,"_runtime":75.473256784,"agg/val.f1_score_mean":69.09090909090908,"val.f1_score":69.09090909090908,"seed":0,"agg/test.EO_age_mean":43.85026737967914,"agg/test.SP_age_std":0,"agg/test.SP_sex_mean":6.925925925925924,"agg/best_epoch_std":0,"val.EO_age":50,"agg/fold_id_std":0,"agg/seed_mean":0,"agg/test.recall_std":0,"test.accuracy":68.18181818181817,"agg/val.SP_age_std":0,"agg/test.SP_age_mean":38.48133848133848,"agg/val.SP_age_mean":27.083333333333332,"agg/val.f1_score_std":0}