{"agg/test.EO_sex_mean":6.25,"val.val_score":98.0356122192995,"val.val_score_bestthr":98.97914997264415,"agg/test.SP_sex_mean":8.888888888888891,"val.accuracy":69.35483870967742,"agg/test.accuracy_mean":68.83116883116884,"agg/best_epoch_mean":24,"fold":0,"agg/best_epoch_std":0,"test.SP_age":18.20349761526232,"val.f1_score":61.224489795918366,"test.recall":30.357142857142854,"agg/seed_std":0,"val.roc_auc":70.45707915273131,"agg/test.recall_mean":30.357142857142854,"val.EO_sex":20.588235294117652,"seed":0,"agg/test.SP_age_mean":18.20349761526232,"agg/test.roc_auc_mean":61.57069970845481,"test.roc_auc":61.57069970845481,"agg/test.f1_score_mean":41.46341463414634,"_step":1,"agg/test.accuracy_std":0,"agg/test.precision_mean":65.38461538461539,"agg/val.SP_sex_mean":5.9829059829059785,"agg/val.EO_age_mean":50,"agg/test.f1_score_std":0,"val.SP_sex":5.9829059829059785,"test.EO_sex":6.25,"agg/val.accuracy_std":0,"agg/val.accuracy_mean":69.35483870967742,"test.precision":65.38461538461539,"test.f1_score":41.46341463414634,"agg/val.val_score_bestthr_mean":98.97914997264415,"test.EO_age":41.17647058823529,"agg/test.roc_auc_std":0,"agg/test.EO_age_std":0,"agg/val.f1_score_std":0,"agg/val.val_score_std":0,"val.SP_age":22.22222222222222,"agg/val.EO_age_std":0,"val.EO_age":50,"agg/test.precision_std":0,"agg/val.f1_score_mean":61.224489795918366,"agg/val.EO_sex_mean":20.588235294117652,"_runtime":144.222344339,"agg/test.SP_age_std":0,"_wandb":{"runtime":144},"agg/fold_id_std":0,"agg/test.EO_age_mean":41.17647058823529,"agg/val.val_score_bestthr_std":0,"agg/val.roc_auc_mean":70.45707915273131,"agg/val.SP_age_std":0,"agg/val.val_score_mean":98.0356122192995,"agg/val.roc_auc_std":0,"agg/test.recall_std":0,"test.SP_sex":8.888888888888891,"agg/val.EO_sex_std":0,"agg/test.SP_sex_std":0,"_timestamp":1.767238283639849e+09,"agg/val.SP_age_mean":22.22222222222222,"agg/fold_id_mean":0,"test.accuracy":68.83116883116884,"agg/val.SP_sex_std":0,"agg/test.EO_sex_std":0,"agg/seed_mean":0}