{"agg/val.val_score_bestthr_std":0,"agg/fold_id_std":0,"agg/test.EO_age_std":0,"_step":1,"agg/best_epoch_mean":21,"agg/val.EO_age_mean":43.333333333333336,"agg/val.roc_auc_std":0,"agg/val.val_score_bestthr_mean":64.15559772296015,"agg/test.f1_score_mean":43.56435643564357,"agg/test.SP_sex_std":0,"agg/test.accuracy_mean":62.98701298701299,"agg/val.SP_sex_std":0,"agg/val.val_score_std":0,"agg/test.f1_score_std":0,"agg/seed_std":0,"_runtime":50.24218002,"agg/val.SP_sex_mean":4.700854700854701,"agg/val.EO_sex_std":0,"agg/seed_mean":0,"agg/test.best_thr_f1_std":0,"agg/val.EO_sex_mean":14.705882352941174,"agg/test.precision_std":0,"agg/test.val_score_bestthr_mean":64.52927701927702,"agg/test.best_f1_std":0,"agg/val.f1_score_std":0,"agg/test.EO_sex_std":0,"agg/test.recall_mean":39.285714285714285,"val.accuracy":66.12903225806451,"test.f1_score":43.56435643564357,"agg/val.SP_age_std":0,"agg/test.best_thr_f1_mean":0.43999999999999995,"agg/test.SP_age_std":0,"agg/test.best_accuracy_mean":37.66233766233766,"agg/val.f1_score_mean":46.15384615384615,"agg/test.accuracy_std":0,"agg/test.recall_std":0,"agg/test.val_score_mean":83.5982476141853,"_wandb":{"runtime":50},"agg/val.val_score_mean":88.30772129778296,"val.f1_score":46.15384615384615,"agg/test.precision_mean":48.888888888888886,"agg/best_epoch_std":0,"agg/test.roc_auc_std":0,"agg/test.val_score_bestthr_std":0,"agg/val.EO_age_std":0,"agg/test.SP_age_mean":36.40699523052464,"test.roc_auc":61.1698250728863,"agg/test.EO_age_mean":64.70588235294117,"agg/test.best_accuracy_std":0,"agg/test.SP_sex_mean":3.48148148148148,"seed":0,"_timestamp":1.7670576023899267e+09,"agg/val.accuracy_mean":66.12903225806451,"agg/test.roc_auc_mean":61.1698250728863,"agg/test.best_f1_mean":53.84615384615385,"agg/fold_id_mean":0,"test.accuracy":62.98701298701299,"fold":0,"agg/test.val_score_std":0,"val.roc_auc":60.0891861761427,"agg/val.accuracy_std":0,"agg/val.roc_auc_mean":60.0891861761427,"agg/val.SP_age_mean":27.083333333333336,"agg/test.EO_sex_mean":12.5}