{"agg/seed_mean":0,"agg/test.f1_score_std":0,"val.accuracy":70.96774193548387,"agg/val.roc_auc_std":0,"agg/test.EO_age_mean":45.98930481283422,"agg/test.roc_auc_mean":62.70043731778425,"agg/val.accuracy_mean":70.96774193548387,"agg/val.EO_sex_std":0,"agg/val.val_score_std":0,"agg/test.accuracy_std":0,"agg/val.f1_score_mean":65.38461538461539,"agg/val.val_score_bestthr_std":0,"agg/test.EO_sex_std":0,"agg/fold_id_mean":0,"agg/val.SP_age_std":0,"agg/test.val_score_bestthr_mean":74.82740378321692,"val.f1_score":65.38461538461539,"seed":0,"agg/test.EO_sex_mean":33.333333333333336,"_runtime":163.34649521,"agg/seed_std":0,"test.accuracy":62.33766233766234,"fold":0,"agg/val.EO_sex_mean":9.80392156862745,"val.roc_auc":66.88963210702342,"agg/val.val_score_bestthr_mean":102.69342066851554,"val.val_score":102.69342066851554,"agg/test.best_thr_f1_std":0,"agg/val.accuracy_std":0,"agg/test.accuracy_mean":62.33766233766234,"agg/best_epoch_std":0,"agg/test.SP_sex_std":0,"agg/val.SP_sex_mean":7.6923076923076925,"agg/test.SP_sex_mean":5.259259259259263,"agg/test.best_f1_mean":55.73770491803278,"agg/val.SP_age_mean":29.166666666666668,"agg/test.f1_score_mean":53.2258064516129,"agg/test.best_accuracy_mean":47.4025974025974,"agg/test.val_score_mean":87.84670283137076,"agg/test.best_accuracy_std":0,"agg/test.best_f1_std":0,"agg/val.val_score_mean":102.69342066851554,"agg/test.precision_std":0,"agg/val.f1_score_std":0,"agg/test.best_thr_f1_mean":0.24,"agg/val.roc_auc_mean":66.88963210702342,"agg/test.roc_auc_std":0,"agg/val.EO_age_mean":50,"agg/val.SP_sex_std":0,"agg/fold_id_std":0,"agg/test.EO_age_std":0,"agg/test.val_score_bestthr_std":0,"agg/test.precision_mean":48.529411764705884,"_wandb":{"runtime":163},"agg/test.recall_std":0,"agg/test.SP_age_std":0,"agg/best_epoch_mean":25,"agg/test.recall_mean":58.92857142857143,"agg/val.EO_age_std":0,"test.f1_score":53.2258064516129,"agg/test.val_score_std":0,"_step":1,"_timestamp":1.7670733299598432e+09,"test.roc_auc":62.70043731778425,"agg/test.SP_age_mean":25.804375804375802}