{"test.f1_score":51.515151515151516,"val.accuracy":70.96774193548387,"agg/test.EO_sex_std":0,"agg/test.SP_sex_std":0,"agg/seed_std":0,"agg/val.SP_age_std":0,"agg/val.val_score_std":0,"_runtime":192.740314987,"agg/val.EO_sex_mean":26.470588235294112,"agg/test.SP_age_mean":3.600464576074336,"agg/test.best_thr_f1_std":0,"agg/test.EO_age_std":0,"agg/val.EO_sex_std":0,"agg/test.accuracy_std":0,"agg/seed_mean":0,"agg/test.recall_std":0,"agg/val.SP_sex_mean":8.760683760683758,"agg/test.val_score_bestthr_mean":81.23417312843783,"agg/val.val_score_bestthr_mean":101.83070699330187,"agg/fold_id_std":0,"agg/test.precision_std":0,"agg/test.best_f1_mean":54.54545454545454,"_timestamp":1.7670811597637434e+09,"agg/val.EO_age_mean":50,"agg/test.f1_score_std":0,"agg/val.val_score_bestthr_std":0,"agg/val.f1_score_std":0,"agg/val.SP_age_mean":28.47222222222222,"agg/best_epoch_std":0,"agg/test.best_accuracy_std":0,"agg/val.val_score_mean":101.83070699330187,"val.val_score":101.83070699330187,"agg/val.accuracy_mean":70.96774193548387,"agg/test.roc_auc_mean":61.66180758017493,"agg/test.best_thr_f1_mean":0.37999999999999995,"agg/val.SP_sex_std":0,"agg/val.EO_age_std":0,"test.accuracy":58.44155844155844,"agg/test.best_accuracy_mean":54.54545454545454,"agg/test.f1_score_mean":51.515151515151516,"agg/val.roc_auc_mean":69.78818283166109,"agg/test.roc_auc_std":0,"agg/test.SP_age_std":0,"agg/test.recall_mean":60.71428571428571,"_step":1,"agg/test.EO_age_mean":34.224598930481285,"agg/test.precision_mean":44.73684210526316,"agg/val.f1_score_mean":63.99999999999999,"test.roc_auc":61.66180758017493,"agg/fold_id_mean":0,"val.f1_score":63.99999999999999,"agg/test.SP_sex_mean":4.703703703703704,"agg/test.accuracy_mean":58.44155844155844,"fold":0,"agg/test.EO_sex_mean":16.666666666666664,"agg/test.val_score_mean":83.60717986036494,"val.roc_auc":69.78818283166109,"_wandb":{"runtime":192},"seed":0,"agg/val.roc_auc_std":0,"agg/test.best_f1_std":0,"agg/best_epoch_mean":19,"agg/test.val_score_std":0,"agg/val.accuracy_std":0,"agg/test.val_score_bestthr_std":0}