{"agg/val.SP_sex_std":0,"test.roc_auc":62.09912536443149,"val.SP_age":23.61111111111111,"agg/val.f1_score_std":0,"agg/fold_id_mean":0,"agg/test.f1_score_std":0,"val.val_score":108.50775569395114,"val.EO_age":33.333333333333336,"agg/test.recall_mean":41.07142857142857,"agg/val.val_score_bestthr_mean":108.50775569395114,"agg/val.val_score_bestthr_std":0,"agg/val.accuracy_mean":74.19354838709677,"test.EO_age":43.85026737967914,"_wandb":{"runtime":74},"agg/test.SP_age_mean":14.308426073131958,"agg/val.val_score_mean":108.50775569395114,"val.roc_auc":71.90635451505017,"agg/val.f1_score_mean":70.37037037037037,"agg/test.EO_sex_std":0,"agg/test.SP_sex_mean":3.0740740740740735,"agg/val.roc_auc_mean":71.90635451505017,"agg/val.SP_age_std":0,"seed":0,"agg/val.accuracy_std":0,"val.val_score_bestthr":108.50775569395114,"agg/test.roc_auc_mean":62.09912536443149,"agg/test.recall_std":0,"agg/seed_mean":0,"agg/seed_std":0,"agg/test.roc_auc_std":0,"agg/test.EO_sex_mean":10.416666666666668,"val.accuracy":74.19354838709677,"test.recall":41.07142857142857,"test.precision":53.48837209302325,"test.accuracy":65.5844155844156,"test.SP_sex":3.0740740740740735,"agg/best_epoch_std":0,"_timestamp":1.7672348179634478e+09,"agg/test.EO_age_std":0,"val.f1_score":70.37037037037037,"test.f1_score":46.464646464646464,"agg/test.EO_age_mean":43.85026737967914,"agg/val.SP_sex_mean":6.623931623931623,"_runtime":74.609835957,"test.SP_age":14.308426073131958,"agg/val.val_score_std":0,"agg/test.f1_score_mean":46.464646464646464,"agg/val.EO_sex_std":0,"fold":0,"agg/fold_id_std":0,"agg/val.roc_auc_std":0,"agg/test.accuracy_mean":65.5844155844156,"val.EO_sex":23.529411764705888,"agg/val.EO_age_std":0,"agg/val.EO_age_mean":33.333333333333336,"agg/test.SP_age_std":0,"agg/val.EO_sex_mean":23.529411764705888,"agg/val.SP_age_mean":23.61111111111111,"agg/best_epoch_mean":19,"_step":1,"val.SP_sex":6.623931623931623,"agg/test.accuracy_std":0,"agg/test.precision_std":0,"agg/test.SP_sex_std":0,"test.EO_sex":10.416666666666668,"agg/test.precision_mean":53.48837209302325}