{"test.recall":41.07142857142857,"agg/test.roc_auc_std":0,"val.EO_age":46.66666666666667,"agg/test.f1_score_mean":46.93877551020408,"test.SP_age":31.660231660231663,"agg/val.SP_age_std":0,"agg/val.f1_score_std":0,"val.roc_auc":71.12597547380156,"agg/test.recall_std":0,"agg/val.val_score_bestthr_std":0,"test.EO_sex":4.166666666666669,"val.SP_sex":9.829059829059828,"seed":0,"val.f1_score":62.500000000000014,"_timestamp":1.767232751763005e+09,"agg/test.EO_age_std":0,"agg/best_epoch_mean":29,"agg/seed_mean":0,"agg/test.recall_mean":41.07142857142857,"fold":0,"agg/fold_id_std":0,"test.precision":54.761904761904766,"agg/val.EO_sex_mean":1.9607843137254832,"agg/test.accuracy_mean":66.23376623376623,"agg/val.val_score_std":0,"test.SP_sex":4.925925925925926,"agg/test.precision_std":0,"val.EO_sex":1.9607843137254832,"val.val_score_bestthr":101.34845460516713,"val.SP_age":28.47222222222222,"agg/test.EO_sex_mean":4.166666666666669,"agg/best_epoch_std":0,"agg/test.precision_mean":54.761904761904766,"agg/test.SP_sex_mean":4.925925925925926,"agg/test.roc_auc_mean":58.1268221574344,"_runtime":42.805101342,"agg/test.f1_score_std":0,"agg/val.EO_age_std":0,"agg/seed_std":0,"agg/test.EO_sex_std":0,"val.val_score":92.88748379820487,"agg/val.val_score_mean":92.88748379820487,"agg/val.SP_sex_std":0,"test.EO_age":58.82352941176471,"agg/val.f1_score_mean":62.500000000000014,"test.f1_score":46.93877551020408,"test.roc_auc":58.1268221574344,"agg/val.EO_sex_std":0,"agg/fold_id_mean":0,"agg/val.val_score_bestthr_mean":101.34845460516713,"val.accuracy":70.96774193548387,"test.accuracy":66.23376623376623,"agg/val.roc_auc_mean":71.12597547380156,"agg/test.SP_age_mean":31.660231660231663,"agg/test.accuracy_std":0,"agg/val.SP_age_mean":28.47222222222222,"_wandb":{"runtime":42},"agg/test.SP_age_std":0,"agg/val.roc_auc_std":0,"_step":1,"agg/val.accuracy_mean":70.96774193548387,"agg/val.EO_age_mean":46.66666666666667,"agg/test.SP_sex_std":0,"agg/val.accuracy_std":0,"agg/val.SP_sex_mean":9.829059829059828,"agg/test.EO_age_mean":58.82352941176471}