{"agg/val.val_score_bestthr_mean":103.46097367021707,"val.f1_score":63.829787234042556,"agg/test.precision_std":0,"agg/val.EO_age_std":0,"agg/val.SP_age_std":0,"test.SP_age":23.873873873873876,"test.f1_score":45.16129032258064,"agg/val.roc_auc_mean":72.46376811594203,"agg/test.roc_auc_std":0,"_runtime":68.158514569,"agg/val.roc_auc_std":0,"agg/test.f1_score_mean":45.16129032258064,"fold":0,"val.accuracy":72.58064516129032,"agg/best_epoch_mean":16,"agg/test.EO_sex_mean":29.166666666666668,"val.EO_age":66.66666666666667,"agg/val.SP_age_mean":27.77777777777778,"agg/test.recall_mean":37.5,"val.val_score":100.20204691723131,"agg/test.SP_sex_std":0,"agg/val.accuracy_mean":72.58064516129032,"test.recall":37.5,"val.roc_auc":72.46376811594203,"agg/val.val_score_mean":100.20204691723131,"agg/best_epoch_std":0,"agg/test.roc_auc_mean":60.80539358600583,"agg/test.f1_score_std":0,"agg/val.val_score_bestthr_std":0,"agg/test.SP_age_mean":23.873873873873876,"val.val_score_bestthr":103.46097367021707,"seed":0,"test.SP_sex":0.07407407407407363,"agg/test.recall_std":0,"_timestamp":1.7672480349561818e+09,"agg/test.EO_age_std":0,"agg/val.SP_sex_mean":7.051282051282054,"test.precision":56.75675675675676,"agg/val.EO_sex_std":0,"_step":1,"agg/fold_id_std":0,"agg/seed_std":0,"agg/test.SP_sex_mean":0.07407407407407363,"agg/val.f1_score_mean":63.829787234042556,"agg/test.precision_mean":56.75675675675676,"agg/test.accuracy_std":0,"val.SP_age":27.77777777777778,"val.SP_sex":7.051282051282054,"test.accuracy":66.88311688311688,"val.EO_sex":1.9607843137254832,"agg/test.SP_age_std":0,"agg/val.accuracy_std":0,"test.EO_age":28.87700534759358,"test.EO_sex":29.166666666666668,"agg/test.EO_sex_std":0,"agg/val.EO_age_mean":66.66666666666667,"agg/val.EO_sex_mean":1.9607843137254832,"_wandb":{"runtime":68},"test.roc_auc":60.80539358600583,"agg/test.accuracy_mean":66.88311688311688,"agg/test.EO_age_mean":28.87700534759358,"agg/val.f1_score_std":0,"agg/val.val_score_std":0,"agg/fold_id_mean":0,"agg/val.SP_sex_std":0,"agg/seed_mean":0}