{"agg/test.SP_sex_mean":9.037037037037038,"agg/val.accuracy_std":0,"agg/test.recall_std":0,"test.SP_sex":9.037037037037038,"agg/test.roc_auc_std":0,"agg/test.EO_sex_mean":6.25,"agg/best_epoch_mean":34,"agg/test.f1_score_std":0,"seed":0,"_wandb":{"runtime":93},"agg/test.accuracy_std":0,"agg/val.EO_age_mean":66.66666666666667,"agg/test.SP_age_std":0,"agg/test.EO_age_mean":8.021390374331554,"agg/val.val_score_mean":95.95652195948685,"agg/val.SP_sex_std":0,"agg/val.accuracy_mean":67.74193548387096,"agg/val.val_score_std":0,"val.EO_age":66.66666666666667,"agg/best_epoch_std":0,"val.f1_score":58.333333333333336,"agg/val.SP_age_std":0,"agg/val.val_score_bestthr_std":0,"agg/test.recall_mean":32.142857142857146,"agg/val.val_score_bestthr_mean":95.95652195948685,"test.accuracy":68.18181818181817,"agg/val.f1_score_std":0,"test.recall":32.142857142857146,"val.val_score_bestthr":95.95652195948685,"val.EO_sex":14.70588235294118,"agg/val.EO_sex_mean":14.70588235294118,"agg/test.accuracy_mean":68.18181818181817,"agg/test.precision_mean":62.06896551724138,"val.roc_auc":65.3288740245262,"agg/val.EO_sex_std":0,"val.accuracy":67.74193548387096,"val.SP_sex":3.4188034188034178,"agg/val.roc_auc_mean":65.3288740245262,"val.val_score":95.95652195948685,"agg/val.roc_auc_std":0,"test.SP_age":22.90862290862291,"agg/val.f1_score_mean":58.333333333333336,"agg/test.SP_sex_std":0,"agg/fold_id_mean":0,"test.EO_sex":6.25,"agg/seed_std":0,"agg/val.EO_age_std":0,"_runtime":93.126629382,"test.f1_score":42.352941176470594,"agg/test.roc_auc_mean":62.53644314868805,"agg/test.EO_sex_std":0,"val.SP_age":10.416666666666668,"agg/test.precision_std":0,"agg/val.SP_age_mean":10.416666666666668,"agg/test.f1_score_mean":42.352941176470594,"_step":1,"test.roc_auc":62.53644314868805,"agg/val.SP_sex_mean":3.4188034188034178,"agg/seed_mean":0,"agg/test.SP_age_mean":22.90862290862291,"test.EO_age":8.021390374331554,"agg/fold_id_std":0,"test.precision":62.06896551724138,"agg/test.EO_age_std":0,"fold":0,"_timestamp":1.7672486877819345e+09}