{"agg/val.EO_sex_mean":9.80392156862745,"agg/test.SP_sex_std":0,"agg/test.precision_std":0,"agg/test.SP_sex_mean":8.111111111111107,"agg/test.val_score_mean":86.08213710069775,"agg/val.roc_auc_std":0,"agg/val.SP_age_std":0,"agg/test.best_thr_f1_mean":0.25999999999999995,"agg/test.EO_sex_mean":8.333333333333337,"agg/test.accuracy_std":0,"agg/best_epoch_mean":15,"agg/best_epoch_std":0,"agg/test.roc_auc_std":0,"agg/test.val_score_std":0,"agg/test.precision_mean":47.05882352941176,"_runtime":175.300458165,"agg/fold_id_std":0,"agg/test.roc_auc_mean":61.58892128279882,"agg/test.EO_age_mean":49.19786096256684,"agg/val.val_score_std":0,"agg/test.best_accuracy_std":0,"agg/val.accuracy_mean":74.19354838709677,"agg/val.val_score_bestthr_mean":107.22318011158143,"agg/test.recall_mean":57.14285714285714,"agg/test.SP_age_std":0,"agg/test.EO_sex_std":0,"agg/val.EO_sex_std":0,"agg/test.best_thr_f1_std":0,"agg/fold_id_mean":0,"agg/val.val_score_bestthr_std":0,"agg/val.f1_score_std":0,"agg/val.EO_age_mean":50,"val.accuracy":74.19354838709677,"agg/val.accuracy_std":0,"agg/test.SP_age_mean":10.685249709639955,"test.f1_score":51.61290322580646,"agg/seed_std":0,"_timestamp":1.7670781171448836e+09,"agg/val.SP_sex_mean":8.760683760683758,"test.roc_auc":61.58892128279882,"agg/val.SP_age_mean":28.47222222222222,"val.val_score":107.22318011158143,"agg/test.best_accuracy_mean":50.649350649350644,"agg/val.val_score_mean":107.22318011158143,"agg/seed_mean":0,"agg/test.recall_std":0,"agg/test.EO_age_std":0,"agg/val.EO_age_std":0,"seed":0,"agg/val.roc_auc_mean":71.3489409141583,"agg/test.val_score_bestthr_std":0,"agg/test.best_f1_mean":54.21686746987952,"val.f1_score":68,"agg/val.SP_sex_std":0,"agg/val.f1_score_mean":68,"_step":1,"val.roc_auc":71.3489409141583,"agg/test.accuracy_mean":61.038961038961034,"test.accuracy":61.038961038961034,"fold":0,"agg/test.f1_score_std":0,"agg/test.val_score_bestthr_mean":77.07193548152974,"agg/test.best_f1_std":0,"_wandb":{"runtime":175},"agg/test.f1_score_mean":51.61290322580646}