{"test.SP_age":12.741312741312743,"fold":0,"agg/val.EO_age_mean":50,"_runtime":50.687001499,"agg/best_epoch_mean":33,"agg/val.SP_age_mean":22.22222222222222,"val.roc_auc":65.10590858416946,"agg/test.f1_score_std":0,"agg/val.val_score_bestthr_mean":106.37542370132502,"val.EO_age":50,"test.recall":35.714285714285715,"_timestamp":1.7672323014099636e+09,"agg/best_epoch_std":0,"val.accuracy":74.19354838709677,"agg/val.accuracy_std":0,"agg/test.roc_auc_mean":61.42492711370262,"test.f1_score":44.9438202247191,"test.EO_sex":12.5,"agg/val.accuracy_mean":74.19354838709677,"seed":0,"agg/val.EO_age_std":0,"agg/fold_id_std":0,"agg/val.val_score_std":0,"agg/val.val_score_bestthr_std":0,"agg/seed_mean":0,"agg/test.roc_auc_std":0,"val.val_score_bestthr":106.37542370132502,"agg/test.SP_age_mean":12.741312741312743,"_step":1,"agg/val.f1_score_std":0,"agg/test.recall_std":0,"agg/test.recall_mean":35.714285714285715,"agg/val.val_score_mean":99.91031740491357,"agg/test.EO_sex_mean":12.5,"agg/seed_std":0,"agg/test.accuracy_mean":68.18181818181817,"_wandb":{"runtime":50},"test.accuracy":68.18181818181817,"val.EO_sex":26.470588235294112,"agg/test.EO_age_std":0,"test.roc_auc":61.42492711370262,"agg/test.precision_std":0,"agg/val.SP_sex_mean":16.45299145299145,"agg/val.f1_score_mean":66.66666666666666,"test.EO_age":43.85026737967914,"agg/val.SP_sex_std":0,"agg/test.accuracy_std":0,"agg/val.roc_auc_mean":65.10590858416946,"agg/val.EO_sex_std":0,"agg/test.f1_score_mean":44.9438202247191,"agg/val.EO_sex_mean":26.470588235294112,"agg/test.SP_age_std":0,"agg/test.EO_age_mean":43.85026737967914,"val.SP_age":22.22222222222222,"agg/test.SP_sex_std":0,"agg/fold_id_mean":0,"test.SP_sex":7.333333333333333,"val.val_score":99.91031740491357,"val.f1_score":66.66666666666666,"agg/test.EO_sex_std":0,"val.SP_sex":16.45299145299145,"agg/test.SP_sex_mean":7.333333333333333,"agg/val.SP_age_std":0,"test.precision":60.60606060606061,"agg/val.roc_auc_std":0,"agg/test.precision_mean":60.60606060606061}