{"agg/test.recall_std":0,"_timestamp":1.7672386361348057e+09,"val.accuracy":70.96774193548387,"agg/test.EO_age_mean":47.05882352941176,"agg/val.roc_auc_mean":69.78818283166109,"agg/val.SP_sex_mean":1.0683760683760646,"agg/test.SP_sex_mean":4.333333333333334,"agg/test.precision_mean":60,"val.EO_age":50,"test.roc_auc":59.98542274052478,"val.SP_sex":1.0683760683760646,"val.val_score_bestthr":102.82215998475486,"test.recall":32.142857142857146,"agg/test.accuracy_mean":67.53246753246754,"agg/val.EO_age_mean":50,"fold":0,"test.f1_score":41.860465116279066,"_step":1,"agg/val.EO_sex_mean":9.80392156862745,"_runtime":54.966696824,"agg/test.EO_age_std":0,"val.val_score":101.88626254885743,"test.EO_age":47.05882352941176,"agg/fold_id_mean":0,"test.accuracy":67.53246753246754,"agg/test.SP_age_std":0,"test.SP_sex":4.333333333333334,"agg/test.precision_std":0,"agg/val.f1_score_std":0,"val.f1_score":65.38461538461539,"agg/test.f1_score_std":0,"agg/val.EO_sex_std":0,"seed":0,"test.SP_age":27.99227799227799,"agg/val.val_score_std":0,"agg/val.accuracy_mean":70.96774193548387,"val.SP_age":22.916666666666668,"agg/test.f1_score_mean":41.860465116279066,"agg/seed_std":0,"agg/test.EO_sex_mean":6.25,"agg/test.SP_sex_std":0,"agg/val.accuracy_std":0,"agg/best_epoch_mean":26,"agg/val.val_score_bestthr_mean":102.82215998475486,"val.EO_sex":9.80392156862745,"agg/val.f1_score_mean":65.38461538461539,"agg/val.SP_age_std":0,"val.roc_auc":69.78818283166109,"agg/test.EO_sex_std":0,"agg/val.EO_age_std":0,"agg/val.roc_auc_std":0,"agg/val.SP_sex_std":0,"agg/test.roc_auc_std":0,"_wandb":{"runtime":54},"agg/test.accuracy_std":0,"agg/best_epoch_std":0,"agg/test.roc_auc_mean":59.98542274052478,"agg/val.val_score_bestthr_std":0,"agg/test.recall_mean":32.142857142857146,"agg/val.val_score_mean":101.88626254885743,"test.precision":60,"agg/seed_mean":0,"agg/test.SP_age_mean":27.99227799227799,"agg/fold_id_std":0,"agg/val.SP_age_mean":22.916666666666668,"test.EO_sex":6.25}