{"val.roc_auc":65.55183946488295,"val.val_score":103.54425817059662,"agg/test.precision_mean":45.94594594594595,"val.accuracy":72.58064516129032,"agg/seed_mean":0,"agg/test.EO_age_mean":27.272727272727277,"_timestamp":1.7670818211238842e+09,"agg/test.best_f1_std":0,"val.f1_score":65.3061224489796,"agg/test.best_thr_f1_mean":0.4549999999999999,"agg/val.val_score_bestthr_mean":103.54425817059662,"agg/test.roc_auc_mean":60.47740524781341,"agg/val.EO_age_std":0,"agg/test.roc_auc_std":0,"agg/test.SP_age_std":0,"agg/val.accuracy_std":0,"_step":1,"agg/val.val_score_mean":103.54425817059662,"agg/val.accuracy_mean":72.58064516129032,"agg/test.recall_std":0,"agg/best_epoch_std":0,"agg/test.recall_mean":60.71428571428571,"test.accuracy":59.74025974025974,"agg/val.roc_auc_mean":65.55183946488295,"agg/test.SP_sex_std":0,"fold":0,"agg/test.best_thr_f1_std":0,"agg/val.EO_sex_mean":49.01960784313725,"_runtime":186.62243244,"agg/test.val_score_mean":85.24800739300738,"agg/val.SP_age_mean":34.02777777777778,"agg/val.SP_sex_mean":19.23076923076923,"agg/test.SP_age_mean":13.57786357786358,"agg/test.val_score_bestthr_mean":87.81169690501801,"agg/val.val_score_std":0,"agg/val.SP_age_std":0,"test.f1_score":52.307692307692314,"agg/test.SP_sex_mean":11.259259259259263,"agg/test.EO_sex_std":0,"agg/val.SP_sex_std":0,"agg/test.val_score_std":0,"agg/test.best_f1_mean":55.223880597014926,"agg/val.EO_age_mean":66.66666666666667,"agg/seed_std":0,"agg/fold_id_std":0,"agg/best_epoch_mean":29,"agg/val.f1_score_std":0,"agg/val.val_score_bestthr_std":0,"agg/test.f1_score_std":0,"seed":0,"agg/test.accuracy_std":0,"agg/test.EO_sex_mean":12.5,"agg/test.EO_age_std":0,"agg/val.f1_score_mean":65.3061224489796,"_wandb":{"runtime":186},"agg/test.f1_score_mean":52.307692307692314,"agg/test.best_accuracy_mean":61.038961038961034,"agg/test.precision_std":0,"agg/val.EO_sex_std":0,"agg/test.val_score_bestthr_std":0,"agg/fold_id_mean":0,"test.roc_auc":60.47740524781341,"agg/test.accuracy_mean":59.74025974025974,"agg/test.best_accuracy_std":0,"agg/val.roc_auc_std":0}