{"agg/test.EO_age_mean":35.294117647058826,"val.EO_age":50,"agg/test.recall_mean":21.428571428571427,"agg/val.EO_sex_mean":3.9215686274509887,"val.val_score_bestthr":102.17799206117517,"agg/val.val_score_bestthr_std":0,"agg/test.accuracy_mean":66.88311688311688,"test.EO_age":35.294117647058826,"val.SP_sex":2.1367521367521345,"_wandb":{"runtime":69},"agg/val.accuracy_mean":70.96774193548387,"test.precision":63.1578947368421,"val.accuracy":70.96774193548387,"_timestamp":1.7672414074071226e+09,"agg/val.val_score_bestthr_mean":102.17799206117517,"agg/val.f1_score_std":0,"agg/seed_mean":0,"agg/val.val_score_std":0,"agg/test.EO_age_std":0,"agg/test.roc_auc_std":0,"test.recall":21.428571428571427,"agg/val.SP_sex_mean":2.1367521367521345,"agg/test.precision_mean":63.1578947368421,"agg/val.SP_sex_std":0,"val.EO_sex":3.9215686274509887,"agg/val.f1_score_mean":63.99999999999999,"seed":0,"agg/test.SP_sex_std":0,"agg/val.accuracy_std":0,"test.SP_age":16.859716859716862,"_runtime":69.547462428,"agg/fold_id_mean":0,"agg/test.SP_age_mean":16.859716859716862,"agg/val.EO_age_std":0,"agg/val.roc_auc_std":0,"test.SP_sex":1.88888888888889,"val.SP_age":22.916666666666668,"agg/test.accuracy_std":0,"test.EO_sex":4.166666666666666,"val.f1_score":63.99999999999999,"agg/val.val_score_mean":97.12985127880765,"agg/best_epoch_mean":16,"agg/test.f1_score_mean":32,"test.accuracy":66.88311688311688,"agg/val.SP_age_mean":22.916666666666668,"val.val_score":97.12985127880765,"agg/test.EO_sex_mean":4.166666666666666,"agg/test.recall_std":0,"agg/val.roc_auc_mean":70.90301003344482,"test.f1_score":32,"agg/test.precision_std":0,"agg/val.SP_age_std":0,"val.roc_auc":70.90301003344482,"test.roc_auc":62.663994169096206,"agg/test.f1_score_std":0,"agg/test.roc_auc_mean":62.663994169096206,"agg/val.EO_sex_std":0,"agg/test.EO_sex_std":0,"fold":0,"agg/fold_id_std":0,"agg/val.EO_age_mean":50,"agg/test.SP_sex_mean":1.88888888888889,"agg/seed_std":0,"agg/best_epoch_std":0,"agg/test.SP_age_std":0,"_step":1}