{"agg/test.SP_age_mean":22.45817245817246,"agg/test.val_score_bestthr_mean":81.00695843053627,"agg/test.SP_sex_std":0,"agg/test.best_f1_std":0,"agg/seed_std":0,"agg/val.val_score_std":0,"agg/val.roc_auc_std":0,"val.val_score":106.35022259524156,"agg/val.val_score_mean":106.35022259524156,"agg/val.SP_age_std":0,"agg/test.precision_std":0,"_wandb":{"runtime":82},"agg/test.best_accuracy_std":0,"agg/test.recall_std":0,"agg/val.SP_sex_std":0,"agg/test.val_score_bestthr_std":0,"agg/test.SP_sex_mean":5.962962962962965,"_step":1,"agg/val.EO_age_std":0,"val.accuracy":74.19354838709677,"_runtime":82.583596089,"agg/test.precision_mean":49.2063492063492,"agg/fold_id_mean":0,"fold":0,"val.f1_score":66.66666666666666,"agg/val.EO_age_mean":55.55555555555556,"agg/test.EO_age_mean":43.31550802139038,"agg/val.f1_score_mean":66.66666666666666,"agg/val.val_score_bestthr_mean":108.70012345698183,"agg/test.roc_auc_mean":62.28134110787171,"agg/test.recall_mean":55.35714285714286,"agg/fold_id_std":0,"agg/test.best_accuracy_mean":55.1948051948052,"agg/test.val_score_mean":88.09090005398829,"test.roc_auc":62.28134110787171,"val.val_score_bestthr":108.70012345698183,"agg/test.best_thr_f1_mean":0.25999999999999995,"seed":0,"val.roc_auc":74.13600891861762,"agg/test.roc_auc_std":0,"agg/test.SP_age_std":0,"agg/val.EO_sex_mean":18.627450980392158,"test.f1_score":52.10084033613446,"agg/val.SP_age_mean":40.27777777777778,"agg/seed_mean":0,"agg/test.EO_sex_mean":22.916666666666664,"agg/test.best_f1_mean":53.691275167785236,"agg/val.SP_sex_mean":3.205128205128205,"agg/best_epoch_std":0,"agg/best_epoch_mean":21,"agg/val.f1_score_std":0,"agg/test.accuracy_mean":62.98701298701299,"agg/test.EO_age_std":0,"agg/test.val_score_std":0,"agg/test.best_thr_f1_std":0,"agg/val.EO_sex_std":0,"agg/val.accuracy_std":0,"agg/test.f1_score_std":0,"agg/test.f1_score_mean":52.10084033613446,"agg/val.accuracy_mean":74.19354838709677,"agg/val.roc_auc_mean":74.13600891861762,"_timestamp":1.767060536894238e+09,"agg/test.accuracy_std":0,"test.accuracy":62.98701298701299,"agg/test.EO_sex_std":0,"agg/val.val_score_bestthr_std":0}