{"agg/test.accuracy_mean":61.038961038961034,"agg/best_epoch_mean":30,"test.roc_auc":63.62973760932945,"agg/seed_std":0,"agg/val.EO_age_mean":6.666666666666665,"agg/val.EO_sex_std":0,"agg/val.val_score_std":0,"agg/test.SP_sex_mean":12.7037037037037,"agg/test.f1_score_mean":57.14285714285714,"agg/test.roc_auc_mean":63.62973760932945,"agg/test.precision_std":0,"agg/val.EO_age_std":0,"_step":1,"agg/test.val_score_mean":89.05443566290768,"agg/val.roc_auc_mean":69.67670011148273,"agg/test.best_f1_mean":58.3941605839416,"agg/test.recall_mean":71.42857142857143,"agg/val.EO_sex_mean":1.9607843137254832,"val.accuracy":72.58064516129032,"agg/test.EO_sex_mean":4.1666666666666625,"agg/test.val_score_bestthr_std":0,"agg/test.EO_age_mean":27.807486631016044,"agg/val.accuracy_std":0,"agg/test.val_score_bestthr_mean":91.61052028388282,"agg/val.val_score_bestthr_mean":104.2345847813282,"agg/val.roc_auc_std":0,"agg/best_epoch_std":0,"agg/test.precision_mean":47.61904761904761,"seed":0,"agg/test.EO_age_std":0,"agg/val.val_score_mean":104.2345847813282,"agg/test.recall_std":0,"agg/test.best_thr_f1_mean":0.5249999999999999,"agg/fold_id_std":0,"agg/test.EO_sex_std":0,"agg/val.SP_age_mean":10.416666666666668,"_wandb":{"runtime":78},"agg/test.f1_score_std":0,"agg/test.SP_age_std":0,"test.accuracy":61.038961038961034,"agg/seed_mean":0,"_runtime":78.340493567,"agg/test.SP_sex_std":0,"val.val_score":104.2345847813282,"fold":0,"agg/val.SP_sex_std":0,"agg/val.val_score_bestthr_std":0,"agg/val.SP_sex_mean":7.051282051282054,"agg/test.best_accuracy_mean":62.98701298701299,"_timestamp":1.7670740068132563e+09,"val.f1_score":63.829787234042556,"agg/test.best_accuracy_std":0,"val.roc_auc":69.67670011148273,"agg/val.SP_age_std":0,"agg/test.roc_auc_std":0,"agg/test.best_thr_f1_std":0,"agg/fold_id_mean":0,"agg/test.best_f1_std":0,"agg/val.accuracy_mean":72.58064516129032,"agg/val.f1_score_std":0,"agg/test.SP_age_mean":10.917537746806039,"agg/test.accuracy_std":0,"test.f1_score":57.14285714285714,"agg/test.val_score_std":0,"agg/val.f1_score_mean":63.829787234042556}