{"agg/test.EO_age_mean":16.04278074866311,"agg/val.accuracy_std":0,"agg/test.f1_score_std":0,"agg/seed_std":0,"_wandb":{"runtime":105},"test.roc_auc":61.935131195335266,"agg/test.EO_age_std":0,"_step":1,"val.roc_auc":64.32552954292086,"val.val_score":95.0611509515519,"seed":0,"_runtime":105.403228226,"agg/val.SP_age_std":0,"agg/val.EO_sex_std":0,"agg/test.EO_sex_std":0,"agg/best_epoch_mean":53,"agg/val.EO_sex_mean":8.823529411764708,"agg/fold_id_mean":0,"val.SP_age":27.77777777777778,"agg/val.EO_age_mean":46.66666666666667,"_timestamp":1.7672448213593297e+09,"test.recall":62.5,"agg/test.SP_age_std":0,"agg/test.precision_std":0,"agg/val.val_score_mean":95.0611509515519,"agg/val.val_score_bestthr_mean":95.0611509515519,"agg/test.SP_age_mean":15.637065637065634,"test.SP_age":15.637065637065634,"agg/test.SP_sex_mean":8.111111111111107,"val.SP_sex":10.897435897435898,"fold":0,"test.SP_sex":8.111111111111107,"agg/test.SP_sex_std":0,"agg/val.f1_score_std":0,"test.EO_sex":14.583333333333337,"agg/val.SP_age_mean":27.77777777777778,"agg/test.accuracy_std":0,"test.EO_age":16.04278074866311,"test.accuracy":64.93506493506493,"agg/test.precision_mean":51.470588235294116,"val.EO_sex":8.823529411764708,"agg/val.SP_sex_std":0,"agg/val.roc_auc_std":0,"val.accuracy":67.74193548387096,"test.precision":51.470588235294116,"agg/test.EO_sex_mean":14.583333333333337,"val.EO_age":46.66666666666667,"agg/test.recall_mean":62.5,"agg/test.f1_score_mean":56.4516129032258,"agg/seed_mean":0,"agg/val.val_score_std":0,"test.f1_score":56.4516129032258,"agg/test.recall_std":0,"agg/val.SP_sex_mean":10.897435897435898,"agg/val.EO_age_std":0,"val.val_score_bestthr":95.0611509515519,"val.f1_score":56.52173913043478,"agg/test.accuracy_mean":64.93506493506493,"agg/fold_id_std":0,"agg/val.f1_score_mean":56.52173913043478,"agg/best_epoch_std":0,"agg/test.roc_auc_mean":61.935131195335266,"agg/val.accuracy_mean":67.74193548387096,"agg/val.val_score_bestthr_std":0,"agg/test.roc_auc_std":0,"agg/val.roc_auc_mean":64.32552954292086}