{"agg/test.EO_age_mean":21.457489878542514,"agg/test.SP_sex_std":0,"agg/val.val_score_bestthr_mean":114.95410383819983,"agg/test.best_accuracy_std":0,"agg/seed_std":0,"agg/test.SP_age_mean":11.49228130360206,"agg/val.EO_age_mean":28.409090909090907,"agg/test.best_f1_std":0,"agg/val.SP_age_std":0,"test.roc_auc":65.71081636465533,"test.accuracy":63.28502415458937,"agg/test.SP_sex_mean":2.392026578073092,"agg/test.EO_sex_std":0,"agg/test.roc_auc_mean":65.71081636465533,"val.roc_auc":80.75581395348837,"agg/test.val_score_bestthr_std":0,"agg/val.val_score_mean":112.17537144262523,"seed":0,"agg/val.accuracy_std":0,"agg/val.SP_sex_std":0,"agg/test.val_score_mean":96.55108591080449,"agg/best_epoch_std":0,"agg/test.EO_age_std":0,"agg/test.EO_sex_mean":0.1209921355111887,"fold":0,"agg/test.SP_age_std":0,"agg/test.f1_score_std":0,"agg/best_epoch_mean":29,"agg/test.accuracy_std":0,"agg/val.EO_sex_mean":22.22222222222222,"val.val_score":112.17537144262523,"_step":1,"agg/test.best_accuracy_mean":55.072463768115945,"agg/val.accuracy_mean":74.69879518072288,"agg/test.recall_mean":73.58490566037736,"agg/val.val_score_std":0,"val.accuracy":74.69879518072288,"agg/seed_mean":0,"agg/val.val_score_bestthr_std":0,"agg/test.best_thr_f1_mean":0.11499999999999999,"agg/val.f1_score_std":0,"val.f1_score":76.92307692307692,"agg/test.precision_mean":61.904761904761905,"agg/val.EO_sex_std":0,"agg/val.roc_auc_mean":80.75581395348837,"_wandb":{"runtime":155},"_timestamp":1.7671431280322976e+09,"agg/val.SP_age_mean":22.916666666666664,"agg/val.SP_sex_mean":24.948240165631464,"agg/test.precision_std":0,"_runtime":155.58197765,"agg/val.EO_age_std":0,"agg/test.best_f1_mean":69.30693069306932,"agg/val.roc_auc_std":0,"agg/test.best_thr_f1_std":0,"agg/fold_id_mean":0,"agg/fold_id_std":0,"agg/test.roc_auc_std":0,"agg/test.accuracy_mean":63.28502415458937,"test.f1_score":67.24137931034483,"agg/val.f1_score_mean":76.92307692307692,"agg/test.val_score_bestthr_mean":89.6229549591335,"agg/test.f1_score_mean":67.24137931034483,"agg/test.val_score_std":0,"agg/test.recall_std":0}