{"agg/test.EO_sex_std":0,"agg/fold_id_mean":0,"agg/test.EO_age_mean":29.411764705882355,"val.EO_sex":3.9215686274509887,"agg/test.f1_score_mean":30.769230769230766,"agg/test.SP_age_std":0,"_runtime":82.881342945,"test.f1_score":30.769230769230766,"val.accuracy":69.35483870967742,"agg/seed_std":0,"val.EO_age":30.000000000000004,"fold":0,"agg/val.val_score_bestthr_mean":100.25569341053213,"agg/test.SP_age_mean":22.265122265122265,"agg/test.recall_mean":21.428571428571427,"agg/test.roc_auc_mean":59.31122448979592,"agg/test.SP_sex_std":0,"val.SP_age":8.333333333333332,"agg/fold_id_std":0,"test.recall":21.428571428571427,"test.roc_auc":59.31122448979592,"test.EO_sex":4.166666666666666,"agg/val.accuracy_std":0,"agg/best_epoch_std":0,"seed":0,"agg/val.accuracy_mean":69.35483870967742,"agg/val.EO_sex_mean":3.9215686274509887,"agg/val.val_score_bestthr_std":0,"agg/val.roc_auc_mean":67.44704570791528,"_step":1,"agg/val.EO_age_std":0,"agg/test.EO_sex_mean":4.166666666666666,"agg/test.f1_score_std":0,"agg/val.SP_sex_mean":4.914529914529914,"val.f1_score":62.745098039215684,"agg/seed_mean":0,"agg/val.SP_age_std":0,"val.val_score":100.25569341053213,"test.SP_age":22.265122265122265,"test.EO_age":29.411764705882355,"val.roc_auc":67.44704570791528,"agg/val.f1_score_std":0,"agg/val.EO_sex_std":0,"agg/val.SP_age_mean":8.333333333333332,"agg/val.val_score_std":0,"_wandb":{"runtime":82},"agg/test.EO_age_std":0,"val.val_score_bestthr":100.25569341053213,"val.SP_sex":4.914529914529914,"agg/test.precision_mean":54.54545454545454,"agg/test.recall_std":0,"test.SP_sex":3.666666666666665,"agg/test.roc_auc_std":0,"agg/val.f1_score_mean":62.745098039215684,"agg/test.SP_sex_mean":3.666666666666665,"agg/test.precision_std":0,"agg/val.val_score_mean":100.25569341053213,"agg/test.accuracy_mean":64.93506493506493,"agg/val.EO_age_mean":30.000000000000004,"agg/test.accuracy_std":0,"agg/val.SP_sex_std":0,"test.accuracy":64.93506493506493,"agg/val.roc_auc_std":0,"test.precision":54.54545454545454,"_timestamp":1.7672365982440968e+09,"agg/best_epoch_mean":26}