{"test.SP_sex":3.2222222222222205,"val.roc_auc":75.58528428093645,"agg/best_epoch_mean":79,"agg/test.EO_age_mean":37.43315508021391,"agg/val.accuracy_mean":72.58064516129032,"agg/val.EO_age_mean":38.888888888888886,"val.SP_age":28.47222222222222,"_runtime":188.535432068,"agg/test.f1_score_mean":52.94117647058824,"agg/val.val_score_std":0,"agg/test.EO_sex_mean":16.666666666666668,"val.val_score_bestthr":104.96070423620233,"agg/test.f1_score_std":0,"agg/test.recall_mean":48.214285714285715,"agg/test.EO_sex_std":0,"agg/test.recall_std":0,"agg/fold_id_mean":0,"test.accuracy":68.83116883116884,"agg/seed_std":0,"agg/test.SP_sex_std":0,"test.f1_score":52.94117647058824,"agg/val.val_score_bestthr_mean":104.96070423620233,"agg/val.roc_auc_std":0,"agg/val.SP_sex_mean":18.162393162393165,"agg/val.val_score_mean":103.78362324286665,"agg/val.SP_age_mean":28.47222222222222,"agg/best_epoch_std":0,"agg/test.accuracy_std":0,"test.EO_age":37.43315508021391,"agg/val.SP_sex_std":0,"test.roc_auc":66.399416909621,"agg/test.roc_auc_mean":66.399416909621,"val.accuracy":72.58064516129032,"agg/val.EO_sex_mean":9.80392156862745,"agg/test.SP_age_std":0,"_step":1,"_timestamp":1.7672434766616607e+09,"agg/test.precision_std":0,"agg/val.EO_sex_std":0,"agg/test.accuracy_mean":68.83116883116884,"agg/val.f1_score_mean":66.66666666666666,"agg/seed_mean":0,"_wandb":{"runtime":188},"seed":0,"test.precision":58.69565217391305,"test.recall":48.214285714285715,"test.EO_sex":16.666666666666668,"val.f1_score":66.66666666666666,"agg/val.EO_age_std":0,"val.val_score":103.78362324286665,"val.EO_age":38.888888888888886,"agg/val.val_score_bestthr_std":0,"agg/fold_id_std":0,"test.SP_age":22.6550079491256,"agg/val.accuracy_std":0,"agg/val.SP_age_std":0,"val.EO_sex":9.80392156862745,"agg/test.EO_age_std":0,"agg/test.precision_mean":58.69565217391305,"val.SP_sex":18.162393162393165,"agg/val.f1_score_std":0,"agg/test.SP_sex_mean":3.2222222222222205,"agg/test.roc_auc_std":0,"agg/val.roc_auc_mean":75.58528428093645,"agg/test.SP_age_mean":22.6550079491256,"fold":0}