{"agg/val.SP_age_mean":15.972222222222221,"agg/test.SP_sex_std":0,"agg/test.EO_sex_mean":10.416666666666663,"agg/test.EO_age_std":0,"agg/test.roc_auc_std":0,"agg/val.accuracy_mean":75.80645161290323,"val.f1_score":66.66666666666666,"agg/best_epoch_std":0,"agg/val.SP_sex_mean":21.367521367521363,"_timestamp":1.7672469420217664e+09,"agg/val.EO_age_mean":46.66666666666667,"agg/fold_id_std":0,"seed":0,"agg/test.SP_age_std":0,"agg/val.val_score_std":0,"agg/val.EO_age_std":0,"agg/val.f1_score_mean":66.66666666666666,"agg/test.EO_sex_std":0,"agg/test.SP_sex_mean":12.37037037037037,"agg/val.SP_age_std":0,"agg/test.precision_mean":51.724137931034484,"test.recall":53.57142857142857,"agg/val.accuracy_std":0,"agg/val.EO_sex_std":0,"agg/val.val_score_bestthr_mean":108.09383849073129,"val.EO_sex":20.588235294117652,"agg/test.recall_std":0,"agg/test.accuracy_mean":64.93506493506493,"_step":1,"agg/test.f1_score_mean":52.63157894736843,"agg/fold_id_mean":0,"agg/seed_std":0,"agg/test.EO_age_mean":28.342245989304814,"test.SP_age":22.779922779922778,"agg/val.SP_sex_std":0,"agg/test.roc_auc_mean":62.55466472303207,"_runtime":87.142498794,"agg/val.val_score_mean":108.09383849073129,"agg/test.precision_std":0,"test.roc_auc":62.55466472303207,"test.precision":51.724137931034484,"val.val_score_bestthr":108.09383849073129,"test.EO_sex":10.416666666666663,"agg/test.recall_mean":53.57142857142857,"agg/val.roc_auc_std":0,"val.val_score":108.09383849073129,"fold":0,"test.f1_score":52.63157894736843,"val.accuracy":75.80645161290323,"agg/val.EO_sex_mean":20.588235294117652,"test.accuracy":64.93506493506493,"agg/val.f1_score_std":0,"val.roc_auc":73.91304347826086,"agg/val.val_score_bestthr_std":0,"test.EO_age":28.342245989304814,"val.SP_age":15.972222222222221,"val.SP_sex":21.367521367521363,"agg/test.accuracy_std":0,"_wandb":{"runtime":87},"agg/seed_mean":0,"agg/test.SP_age_mean":22.779922779922778,"val.EO_age":46.66666666666667,"agg/val.roc_auc_mean":73.91304347826086,"agg/best_epoch_mean":33,"agg/test.f1_score_std":0,"test.SP_sex":12.37037037037037}