{"agg/test.val_score_mean":85.59806522909464,"fold":0,"agg/val.f1_score_std":0,"agg/test.f1_score_std":0,"agg/seed_std":0,"agg/test.best_f1_mean":58.75706214689266,"agg/test.EO_sex_mean":2.0833333333333313,"agg/fold_id_std":0,"agg/val.accuracy_mean":70.96774193548387,"agg/val.SP_sex_std":0,"agg/test.val_score_std":0,"agg/test.roc_auc_mean":65.8527696793003,"agg/val.roc_auc_std":0,"agg/fold_id_mean":0,"agg/seed_mean":0,"agg/test.roc_auc_std":0,"val.f1_score":60.86956521739131,"agg/test.precision_mean":48.214285714285715,"val.accuracy":70.96774193548387,"agg/test.EO_sex_std":0,"agg/val.val_score_mean":100.5331743682117,"agg/test.accuracy_std":0,"test.accuracy":62.33766233766234,"agg/val.EO_sex_mean":7.843137254901955,"agg/test.precision_std":0,"agg/test.recall_std":0,"agg/test.f1_score_mean":48.214285714285715,"agg/val.SP_age_std":0,"agg/val.val_score_std":0,"agg/test.best_thr_f1_mean":0.31499999999999995,"agg/test.SP_age_mean":25.160875160875158,"_runtime":61.33983807,"agg/best_epoch_mean":12,"agg/val.val_score_bestthr_std":0,"agg/test.EO_age_mean":55.61497326203209,"seed":0,"test.roc_auc":65.8527696793003,"agg/test.best_accuracy_std":0,"agg/test.best_thr_f1_std":0,"agg/val.roc_auc_mean":66.77814938684503,"agg/val.SP_sex_mean":10.897435897435898,"agg/val.f1_score_mean":60.86956521739131,"_wandb":{"runtime":61},"val.val_score_bestthr":100.5331743682117,"agg/test.accuracy_mean":62.33766233766234,"agg/test.val_score_bestthr_mean":81.38134414625941,"agg/best_epoch_std":0,"test.f1_score":48.214285714285715,"agg/test.SP_sex_mean":1.8148148148148135,"agg/test.best_f1_std":0,"val.roc_auc":66.77814938684503,"agg/val.val_score_bestthr_mean":100.5331743682117,"agg/val.accuracy_std":0,"agg/val.EO_sex_std":0,"agg/test.recall_mean":48.214285714285715,"agg/val.EO_age_mean":46.66666666666667,"agg/test.val_score_bestthr_std":0,"_step":1,"agg/val.EO_age_std":0,"agg/test.SP_age_std":0,"agg/test.SP_sex_std":0,"agg/test.best_accuracy_mean":52.5974025974026,"agg/test.EO_age_std":0,"_timestamp":1.7670609269811459e+09,"val.val_score":100.5331743682117,"agg/val.SP_age_mean":21.52777777777778}