{"agg/fold_id_mean":0,"agg/test.recall_mean":26.785714285714285,"agg/best_epoch_mean":17,"test.roc_auc":60.368075801749264,"agg/fold_id_std":0,"agg/val.val_score_bestthr_mean":105.51441095731995,"val.val_score":101.04956697319126,"agg/test.SP_sex_mean":1.1851851851851865,"agg/val.f1_score_std":0,"agg/test.SP_age_std":0,"agg/val.roc_auc_std":0,"test.recall":26.785714285714285,"val.EO_sex":24.50980392156863,"agg/val.EO_age_std":0,"agg/val.SP_sex_mean":4.273504273504275,"agg/test.precision_mean":62.5,"agg/val.val_score_mean":101.04956697319126,"agg/val.EO_sex_std":0,"agg/val.SP_sex_std":0,"agg/val.SP_age_mean":33.333333333333336,"_runtime":70.405753268,"val.EO_age":66.66666666666667,"seed":0,"test.f1_score":37.5,"test.EO_sex":12.5,"agg/test.EO_sex_mean":12.5,"val.roc_auc":71.57190635451505,"agg/val.roc_auc_mean":71.57190635451505,"agg/test.recall_std":0,"agg/seed_mean":0,"agg/seed_std":0,"agg/test.accuracy_mean":67.53246753246754,"test.SP_age":24.96782496782497,"agg/val.accuracy_std":0,"_wandb":{"runtime":70},"agg/val.SP_age_std":0,"_timestamp":1.7672497311645875e+09,"test.EO_age":26.203208556149736,"agg/test.roc_auc_mean":60.368075801749264,"agg/val.accuracy_mean":74.19354838709677,"test.SP_sex":1.1851851851851865,"test.accuracy":67.53246753246754,"val.SP_age":33.333333333333336,"agg/test.EO_sex_std":0,"val.f1_score":65.21739130434783,"val.val_score_bestthr":105.51441095731995,"val.accuracy":74.19354838709677,"test.precision":62.5,"agg/test.EO_age_mean":26.203208556149736,"agg/test.accuracy_std":0,"agg/test.f1_score_mean":37.5,"agg/val.val_score_std":0,"_step":1,"fold":0,"agg/val.val_score_bestthr_std":0,"agg/val.EO_age_mean":66.66666666666667,"agg/test.SP_age_mean":24.96782496782497,"agg/val.EO_sex_mean":24.50980392156863,"val.SP_sex":4.273504273504275,"agg/test.EO_age_std":0,"agg/test.precision_std":0,"agg/test.SP_sex_std":0,"agg/val.f1_score_mean":65.21739130434783,"agg/test.f1_score_std":0,"agg/test.roc_auc_std":0,"agg/best_epoch_std":0}