{"_runtime":57.752868933,"agg/seed_mean":0,"agg/test.best_f1_std":0,"agg/test.accuracy_mean":57.14285714285714,"test.accuracy":57.14285714285714,"val.val_score":96.27156720835562,"agg/test.recall_std":0,"agg/test.EO_sex_std":0,"agg/fold_id_std":0,"agg/test.SP_sex_mean":6.703703703703706,"agg/test.val_score_std":0,"agg/test.SP_age_mean":21.685971685971683,"agg/val.SP_sex_mean":8.760683760683758,"agg/val.roc_auc_std":0,"_step":1,"agg/val.val_score_bestthr_std":0,"agg/val.val_score_std":0,"agg/test.best_f1_mean":53.846153846153854,"agg/fold_id_mean":0,"agg/val.accuracy_mean":67.74193548387096,"agg/val.SP_age_mean":28.47222222222222,"agg/test.f1_score_std":0,"agg/best_epoch_std":0,"agg/test.val_score_mean":81.90110095617779,"agg/test.f1_score_mean":50.74626865671643,"agg/val.roc_auc_mean":68.78483835005575,"agg/test.best_thr_f1_mean":0.36999999999999994,"agg/val.val_score_bestthr_mean":100.26596903021395,"agg/val.accuracy_std":0,"agg/val.val_score_mean":96.27156720835562,"agg/test.roc_auc_mean":59.876093294460645,"agg/test.EO_sex_mean":2.083333333333337,"agg/test.best_accuracy_std":0,"agg/test.best_thr_f1_std":0,"agg/test.precision_mean":43.58974358974359,"agg/test.SP_age_std":0,"seed":0,"agg/test.EO_age_std":0,"_timestamp":1.767071865408264e+09,"agg/test.val_score_bestthr_std":0,"agg/test.SP_sex_std":0,"agg/val.EO_sex_mean":43.13725490196078,"agg/val.EO_age_std":0,"agg/test.precision_std":0,"agg/test.best_accuracy_mean":45.45454545454545,"agg/test.recall_mean":60.71428571428571,"agg/test.accuracy_std":0,"test.roc_auc":59.876093294460645,"agg/test.val_score_bestthr_mean":71.7896101673182,"agg/best_epoch_mean":23,"_wandb":{"runtime":57},"agg/val.EO_age_mean":66.66666666666667,"agg/val.SP_sex_std":0,"agg/seed_std":0,"fold":0,"test.f1_score":50.74626865671643,"agg/val.f1_score_std":0,"agg/val.SP_age_std":0,"val.roc_auc":68.78483835005575,"agg/test.roc_auc_std":0,"val.f1_score":60,"agg/val.f1_score_mean":60,"val.accuracy":67.74193548387096,"agg/test.EO_age_mean":31.01604278074866,"agg/val.EO_sex_std":0}