{"agg/val.EO_age_mean":33.333333333333336,"agg/best_epoch_std":0,"agg/test.recall_std":0,"agg/test.best_thr_f1_std":0,"agg/val.roc_auc_mean":74.5819397993311,"agg/test.EO_age_mean":33.68983957219251,"agg/test.recall_mean":71.42857142857143,"agg/seed_std":0,"_step":1,"agg/test.EO_age_std":0,"agg/val.EO_sex_mean":15.686274509803921,"agg/test.SP_sex_std":0,"test.accuracy":53.896103896103895,"agg/test.val_score_std":0,"agg/test.val_score_mean":79.70171526664961,"agg/val.f1_score_std":0,"agg/test.SP_sex_mean":12.296296296296294,"agg/val.accuracy_std":0,"val.roc_auc":74.5819397993311,"agg/seed_mean":0,"val.accuracy":74.19354838709677,"agg/test.roc_auc_mean":64.26749271137027,"agg/val.accuracy_mean":74.19354838709677,"agg/best_epoch_mean":18,"agg/test.best_f1_std":0,"agg/val.SP_sex_mean":7.6923076923076925,"agg/val.SP_age_mean":17.36111111111111,"fold":0,"agg/val.val_score_std":0,"agg/test.best_accuracy_mean":55.84415584415584,"agg/test.f1_score_mean":52.98013245033112,"agg/test.accuracy_std":0,"_runtime":115.157746821,"val.f1_score":69.23076923076923,"agg/test.best_thr_f1_mean":0.4699999999999999,"agg/test.EO_sex_mean":4.1666666666666625,"agg/val.f1_score_mean":69.23076923076923,"agg/val.val_score_bestthr_mean":110.2658218994794,"agg/fold_id_mean":0,"_wandb":{"runtime":115},"agg/fold_id_std":0,"test.f1_score":52.98013245033112,"agg/test.val_score_bestthr_std":0,"agg/test.f1_score_std":0,"seed":0,"agg/test.best_accuracy_std":0,"agg/val.val_score_mean":108.06820273601582,"_timestamp":1.7670714116376424e+09,"agg/val.EO_sex_std":0,"test.roc_auc":64.26749271137027,"agg/val.SP_age_std":0,"agg/test.precision_mean":42.10526315789473,"val.val_score":108.06820273601582,"agg/test.roc_auc_std":0,"agg/test.SP_age_mean":18.292682926829272,"agg/test.val_score_bestthr_mean":83.1223778986835,"agg/test.precision_std":0,"agg/test.best_f1_mean":55.84415584415584,"agg/test.EO_sex_std":0,"agg/val.SP_sex_std":0,"agg/test.accuracy_mean":53.896103896103895,"agg/test.SP_age_std":0,"agg/val.roc_auc_std":0,"agg/val.val_score_bestthr_std":0,"agg/val.EO_age_std":0}