{"sum/agg/test.EO_sex_mean":8.495787545787547,"cfg/adaptive_schedule":true,"_timestamp":1.7673291084295406e+09,"cfg/batch_size":8,"cfg/mask_target_mean":0.22,"cfg/lam_ent_yb":0.1,"sum/agg/seed_std":1.4142135623730951,"_wandb":{"runtime":320},"cfg/folds":5,"sum/agg/test.accuracy_mean":64.80095068330363,"fold":4,"sum/agg/n_folds":5,"fold/val_score_bestthr":74.71662433152149,"cfg/lambda_sensitive":0.02,"sum/agg/test.SP_sex_std":2.223270899326305,"cfg/weight_decay":0.0005,"cfg/dataset":"ADHD","sum/agg/test.f1_score_std":16.677228249854505,"_step":5,"sum/agg/test.SP_sex_mean":2.3296212426056573,"sum/agg/test.EO_age_std":9.891190954967346,"sum/agg/test.roc_auc_std":4.3959530816452554,"cfg/mask_temperature":1,"sum/agg/test.precision_mean":48.11224489795918,"cfg/gnn_hidden_dim":64,"sum/agg/test.SP_age_std":10.90302249923003,"sum/agg/test.f1_score_mean":26.09217171717172,"sum/agg/val.val_score_bestthr_std":10.316849555345685,"sum/agg/val.val_score_bestthr_mean":88.7065930789126,"cfg/mask_topk_ratio":0.1,"cfg/num_gnn_layers":2,"sum/agg/best_epoch_mean":32,"sum/agg/test.SP_age_mean":15.625455027083515,"sum/agg/best_epoch_std":10.059821071967434,"cfg/lambda_causal_suf":1,"cfg/mask_target_std":0.2,"sum/agg/test.accuracy_std":1.5808236861144058,"sum/agg/seed_mean":2,"_runtime":320,"sum/agg/fold_id_mean":2,"sum/agg/test.EO_age_mean":18.296197266785505,"fold/test_acc":66.01307189542483,"sum/agg/fold_id_std":1.4142135623730951,"sum/agg/test.precision_std":27.920612452990788,"sum/agg/test.EO_sex_std":8.395739192098175,"sum/agg/summary_path":"results/summary_5fold.json","seed":4,"cfg/two_stage":true,"sum/agg/test.roc_auc_mean":59.70624977799393,"fold/test_f1":50,"cfg/lr":0.0001,"cfg/dropout":0}