{"test.f1_score":39.534883720930225,"agg/test.SP_sex_std":0,"test.SP_age":28.314028314028317,"agg/test.EO_sex_mean":22.916666666666668,"agg/test.recall_std":0,"agg/seed_std":0,"agg/val.f1_score_std":0,"agg/val.f1_score_mean":63.829787234042556,"agg/val.val_score_bestthr_mean":103.46097367021707,"agg/val.SP_sex_mean":7.051282051282054,"agg/val.SP_age_std":0,"_wandb":{"runtime":64},"agg/val.SP_age_mean":27.77777777777778,"agg/test.f1_score_mean":39.534883720930225,"agg/val.SP_sex_std":0,"val.EO_sex":1.9607843137254832,"agg/test.accuracy_mean":66.23376623376623,"agg/test.SP_sex_mean":4.222222222222221,"val.roc_auc":71.7948717948718,"test.EO_sex":22.916666666666668,"agg/best_epoch_std":0,"test.roc_auc":62.026239067055386,"agg/test.EO_sex_std":0,"agg/seed_mean":0,"agg/test.roc_auc_std":0,"val.val_score":102.79462831865584,"agg/test.precision_mean":56.666666666666664,"agg/test.EO_age_std":0,"agg/val.accuracy_std":0,"val.EO_age":66.66666666666667,"agg/test.roc_auc_mean":62.026239067055386,"agg/test.recall_mean":30.357142857142854,"agg/test.EO_age_mean":32.085561497326196,"val.SP_age":27.77777777777778,"val.SP_sex":7.051282051282054,"_runtime":64.652915978,"test.recall":30.357142857142854,"fold":0,"test.precision":56.666666666666664,"agg/val.val_score_mean":102.79462831865584,"agg/val.val_score_std":0,"agg/val.EO_sex_std":0,"_timestamp":1.767244985286673e+09,"agg/best_epoch_mean":12,"val.f1_score":63.829787234042556,"agg/test.SP_age_mean":28.314028314028317,"agg/fold_id_mean":0,"agg/val.EO_age_mean":66.66666666666667,"agg/val.roc_auc_std":0,"seed":0,"agg/val.val_score_bestthr_std":0,"agg/test.precision_std":0,"_step":1,"val.val_score_bestthr":103.46097367021707,"agg/val.EO_age_std":0,"test.SP_sex":4.222222222222221,"agg/val.EO_sex_mean":1.9607843137254832,"agg/test.accuracy_std":0,"agg/val.roc_auc_mean":71.7948717948718,"test.EO_age":32.085561497326196,"agg/fold_id_std":0,"agg/test.f1_score_std":0,"test.accuracy":66.23376623376623,"agg/test.SP_age_std":0,"agg/val.accuracy_mean":72.58064516129032,"val.accuracy":72.58064516129032}