{"agg/test.best_thr_f1_mean":0.48999999999999994,"agg/test.EO_age_mean":52.40641711229947,"val.accuracy":75.80645161290323,"agg/test.val_score_std":0,"agg/val.val_score_mean":107.86584075317472,"agg/test.EO_age_std":0,"agg/val.roc_auc_std":0,"agg/val.val_score_bestthr_mean":106.45225250977147,"agg/val.SP_sex_mean":1.495726495726496,"agg/val.SP_age_mean":45.833333333333336,"agg/val.EO_age_std":0,"agg/test.best_thr_f1_std":0,"agg/test.accuracy_mean":65.5844155844156,"agg/test.SP_age_std":0,"agg/test.recall_std":0,"agg/test.best_accuracy_std":0,"agg/val.val_score_bestthr_std":0,"agg/val.val_score_std":0,"_wandb":{"runtime":90},"agg/val.EO_age_mean":55.55555555555556,"agg/test.SP_age_mean":40.411840411840416,"agg/seed_mean":0,"agg/test.SP_sex_mean":0.8148148148148127,"val.f1_score":66.66666666666666,"agg/test.precision_std":0,"agg/test.f1_score_mean":52.25225225225225,"agg/test.f1_score_std":0,"val.roc_auc":70.68004459308807,"test.roc_auc":62.22667638483964,"agg/test.best_accuracy_mean":66.23376623376623,"_timestamp":1.767070618951523e+09,"agg/test.roc_auc_mean":62.22667638483964,"agg/test.accuracy_std":0,"test.accuracy":65.5844155844156,"agg/seed_std":0,"agg/test.precision_mean":52.72727272727272,"seed":0,"agg/val.f1_score_std":0,"agg/test.best_f1_std":0,"agg/val.f1_score_mean":66.66666666666666,"agg/val.accuracy_std":0,"agg/test.EO_sex_std":0,"agg/val.SP_age_std":0,"agg/test.best_f1_mean":55.17241379310344,"_step":1,"agg/test.SP_sex_std":0,"agg/test.roc_auc_std":0,"agg/val.EO_sex_mean":24.50980392156863,"agg/val.SP_sex_std":0,"agg/test.val_score_mean":90.50337765381884,"agg/best_epoch_std":0,"agg/test.EO_sex_mean":27.083333333333332,"agg/test.val_score_bestthr_std":0,"agg/val.accuracy_mean":75.80645161290323,"agg/test.recall_mean":51.78571428571429,"agg/val.roc_auc_mean":70.68004459308807,"agg/best_epoch_mean":25,"agg/test.val_score_bestthr_mean":92.5600505377483,"fold":0,"test.f1_score":52.25225225225225,"agg/fold_id_std":0,"_runtime":90.601132784,"agg/val.EO_sex_std":0,"agg/fold_id_mean":0,"val.val_score":107.86584075317472}