{"fold":0,"agg/val.SP_sex_std":0,"agg/val.val_score_std":0,"_step":1,"agg/test.SP_sex_std":0,"seed":0,"val.accuracy":66.12903225806451,"val.roc_auc":64.88294314381271,"agg/test.accuracy_std":0,"agg/test.precision_mean":42.10526315789473,"agg/test.best_accuracy_mean":53.896103896103895,"agg/test.f1_score_std":0,"agg/val.accuracy_mean":66.12903225806451,"_timestamp":1.7670594907364511e+09,"val.val_score_bestthr":74.85517465877996,"agg/test.EO_age_mean":55.61497326203209,"test.roc_auc":58.72813411078717,"agg/test.SP_sex_mean":2.8148148148148144,"agg/seed_std":0,"agg/val.f1_score_std":0,"agg/test.precision_std":0,"agg/fold_id_std":0,"agg/val.SP_age_mean":27.083333333333336,"agg/test.best_thr_f1_mean":0.4049999999999999,"agg/val.EO_age_mean":46.66666666666667,"agg/val.SP_age_std":0,"agg/val.val_score_bestthr_mean":74.85517465877996,"agg/test.roc_auc_std":0,"agg/val.val_score_bestthr_std":0,"agg/test.EO_sex_std":0,"agg/test.val_score_std":0,"agg/val.val_score_mean":90.91787481655483,"agg/best_epoch_mean":18,"agg/test.val_score_mean":77.94226302245174,"agg/test.val_score_bestthr_mean":81.9418829094278,"_runtime":49.286845456,"agg/test.roc_auc_mean":58.72813411078717,"agg/fold_id_mean":0,"val.val_score":90.91787481655483,"agg/test.best_accuracy_std":0,"agg/val.EO_sex_mean":2.941176470588236,"agg/test.best_thr_f1_std":0,"agg/val.SP_sex_mean":2.5641025641025603,"test.accuracy":57.7922077922078,"val.f1_score":51.162790697674424,"agg/test.SP_age_std":0,"agg/val.accuracy_std":0,"agg/test.val_score_bestthr_std":0,"agg/test.recall_std":0,"agg/val.roc_auc_mean":64.88294314381271,"agg/val.EO_sex_std":0,"agg/val.roc_auc_std":0,"agg/test.accuracy_mean":57.7922077922078,"agg/val.EO_age_std":0,"agg/test.best_f1_mean":57.48502994011976,"agg/test.recall_mean":42.857142857142854,"agg/val.f1_score_mean":51.162790697674424,"test.f1_score":42.47787610619469,"_wandb":{"runtime":49},"agg/test.f1_score_mean":42.47787610619469,"agg/test.EO_sex_mean":22.916666666666668,"agg/test.best_f1_std":0,"agg/best_epoch_std":0,"agg/test.SP_age_mean":27.54182754182754,"agg/test.EO_age_std":0,"agg/seed_mean":0}