{"agg/test.precision_std":0,"agg/val.val_score_mean":102.75965998475486,"agg/test.roc_auc_std":0,"agg/test.val_score_bestthr_std":0,"agg/test.precision_mean":44.303797468354425,"agg/fold_id_mean":0,"agg/val.val_score_bestthr_mean":106.31986814576946,"agg/val.EO_sex_mean":9.80392156862745,"agg/test.best_f1_std":0,"agg/val.val_score_bestthr_std":0,"agg/test.accuracy_std":0,"agg/test.best_thr_f1_mean":0.16499999999999998,"agg/test.val_score_bestthr_mean":66.50940688134808,"agg/test.best_thr_f1_std":0,"agg/test.roc_auc_mean":60.13119533527698,"agg/val.f1_score_std":0,"test.f1_score":51.85185185185185,"agg/val.f1_score_mean":65.38461538461539,"agg/test.SP_age_mean":23.66946778711485,"agg/val.roc_auc_mean":73.46711259754738,"_runtime":86.36585818,"agg/val.accuracy_mean":70.96774193548387,"agg/test.SP_sex_std":0,"agg/test.accuracy_mean":57.7922077922078,"agg/fold_id_std":0,"agg/val.EO_age_mean":50,"agg/test.val_score_mean":83.03575029001499,"agg/test.recall_mean":62.5,"agg/val.accuracy_std":0,"agg/test.EO_sex_mean":14.583333333333337,"agg/val.roc_auc_std":0,"agg/val.SP_sex_std":0,"agg/val.val_score_std":0,"val.f1_score":65.38461538461539,"agg/val.EO_age_std":0,"agg/best_epoch_mean":18,"agg/val.EO_sex_std":0,"val.val_score":102.75965998475486,"agg/test.best_accuracy_mean":39.61038961038961,"agg/test.f1_score_mean":51.85185185185185,"agg/seed_mean":0,"agg/test.SP_sex_mean":4.851851851851857,"agg/test.recall_std":0,"agg/test.EO_age_std":0,"val.accuracy":70.96774193548387,"agg/test.f1_score_std":0,"agg/test.EO_sex_std":0,"agg/best_epoch_std":0,"agg/test.best_accuracy_std":0,"test.roc_auc":60.13119533527698,"agg/seed_std":0,"_timestamp":1.767077741584262e+09,"agg/val.SP_age_mean":29.166666666666668,"val.roc_auc":73.46711259754738,"agg/val.SP_age_std":0,"_step":1,"agg/test.SP_age_std":0,"agg/test.EO_age_mean":25.1336898395722,"seed":0,"agg/val.SP_sex_mean":1.0683760683760646,"fold":0,"agg/test.best_f1_mean":54.187192118226605,"test.accuracy":57.7922077922078,"agg/test.val_score_std":0,"_wandb":{"runtime":86}}