{"val.EO_sex":12.745098039215685,"_step":1,"agg/fold_id_mean":0,"agg/val.val_score_bestthr_mean":98.37000444649874,"agg/val.val_score_std":0,"seed":0,"agg/val.f1_score_std":0,"agg/test.EO_age_std":0,"agg/test.EO_sex_std":0,"agg/val.EO_age_std":0,"_runtime":82.708285137,"agg/fold_id_std":0,"agg/seed_mean":0,"agg/best_epoch_mean":30,"val.SP_sex":6.623931623931623,"agg/val.f1_score_mean":62.96296296296296,"agg/val.roc_auc_std":0,"agg/test.EO_age_mean":37.96791443850267,"agg/val.val_score_mean":95.74238470596191,"test.f1_score":41.860465116279066,"agg/test.precision_mean":60,"agg/val.accuracy_std":0,"agg/val.roc_auc_mean":63.21070234113713,"test.roc_auc":59.65743440233236,"agg/test.precision_std":0,"test.EO_sex":6.25,"agg/test.EO_sex_mean":6.25,"agg/seed_std":0,"_timestamp":1.7672345967554898e+09,"agg/test.roc_auc_mean":59.65743440233236,"agg/test.f1_score_mean":41.860465116279066,"agg/test.SP_age_std":0,"agg/test.accuracy_std":0,"agg/test.SP_sex_mean":1.4814814814814836,"_wandb":{"runtime":82},"agg/val.EO_age_mean":38.888888888888886,"val.f1_score":62.96296296296296,"test.recall":32.142857142857146,"val.val_score":95.74238470596191,"val.accuracy":67.74193548387096,"agg/test.SP_sex_std":0,"agg/val.val_score_bestthr_std":0,"val.val_score_bestthr":98.37000444649874,"test.SP_sex":1.4814814814814836,"agg/test.roc_auc_std":0,"val.SP_age":27.083333333333332,"agg/val.SP_age_mean":27.083333333333332,"val.roc_auc":63.21070234113713,"agg/test.f1_score_std":0,"agg/val.SP_sex_mean":6.623931623931623,"agg/test.accuracy_mean":67.53246753246754,"fold":0,"test.EO_age":37.96791443850267,"agg/val.EO_sex_mean":12.745098039215685,"test.precision":60,"agg/val.SP_sex_std":0,"agg/val.SP_age_std":0,"agg/test.recall_mean":32.142857142857146,"agg/best_epoch_std":0,"test.accuracy":67.53246753246754,"test.SP_age":14.866434378629501,"agg/val.EO_sex_std":0,"val.EO_age":38.888888888888886,"agg/test.recall_std":0,"agg/val.accuracy_mean":67.74193548387096,"agg/test.SP_age_mean":14.866434378629501}