{"test.recall":32.142857142857146,"agg/test.roc_auc_mean":58.89212827988338,"agg/best_epoch_mean":24,"agg/seed_std":0,"agg/val.EO_age_mean":26.666666666666668,"agg/test.f1_score_mean":42.352941176470594,"agg/test.f1_score_std":0,"val.EO_sex":13.725490196078432,"agg/seed_mean":0,"val.roc_auc":66.22073578595318,"seed":0,"agg/fold_id_mean":0,"test.EO_age":37.96791443850267,"agg/test.roc_auc_std":0,"_runtime":94.437591091,"val.val_score_bestthr":96.6483064217372,"agg/test.SP_sex_std":0,"agg/test.recall_mean":32.142857142857146,"test.f1_score":42.352941176470594,"val.accuracy":70.96774193548387,"test.precision":62.06896551724138,"fold":0,"val.f1_score":52.63157894736841,"agg/test.SP_age_mean":24.96782496782497,"agg/val.val_score_bestthr_std":0,"agg/test.SP_age_std":0,"test.EO_sex":20.833333333333332,"_step":1,"agg/val.EO_age_std":0,"_timestamp":1.7672436800402725e+09,"agg/test.EO_sex_mean":20.833333333333332,"val.SP_sex":8.547008547008547,"agg/test.precision_std":0,"agg/val.roc_auc_mean":66.22073578595318,"agg/test.EO_age_std":0,"agg/test.EO_sex_std":0,"_wandb":{"runtime":94},"agg/val.val_score_std":0,"agg/val.f1_score_mean":52.63157894736841,"agg/best_epoch_std":0,"agg/val.SP_age_mean":14.583333333333334,"agg/val.accuracy_mean":70.96774193548387,"agg/val.EO_sex_std":0,"val.SP_age":14.583333333333334,"test.SP_age":24.96782496782497,"agg/test.precision_mean":62.06896551724138,"val.EO_age":26.666666666666668,"agg/test.accuracy_std":0,"agg/test.SP_sex_mean":3.3333333333333353,"agg/test.EO_age_mean":37.96791443850267,"agg/fold_id_std":0,"test.accuracy":68.18181818181817,"test.roc_auc":58.89212827988338,"agg/val.EO_sex_mean":13.725490196078432,"agg/val.val_score_bestthr_mean":96.6483064217372,"agg/test.recall_std":0,"agg/val.roc_auc_std":0,"agg/val.SP_sex_std":0,"agg/val.accuracy_std":0,"agg/val.SP_sex_mean":8.547008547008547,"agg/test.accuracy_mean":68.18181818181817,"agg/val.f1_score_std":0,"val.val_score":94.33286158549441,"agg/val.SP_age_std":0,"test.SP_sex":3.3333333333333353,"agg/val.val_score_mean":94.33286158549441}