{"agg/test.accuracy_mean":66.23376623376623,"test.recall":30.357142857142854,"val.SP_age":16.666666666666668,"agg/val.EO_age_std":0,"agg/test.f1_score_std":0,"agg/val.val_score_std":0,"agg/test.precision_std":0,"val.accuracy":69.35483870967742,"agg/test.EO_age_mean":47.05882352941176,"agg/fold_id_std":0,"agg/val.SP_age_mean":16.666666666666668,"agg/val.roc_auc_std":0,"agg/test.EO_sex_mean":8.333333333333332,"agg/test.recall_mean":30.357142857142854,"agg/test.SP_age_mean":25.289575289575296,"agg/test.SP_sex_std":0,"test.precision":56.666666666666664,"agg/val.f1_score_mean":59.57446808510638,"test.EO_age":47.05882352941176,"test.EO_sex":8.333333333333332,"agg/test.recall_std":0,"agg/seed_std":0,"agg/val.val_score_mean":95.30100137890233,"val.SP_sex":7.051282051282054,"agg/fold_id_mean":0,"test.f1_score":39.534883720930225,"agg/test.EO_sex_std":0,"agg/val.SP_age_std":0,"val.roc_auc":63.322185061315494,"agg/best_epoch_mean":26,"_wandb":{"runtime":82},"agg/val.SP_sex_std":0,"test.SP_age":25.289575289575296,"test.SP_sex":1.370370370370369,"val.val_score_bestthr":98.09116777485505,"agg/test.accuracy_std":0,"_step":1,"agg/test.roc_auc_mean":61.62536443148687,"agg/val.roc_auc_mean":63.322185061315494,"agg/seed_mean":0,"fold":0,"agg/val.val_score_bestthr_std":0,"agg/val.accuracy_mean":69.35483870967742,"agg/val.EO_sex_mean":14.70588235294118,"agg/test.SP_age_std":0,"agg/test.roc_auc_std":0,"agg/val.EO_age_mean":66.66666666666667,"test.accuracy":66.23376623376623,"agg/val.f1_score_std":0,"val.EO_sex":14.70588235294118,"agg/val.val_score_bestthr_mean":98.09116777485505,"val.f1_score":59.57446808510638,"val.EO_age":66.66666666666667,"agg/test.EO_age_std":0,"test.roc_auc":61.62536443148687,"agg/val.accuracy_std":0,"seed":0,"agg/val.EO_sex_std":0,"_timestamp":1.76724942273559e+09,"agg/test.precision_mean":56.666666666666664,"agg/val.SP_sex_mean":7.051282051282054,"agg/test.f1_score_mean":39.534883720930225,"agg/best_epoch_std":0,"val.val_score":95.30100137890233,"_runtime":82.190910829,"agg/test.SP_sex_mean":1.370370370370369}