{"agg/test.EO_age_std":0,"agg/val.f1_score_mean":57.777777777777786,"agg/val.SP_sex_std":0,"seed":0,"val.accuracy":69.35483870967742,"_step":1,"agg/val.val_score_bestthr_std":0,"val.SP_age":27.77777777777778,"agg/test.roc_auc_std":0,"agg/best_epoch_mean":52,"test.f1_score":44,"agg/best_epoch_std":0,"test.EO_sex":12.5,"agg/val.accuracy_std":0,"val.val_score":97.35207350102988,"agg/test.SP_age_mean":23.873873873873876,"agg/test.EO_sex_mean":12.5,"agg/val.EO_sex_std":0,"agg/test.precision_mean":50,"val.EO_age":44.44444444444445,"agg/val.val_score_mean":97.35207350102988,"agg/test.accuracy_mean":63.63636363636363,"agg/seed_std":0,"test.SP_age":23.873873873873876,"_timestamp":1.76724164368153e+09,"_runtime":135.925667165,"test.recall":39.285714285714285,"agg/test.precision_std":0,"val.roc_auc":70.23411371237458,"agg/test.roc_auc_mean":56.63265306122449,"agg/fold_id_mean":0,"test.roc_auc":56.63265306122449,"agg/val.SP_sex_mean":8.11965811965812,"agg/val.SP_age_std":0,"agg/val.SP_age_mean":27.77777777777778,"agg/val.accuracy_mean":69.35483870967742,"val.val_score_bestthr":97.35207350102988,"agg/test.recall_mean":39.285714285714285,"agg/fold_id_std":0,"test.precision":50,"agg/val.EO_age_mean":44.44444444444445,"fold":0,"agg/val.EO_sex_mean":8.823529411764708,"agg/val.roc_auc_std":0,"_wandb":{"runtime":135},"agg/test.EO_age_mean":43.85026737967914,"agg/val.f1_score_std":0,"agg/val.val_score_std":0,"agg/test.EO_sex_std":0,"agg/seed_mean":0,"agg/test.accuracy_std":0,"agg/test.SP_sex_std":0,"agg/test.f1_score_std":0,"agg/test.recall_std":0,"val.f1_score":57.777777777777786,"val.EO_sex":8.823529411764708,"agg/test.SP_age_std":0,"agg/val.EO_age_std":0,"agg/test.f1_score_mean":44,"val.SP_sex":8.11965811965812,"test.EO_age":43.85026737967914,"test.SP_sex":6.925925925925927,"agg/val.val_score_bestthr_mean":97.35207350102988,"agg/test.SP_sex_mean":6.925925925925927,"test.accuracy":63.63636363636363,"agg/val.roc_auc_mean":70.23411371237458}