{"test.f1_score":52.054794520547944,"agg/val.SP_age_std":0,"agg/val.roc_auc_mean":69.00780379041248,"agg/test.best_f1_std":0,"test.roc_auc":59.019679300291536,"agg/val.EO_age_mean":50,"agg/val.roc_auc_std":0,"agg/val.EO_age_std":0,"fold":0,"val.val_score":100.55769854253171,"val.f1_score":64.15094339622641,"agg/fold_id_mean":0,"agg/test.best_accuracy_mean":60.3896103896104,"agg/val.SP_age_mean":23.61111111111111,"_runtime":57.734456148,"agg/val.SP_sex_mean":3.8461538461538436,"agg/test.accuracy_mean":54.54545454545454,"agg/test.SP_age_mean":35.521235521235525,"agg/test.val_score_mean":79.66384067848209,"agg/val.EO_sex_mean":9.80392156862745,"agg/seed_mean":0,"agg/test.EO_age_std":0,"agg/val.EO_sex_std":0,"_step":1,"agg/test.SP_sex_mean":10.14814814814815,"agg/val.val_score_bestthr_mean":100.55769854253171,"seed":0,"agg/test.best_thr_f1_mean":0.5249999999999999,"agg/val.f1_score_mean":64.15094339622641,"agg/test.recall_mean":67.85714285714286,"agg/test.f1_score_mean":52.054794520547944,"agg/test.best_thr_f1_std":0,"agg/val.accuracy_std":0,"agg/val.val_score_mean":100.55769854253171,"agg/test.EO_sex_mean":8.333333333333337,"agg/test.EO_sex_std":0,"agg/test.precision_mean":42.22222222222222,"agg/test.val_score_bestthr_mean":86.75803315729787,"agg/best_epoch_mean":17,"agg/val.SP_sex_std":0,"val.accuracy":69.35483870967742,"agg/seed_std":0,"agg/val.val_score_bestthr_std":0,"_wandb":{"runtime":57},"agg/best_epoch_std":0,"agg/test.precision_std":0,"agg/test.f1_score_std":0,"agg/val.val_score_std":0,"agg/val.f1_score_std":0,"agg/test.roc_auc_mean":59.019679300291536,"agg/val.accuracy_mean":69.35483870967742,"val.val_score_bestthr":100.55769854253171,"agg/test.best_accuracy_std":0,"val.roc_auc":69.00780379041248,"agg/fold_id_std":0,"agg/test.SP_age_std":0,"agg/test.recall_std":0,"_timestamp":1.7670603786144483e+09,"agg/test.SP_sex_std":0,"agg/test.best_f1_mean":54.81481481481482,"test.accuracy":54.54545454545454,"agg/test.EO_age_mean":36.898395721925134,"agg/test.roc_auc_std":0,"agg/test.val_score_std":0,"agg/test.accuracy_std":0,"agg/test.val_score_bestthr_std":0}