{"agg/val.roc_auc_mean":66.88963210702342,"test.f1_score":41.75824175824175,"test.roc_auc":59.96720116618075,"agg/test.SP_age_std":0,"agg/val.roc_auc_std":0,"agg/val.accuracy_std":0,"agg/best_epoch_mean":24,"agg/val.val_score_mean":101.6640403266352,"val.EO_sex":26.470588235294112,"agg/val.EO_age_mean":66.66666666666667,"agg/seed_mean":0,"agg/test.EO_sex_mean":4.166666666666669,"agg/seed_std":0,"agg/test.recall_mean":33.92857142857143,"agg/test.EO_sex_std":0,"agg/test.f1_score_mean":41.75824175824175,"agg/val.EO_age_std":0,"agg/val.val_score_std":0,"agg/test.SP_age_mean":10.360360360360362,"seed":0,"agg/test.f1_score_std":0,"test.recall":33.92857142857143,"agg/test.EO_age_mean":27.27272727272727,"val.val_score_bestthr":101.6640403266352,"agg/fold_id_mean":0,"agg/val.accuracy_mean":70.96774193548387,"_timestamp":1.767237853745809e+09,"agg/val.EO_sex_mean":26.470588235294112,"agg/test.roc_auc_mean":59.96720116618075,"agg/test.precision_mean":54.285714285714285,"_step":1,"agg/best_epoch_std":0,"_runtime":120.280641216,"agg/test.recall_std":0,"agg/fold_id_std":0,"val.f1_score":63.99999999999999,"agg/test.SP_sex_mean":3.6296296296296298,"test.precision":54.285714285714285,"agg/val.SP_sex_mean":8.760683760683758,"agg/test.EO_age_std":0,"val.roc_auc":66.88963210702342,"val.val_score":101.6640403266352,"test.EO_age":27.27272727272727,"val.SP_age":28.47222222222222,"val.accuracy":70.96774193548387,"agg/val.EO_sex_std":0,"_wandb":{"runtime":120},"agg/test.accuracy_mean":65.5844155844156,"val.EO_age":66.66666666666667,"agg/test.SP_sex_std":0,"agg/val.SP_age_std":0,"agg/val.SP_age_mean":28.47222222222222,"agg/val.f1_score_mean":63.99999999999999,"val.SP_sex":8.760683760683758,"agg/test.roc_auc_std":0,"agg/test.accuracy_std":0,"agg/val.val_score_bestthr_std":0,"test.SP_sex":3.6296296296296298,"test.EO_sex":4.166666666666669,"fold":0,"test.SP_age":10.360360360360362,"agg/test.precision_std":0,"test.accuracy":65.5844155844156,"agg/val.SP_sex_std":0,"agg/val.val_score_bestthr_mean":101.6640403266352,"agg/val.f1_score_std":0}