{"agg/val.val_score_std":0,"agg/val.EO_age_mean":46.66666666666667,"agg/test.val_score_bestthr_std":0,"agg/val.EO_sex_mean":7.843137254901955,"agg/test.f1_score_mean":47.36842105263158,"agg/val.roc_auc_mean":63.43366778149387,"agg/test.best_accuracy_std":0,"agg/test.accuracy_mean":61.038961038961034,"agg/test.SP_sex_mean":3.8148148148148153,"agg/test.roc_auc_mean":62.955539358600575,"val.val_score_bestthr":100.53691368445102,"agg/val.SP_age_mean":27.77777777777778,"agg/test.f1_score_std":0,"agg/test.val_score_std":0,"val.accuracy":70.96774193548387,"agg/test.roc_auc_std":0,"agg/test.precision_mean":46.55172413793103,"agg/seed_mean":0,"agg/test.EO_sex_std":0,"agg/test.accuracy_std":0,"agg/val.val_score_mean":100.53691368445102,"agg/test.best_thr_f1_std":0,"agg/val.roc_auc_std":0,"val.roc_auc":63.43366778149387,"agg/seed_std":0,"agg/test.best_f1_mean":57.14285714285714,"test.f1_score":47.36842105263158,"agg/test.recall_mean":48.214285714285715,"agg/val.f1_score_std":0,"agg/val.accuracy_mean":70.96774193548387,"agg/val.val_score_bestthr_mean":100.53691368445102,"_timestamp":1.7670615558906524e+09,"agg/best_epoch_mean":23,"test.accuracy":61.038961038961034,"_step":1,"agg/val.EO_sex_std":0,"agg/test.EO_sex_mean":16.666666666666668,"agg/fold_id_mean":0,"agg/val.accuracy_std":0,"agg/test.val_score_mean":83.62518818082286,"agg/val.SP_age_std":0,"seed":0,"agg/test.recall_std":0,"agg/test.EO_age_mean":46.524064171122994,"agg/test.precision_std":0,"agg/val.f1_score_mean":60.86956521739131,"agg/test.best_f1_std":0,"fold":0,"agg/test.best_thr_f1_mean":0.42499999999999993,"agg/test.best_accuracy_mean":53.246753246753244,"_runtime":71.886841224,"agg/test.SP_sex_std":0,"agg/val.SP_sex_std":0,"val.f1_score":60.86956521739131,"_wandb":{"runtime":71},"agg/test.EO_age_std":0,"agg/val.SP_sex_mean":4.273504273504275,"val.val_score":100.53691368445102,"agg/best_epoch_std":0,"agg/val.EO_age_std":0,"agg/test.val_score_bestthr_mean":81.0976702600232,"agg/fold_id_std":0,"test.roc_auc":62.955539358600575,"agg/test.SP_age_mean":42.7927927927928,"agg/test.SP_age_std":0,"agg/val.val_score_bestthr_std":0}