{"agg/test.EO_age_std":0,"agg/val.roc_auc_std":0,"agg/val.val_score_bestthr_mean":90.24173109177995,"agg/val.SP_sex_std":0,"agg/test.roc_auc_mean":60.349854227405245,"agg/test.SP_sex_std":0,"agg/test.SP_sex_mean":4.148148148148145,"agg/test.best_accuracy_mean":46.75324675324675,"agg/test.EO_age_mean":43.31550802139038,"agg/test.best_thr_f1_mean":0.39499999999999996,"agg/test.val_score_std":0,"_step":1,"agg/val.accuracy_mean":69.35483870967742,"agg/seed_mean":0,"agg/test.best_accuracy_std":0,"agg/val.val_score_mean":98.45409512528241,"_timestamp":1.7670602157273176e+09,"agg/val.SP_age_std":0,"agg/test.val_score_bestthr_mean":74.40872936787548,"agg/seed_std":0,"agg/val.EO_sex_std":0,"agg/test.roc_auc_std":0,"agg/best_epoch_std":0,"test.roc_auc":60.349854227405245,"agg/test.recall_mean":51.78571428571429,"agg/test.accuracy_mean":55.84415584415584,"agg/test.SP_age_mean":28.50707850707851,"agg/val.SP_sex_mean":13.675213675213671,"agg/val.EO_age_std":0,"agg/val.accuracy_std":0,"val.f1_score":59.57446808510638,"agg/val.f1_score_mean":59.57446808510638,"agg/test.EO_sex_mean":27.083333333333332,"_wandb":{"runtime":55},"_runtime":55.023385097,"agg/test.precision_std":0,"test.f1_score":46.03174603174604,"agg/fold_id_mean":0,"agg/test.EO_sex_std":0,"val.roc_auc":72.35228539576364,"val.accuracy":69.35483870967742,"agg/val.f1_score_std":0,"seed":0,"agg/test.recall_std":0,"agg/test.precision_mean":41.42857142857143,"fold":0,"agg/best_epoch_mean":14,"agg/val.EO_sex_mean":14.70588235294118,"agg/test.f1_score_mean":46.03174603174604,"agg/test.val_score_bestthr_std":0,"agg/test.best_f1_std":0,"agg/test.accuracy_std":0,"agg/val.val_score_std":0,"agg/test.f1_score_std":0,"agg/val.EO_age_mean":30.000000000000004,"agg/test.SP_age_std":0,"agg/test.val_score_mean":77.82948817992936,"agg/test.best_f1_mean":55.91397849462365,"agg/fold_id_std":0,"agg/val.roc_auc_mean":72.35228539576364,"val.val_score_bestthr":90.24173109177995,"test.accuracy":55.84415584415584,"val.val_score":98.45409512528241,"agg/val.val_score_bestthr_std":0,"agg/test.best_thr_f1_std":0,"agg/val.SP_age_mean":10.416666666666668}