{"agg/val.accuracy_mean":70.96774193548387,"agg/test.accuracy_mean":59.74025974025974,"test.roc_auc":64.12172011661808,"agg/test.SP_age_std":0,"_step":1,"fold":0,"agg/best_epoch_mean":23,"agg/val.SP_sex_mean":15.384615384615385,"agg/val.f1_score_std":0,"agg/test.precision_mean":45.94594594594595,"agg/val.EO_age_mean":50,"agg/test.best_accuracy_mean":58.44155844155844,"agg/test.val_score_bestthr_std":0,"agg/val.accuracy_std":0,"agg/seed_std":0,"_runtime":48.59207513,"val.accuracy":70.96774193548387,"agg/val.val_score_mean":101.82002323261811,"agg/fold_id_std":0,"agg/test.SP_age_mean":15.958815958815965,"agg/fold_id_mean":0,"agg/test.best_thr_f1_mean":0.37999999999999995,"agg/val.EO_sex_mean":26.470588235294112,"agg/best_epoch_std":0,"agg/test.precision_std":0,"seed":0,"agg/val.SP_age_std":0,"agg/val.EO_age_std":0,"agg/test.EO_age_std":0,"_timestamp":1.76705829076933e+09,"agg/test.best_thr_f1_std":0,"agg/val.val_score_bestthr_std":0,"agg/val.SP_sex_std":0,"agg/test.f1_score_std":0,"val.f1_score":63.99999999999999,"agg/test.val_score_mean":85.17361656596951,"agg/test.best_f1_mean":57.333333333333336,"test.f1_score":52.307692307692314,"agg/test.roc_auc_std":0,"agg/val.EO_sex_std":0,"agg/val.roc_auc_std":0,"agg/test.EO_sex_std":0,"agg/val.val_score_bestthr_mean":101.82002323261811,"agg/test.recall_std":0,"agg/val.f1_score_mean":63.99999999999999,"agg/test.EO_age_mean":31.01604278074866,"val.roc_auc":64.54849498327759,"agg/test.best_accuracy_std":0,"agg/test.roc_auc_mean":64.12172011661808,"agg/test.f1_score_mean":52.307692307692314,"agg/test.EO_sex_mean":16.666666666666664,"agg/seed_mean":0,"agg/val.SP_age_mean":22.916666666666668,"agg/test.recall_mean":60.71428571428571,"agg/test.SP_sex_std":0,"agg/test.val_score_std":0,"agg/val.val_score_std":0,"agg/test.SP_sex_mean":8.407407407407408,"agg/val.roc_auc_mean":64.54849498327759,"test.accuracy":59.74025974025974,"_wandb":{"runtime":48},"agg/test.val_score_bestthr_mean":86.50615573304957,"agg/test.accuracy_std":0,"agg/test.best_f1_std":0}