{"agg/val.EO_age_mean":66.66666666666667,"agg/test.f1_score_std":0,"agg/best_epoch_std":0,"agg/test.recall_mean":64.28571428571429,"agg/test.SP_sex_mean":6.000000000000005,"agg/val.EO_sex_mean":20.588235294117652,"agg/test.precision_mean":43.373493975903614,"agg/seed_mean":0,"agg/test.EO_age_mean":31.01604278074866,"val.accuracy":70.96774193548387,"agg/test.best_f1_std":0,"agg/test.accuracy_std":0,"agg/test.best_accuracy_mean":51.298701298701296,"agg/test.roc_auc_mean":61.16982507288628,"agg/val.val_score_std":0,"agg/test.SP_sex_std":0,"agg/test.accuracy_mean":56.493506493506494,"val.roc_auc":67.44704570791528,"agg/test.best_thr_f1_mean":0.38499999999999995,"agg/test.val_score_bestthr_mean":78.23683742774443,"agg/best_epoch_mean":23,"test.roc_auc":61.16982507288628,"agg/val.EO_sex_std":0,"agg/test.roc_auc_std":0,"agg/val.accuracy_mean":70.96774193548387,"agg/val.EO_age_std":0,"agg/val.val_score_bestthr_std":0,"agg/test.val_score_mean":81.70135894497088,"agg/val.SP_age_std":0,"agg/test.EO_sex_mean":12.5,"val.f1_score":62.500000000000014,"agg/test.best_thr_f1_std":0,"agg/val.SP_sex_std":0,"agg/test.val_score_std":0,"agg/val.SP_age_mean":22.22222222222222,"agg/test.EO_age_std":0,"agg/val.f1_score_mean":62.500000000000014,"agg/val.roc_auc_mean":67.44704570791528,"agg/test.precision_std":0,"agg/test.recall_std":0,"_timestamp":1.767058062102551e+09,"agg/test.EO_sex_std":0,"seed":0,"fold":0,"agg/test.f1_score_mean":51.79856115107915,"agg/val.val_score_bestthr_mean":101.94876254885743,"agg/seed_std":0,"agg/val.f1_score_std":0,"test.f1_score":51.79856115107915,"agg/test.best_f1_mean":55.089820359281426,"agg/fold_id_std":0,"agg/val.SP_sex_mean":9.829059829059828,"_runtime":49.994008601,"agg/fold_id_mean":0,"agg/val.accuracy_std":0,"agg/test.SP_age_std":0,"test.accuracy":56.493506493506494,"_wandb":{"runtime":49},"_step":1,"agg/test.SP_age_mean":19.62676962676963,"agg/test.best_accuracy_std":0,"agg/test.val_score_bestthr_std":0,"agg/val.val_score_mean":101.02468009536321,"agg/val.roc_auc_std":0}