{"agg/val.EO_sex_mean":18.627450980392158,"val.val_score_bestthr":101.99621101542354,"agg/test.EO_age_mean":41.17647058823529,"agg/test.accuracy_std":0,"agg/val.val_score_bestthr_mean":101.99621101542354,"agg/seed_mean":0,"_timestamp":1.7672339993233228e+09,"agg/test.SP_age_std":0,"_wandb":{"runtime":64},"val.accuracy":70.96774193548387,"agg/test.f1_score_mean":37.9746835443038,"test.accuracy":68.18181818181817,"agg/best_epoch_mean":40,"agg/test.EO_age_std":0,"agg/val.EO_age_mean":38.888888888888886,"val.SP_age":37.5,"agg/test.SP_age_mean":23.84737678855326,"agg/val.roc_auc_std":0,"val.val_score":89.22195056682722,"agg/fold_id_std":0,"agg/test.roc_auc_mean":57.817055393586,"agg/best_epoch_std":0,"val.f1_score":63.99999999999999,"agg/test.accuracy_mean":68.18181818181817,"val.SP_sex":2.1367521367521345,"test.EO_age":41.17647058823529,"val.EO_sex":18.627450980392158,"_runtime":64.95371235,"agg/val.EO_sex_std":0,"agg/val.val_score_bestthr_std":0,"test.f1_score":37.9746835443038,"val.EO_age":38.888888888888886,"agg/val.SP_sex_std":0,"fold":0,"agg/test.recall_mean":26.785714285714285,"agg/val.roc_auc_mean":72.68673355629878,"agg/test.roc_auc_std":0,"agg/test.f1_score_std":0,"agg/test.recall_std":0,"agg/test.SP_sex_std":0,"agg/val.SP_age_std":0,"test.SP_sex":2.6666666666666643,"agg/val.accuracy_mean":70.96774193548387,"agg/seed_std":0,"test.roc_auc":57.817055393586,"agg/val.accuracy_std":0,"agg/val.SP_sex_mean":2.1367521367521345,"agg/val.val_score_mean":89.22195056682722,"test.SP_age":23.84737678855326,"test.recall":26.785714285714285,"agg/val.EO_age_std":0,"agg/val.f1_score_mean":63.99999999999999,"agg/test.EO_sex_mean":12.5,"test.precision":65.21739130434783,"test.EO_sex":12.5,"agg/test.EO_sex_std":0,"agg/test.precision_std":0,"val.roc_auc":72.68673355629878,"seed":0,"agg/test.precision_mean":65.21739130434783,"_step":1,"agg/val.SP_age_mean":37.5,"agg/fold_id_mean":0,"agg/val.val_score_std":0,"agg/val.f1_score_std":0,"agg/test.SP_sex_mean":2.6666666666666643}