{"val.f1_score":56.52173913043478,"_step":1,"agg/val.SP_age_mean":22.22222222222222,"val.EO_sex":8.823529411764708,"agg/val.val_score_mean":94.98294582334677,"agg/val.f1_score_mean":56.52173913043478,"agg/val.EO_age_std":0,"agg/test.precision_std":0,"agg/val.SP_age_std":0,"agg/val.roc_auc_std":0,"seed":0,"val.EO_age":66.66666666666667,"test.SP_sex":0.5185185185185182,"test.precision":60.71428571428571,"agg/val.EO_sex_std":0,"agg/val.SP_sex_mean":4.273504273504275,"agg/test.f1_score_std":0,"_runtime":83.270164939,"val.SP_sex":4.273504273504275,"agg/best_epoch_mean":26,"agg/test.SP_sex_std":0,"val.accuracy":67.74193548387096,"_wandb":{"runtime":83},"agg/test.precision_mean":60.71428571428571,"val.roc_auc":64.43701226309922,"agg/test.SP_age_std":0,"agg/test.roc_auc_mean":62.937317784256564,"val.SP_age":22.22222222222222,"agg/test.recall_std":0,"agg/val.roc_auc_mean":64.43701226309922,"agg/fold_id_std":0,"agg/test.EO_sex_std":0,"agg/best_epoch_std":0,"agg/val.val_score_bestthr_mean":94.98294582334677,"agg/val.accuracy_std":0,"test.roc_auc":62.937317784256564,"agg/val.val_score_bestthr_std":0,"test.recall":30.357142857142854,"agg/test.SP_age_mean":19.884169884169886,"agg/seed_mean":0,"agg/test.f1_score_mean":40.476190476190474,"agg/seed_std":0,"val.val_score":94.98294582334677,"agg/val.EO_age_mean":66.66666666666667,"test.SP_age":19.884169884169886,"agg/val.SP_sex_std":0,"agg/val.accuracy_mean":67.74193548387096,"agg/val.val_score_std":0,"agg/test.EO_sex_mean":8.333333333333332,"agg/test.EO_age_mean":52.94117647058824,"agg/test.EO_age_std":0,"test.EO_age":52.94117647058824,"agg/test.accuracy_mean":67.53246753246754,"agg/test.accuracy_std":0,"test.accuracy":67.53246753246754,"agg/fold_id_mean":0,"agg/test.SP_sex_mean":0.5185185185185182,"test.EO_sex":8.333333333333332,"test.f1_score":40.476190476190474,"agg/test.roc_auc_std":0,"val.val_score_bestthr":94.98294582334677,"fold":0,"_timestamp":1.7672443931226788e+09,"agg/val.EO_sex_mean":8.823529411764708,"agg/test.recall_mean":30.357142857142854,"agg/val.f1_score_std":0}