{"_step":1,"seed":0,"test.recall":39.285714285714285,"agg/test.recall_std":0,"_runtime":89.921841983,"agg/test.SP_sex_std":0,"agg/val.val_score_mean":97.10357449845115,"val.val_score":97.10357449845115,"agg/test.EO_sex_mean":27.083333333333332,"test.SP_sex":1.7777777777777781,"agg/val.roc_auc_mean":65.10590858416944,"agg/val.SP_sex_mean":2.1367521367521345,"agg/test.precision_std":0,"agg/val.SP_age_std":0,"test.EO_sex":27.083333333333332,"agg/test.SP_age_std":0,"agg/val.accuracy_std":0,"agg/val.roc_auc_std":0,"agg/test.f1_score_mean":45.36082474226804,"val.roc_auc":65.10590858416944,"agg/seed_mean":0,"val.val_score_bestthr":97.10357449845115,"agg/test.roc_auc_mean":58.29081632653062,"test.precision":53.65853658536586,"agg/test.roc_auc_std":0,"_timestamp":1.7672379512917721e+09,"agg/best_epoch_mean":31,"agg/val.val_score_std":0,"test.EO_age":28.87700534759358,"agg/val.val_score_bestthr_std":0,"test.f1_score":45.36082474226804,"agg/fold_id_std":0,"test.accuracy":65.5844155844156,"agg/val.SP_sex_std":0,"agg/seed_std":0,"fold":0,"val.f1_score":60,"agg/test.SP_sex_mean":1.7777777777777781,"agg/val.SP_age_mean":11.11111111111111,"agg/test.recall_mean":39.285714285714285,"agg/test.EO_age_std":0,"test.roc_auc":58.29081632653062,"agg/test.precision_mean":53.65853658536586,"agg/best_epoch_std":0,"agg/val.EO_sex_std":0,"agg/test.EO_age_mean":28.87700534759358,"agg/test.SP_age_mean":18.468468468468473,"agg/val.EO_sex_mean":20.588235294117652,"val.SP_age":11.11111111111111,"agg/val.EO_age_mean":30.000000000000004,"agg/val.val_score_bestthr_mean":97.10357449845115,"agg/val.accuracy_mean":67.74193548387096,"test.SP_age":18.468468468468473,"agg/test.f1_score_std":0,"val.EO_age":30.000000000000004,"_wandb":{"runtime":89},"agg/val.f1_score_mean":60,"agg/test.accuracy_mean":65.5844155844156,"agg/val.f1_score_std":0,"agg/val.EO_age_std":0,"agg/fold_id_mean":0,"val.EO_sex":20.588235294117652,"agg/test.EO_sex_std":0,"val.SP_sex":2.1367521367521345,"agg/test.accuracy_std":0,"val.accuracy":67.74193548387096}