{"agg/test.best_f1_mean":55.319148936170215,"agg/test.best_thr_f1_std":0,"_timestamp":1.7670795654542727e+09,"agg/test.f1_score_std":0,"agg/val.accuracy_std":0,"agg/val.val_score_mean":109.5678568160101,"agg/test.EO_sex_std":0,"_step":1,"agg/test.EO_sex_mean":27.083333333333336,"agg/test.accuracy_mean":60.3896103896104,"agg/best_epoch_mean":41,"agg/val.val_score_bestthr_std":0,"agg/test.val_score_std":0,"agg/seed_mean":0,"seed":0,"agg/test.recall_mean":64.28571428571429,"val.roc_auc":73.13266443701227,"agg/val.f1_score_std":0,"agg/fold_id_mean":0,"agg/test.best_accuracy_mean":59.09090909090909,"agg/test.SP_sex_std":0,"agg/test.val_score_mean":86.4563144014305,"agg/test.EO_age_mean":31.01604278074866,"agg/val.roc_auc_mean":73.13266443701227,"agg/val.roc_auc_std":0,"agg/val.val_score_std":0,"val.f1_score":69.3877551020408,"_runtime":75.814574244,"fold":0,"agg/seed_std":0,"agg/val.SP_age_mean":40.97222222222222,"agg/test.f1_score_mean":54.13533834586466,"agg/test.roc_auc_std":0,"agg/val.EO_age_mean":38.888888888888886,"agg/val.accuracy_mean":75.80645161290323,"agg/val.EO_age_std":0,"agg/test.best_accuracy_std":0,"agg/test.accuracy_std":0,"agg/test.best_f1_std":0,"agg/test.precision_mean":46.75324675324675,"agg/val.f1_score_mean":69.3877551020408,"agg/test.val_score_bestthr_mean":85.96611093388628,"agg/test.val_score_bestthr_std":0,"agg/test.precision_std":0,"test.roc_auc":60.969387755102034,"agg/test.best_thr_f1_mean":0.4699999999999999,"agg/val.SP_sex_mean":0.6410256410256387,"agg/val.EO_sex_std":0,"_wandb":{"runtime":75},"agg/best_epoch_std":0,"val.accuracy":75.80645161290323,"agg/test.SP_sex_mean":5.703703703703705,"agg/test.recall_std":0,"agg/test.SP_age_mean":36.2934362934363,"agg/test.SP_age_std":0,"test.accuracy":60.3896103896104,"agg/val.SP_age_std":0,"agg/test.EO_age_std":0,"agg/val.EO_sex_mean":12.745098039215685,"val.val_score":109.5678568160101,"test.f1_score":54.13533834586466,"agg/fold_id_std":0,"agg/val.SP_sex_std":0,"agg/val.val_score_bestthr_mean":109.5678568160101,"agg/test.roc_auc_mean":60.969387755102034}