{"agg/fold_id_mean":0,"test.f1_score":51.94805194805194,"agg/test.val_score_mean":77.30049025725495,"agg/test.best_f1_mean":53.65853658536586,"val.accuracy":70.96774193548387,"agg/test.EO_sex_std":0,"agg/test.accuracy_mean":51.94805194805194,"val.roc_auc":70.79152731326643,"agg/test.recall_std":0,"agg/test.best_accuracy_mean":38.311688311688314,"fold":0,"agg/test.best_accuracy_std":0,"agg/val.EO_sex_std":0,"val.f1_score":65.38461538461539,"agg/test.f1_score_std":0,"agg/test.precision_std":0,"agg/test.val_score_bestthr_std":0,"agg/seed_mean":0,"agg/val.val_score_bestthr_mean":98.07576541749053,"agg/val.f1_score_std":0,"_step":1,"agg/val.SP_age_std":0,"agg/val.EO_age_mean":66.66666666666667,"val.val_score":102.18320825021489,"agg/val.accuracy_std":0,"agg/fold_id_std":0,"agg/val.SP_age_mean":40.97222222222222,"agg/val.roc_auc_mean":70.79152731326643,"_timestamp":1.767080817687965e+09,"_runtime":101.639586926,"agg/val.val_score_bestthr_std":0,"agg/test.SP_age_mean":20.59202059202059,"agg/test.EO_age_mean":27.807486631016044,"agg/val.SP_sex_mean":7.6923076923076925,"agg/test.accuracy_std":0,"agg/val.roc_auc_std":0,"agg/test.SP_age_std":0,"agg/test.best_thr_f1_std":0,"agg/test.SP_sex_mean":9.592592592592597,"agg/val.val_score_std":0,"agg/best_epoch_std":0,"agg/test.val_score_bestthr_mean":64.9305060908325,"test.roc_auc":60.05830903790087,"seed":0,"agg/test.SP_sex_std":0,"agg/seed_std":0,"agg/val.SP_sex_std":0,"agg/val.val_score_mean":102.18320825021489,"agg/test.precision_mean":40.816326530612244,"agg/test.f1_score_mean":51.94805194805194,"agg/test.EO_sex_mean":4.1666666666666625,"agg/test.roc_auc_mean":60.05830903790087,"test.accuracy":51.94805194805194,"agg/test.roc_auc_std":0,"agg/val.f1_score_mean":65.38461538461539,"agg/test.val_score_std":0,"agg/best_epoch_mean":27,"_wandb":{"runtime":101},"agg/val.accuracy_mean":70.96774193548387,"agg/test.recall_mean":71.42857142857143,"agg/test.best_f1_std":0,"agg/val.EO_sex_mean":32.35294117647059,"agg/test.EO_age_std":0,"agg/test.best_thr_f1_mean":0.36499999999999994,"agg/val.EO_age_std":0}