{"test.EO_sex":4.166666666666669,"test.recall":28.57142857142857,"agg/best_epoch_std":0,"agg/test.SP_sex_mean":2.3333333333333344,"agg/test.SP_sex_std":0,"agg/val.roc_auc_std":0,"test.SP_sex":2.3333333333333344,"val.val_score":100.07830730307012,"val.EO_sex":36.274509803921575,"agg/test.EO_age_mean":47.05882352941176,"fold":0,"agg/val.accuracy_mean":72.58064516129032,"val.SP_age":21.52777777777778,"agg/val.accuracy_std":0,"seed":0,"val.val_score_bestthr":101.76509495492273,"agg/val.val_score_bestthr_std":0,"val.f1_score":60.46511627906976,"agg/val.f1_score_std":0,"test.precision":57.14285714285714,"_timestamp":1.767235207846989e+09,"agg/test.accuracy_std":0,"agg/test.accuracy_mean":66.23376623376623,"agg/best_epoch_mean":23,"agg/test.SP_age_mean":30.373230373230374,"agg/fold_id_mean":0,"agg/test.precision_std":0,"agg/test.f1_score_std":0,"agg/seed_std":0,"agg/test.recall_std":0,"agg/val.SP_sex_std":0,"agg/test.EO_sex_mean":4.166666666666669,"agg/test.precision_mean":57.14285714285714,"test.roc_auc":55.64868804664723,"val.EO_age":44.44444444444445,"agg/val.EO_sex_std":0,"agg/test.EO_age_std":0,"agg/seed_mean":0,"val.SP_sex":2.5641025641025603,"agg/test.roc_auc_mean":55.64868804664723,"agg/val.SP_age_mean":21.52777777777778,"agg/val.EO_age_mean":44.44444444444445,"agg/test.EO_sex_std":0,"agg/val.val_score_mean":100.07830730307012,"agg/val.EO_sex_mean":36.274509803921575,"test.EO_age":47.05882352941176,"agg/test.recall_mean":28.57142857142857,"agg/val.val_score_bestthr_mean":101.76509495492273,"agg/val.roc_auc_mean":69.23076923076923,"agg/test.f1_score_mean":38.095238095238095,"_runtime":96.391134139,"test.f1_score":38.095238095238095,"_step":1,"agg/fold_id_std":0,"test.accuracy":66.23376623376623,"agg/val.SP_sex_mean":2.5641025641025603,"agg/val.EO_age_std":0,"agg/val.SP_age_std":0,"agg/val.f1_score_mean":60.46511627906976,"val.roc_auc":69.23076923076923,"agg/test.roc_auc_std":0,"agg/val.val_score_std":0,"val.accuracy":72.58064516129032,"agg/test.SP_age_std":0,"test.SP_age":30.373230373230374,"_wandb":{"runtime":96}}