{"_runtime":115.26098542,"agg/val.roc_auc_mean":69.00780379041248,"agg/test.val_score_std":0,"agg/test.recall_mean":48.214285714285715,"agg/test.val_score_bestthr_mean":86.63893185010832,"agg/val.f1_score_std":0,"agg/seed_std":0,"fold":0,"agg/test.val_score_bestthr_std":0,"agg/test.SP_sex_mean":0.666666666666671,"_timestamp":1.767081498640644e+09,"agg/test.best_thr_f1_std":0,"test.f1_score":50,"agg/val.EO_sex_std":0,"agg/test.SP_age_std":0,"agg/test.accuracy_mean":64.93506493506493,"agg/val.roc_auc_std":0,"agg/test.precision_std":0,"agg/val.EO_age_mean":55.55555555555556,"agg/val.val_score_std":0,"_step":1,"_wandb":{"runtime":115},"agg/val.val_score_bestthr_mean":110.30095648869369,"agg/test.best_accuracy_std":0,"agg/test.best_f1_mean":54.81481481481482,"agg/test.EO_sex_std":0,"agg/val.EO_sex_mean":24.50980392156863,"agg/fold_id_std":0,"agg/test.best_accuracy_mean":60.3896103896104,"agg/val.accuracy_std":0,"agg/test.SP_age_mean":42.7927927927928,"agg/val.val_score_mean":107.98389630873028,"test.roc_auc":62.572886297376094,"agg/test.recall_std":0,"agg/test.roc_auc_std":0,"agg/test.EO_age_mean":61.49732620320856,"agg/val.val_score_bestthr_std":0,"val.accuracy":75.80645161290323,"agg/test.SP_sex_std":0,"agg/test.EO_age_std":0,"agg/test.f1_score_std":0,"agg/val.SP_age_std":0,"agg/test.best_f1_std":0,"test.accuracy":64.93506493506493,"agg/test.best_thr_f1_mean":0.4749999999999999,"agg/test.EO_sex_mean":16.666666666666668,"agg/val.accuracy_mean":75.80645161290323,"agg/best_epoch_std":0,"agg/test.f1_score_mean":50,"agg/val.f1_score_mean":66.66666666666666,"val.val_score":107.98389630873028,"val.roc_auc":69.00780379041248,"agg/val.SP_sex_mean":1.495726495726496,"val.f1_score":66.66666666666666,"agg/val.SP_age_mean":34.02777777777778,"agg/fold_id_mean":0,"seed":0,"agg/val.EO_age_std":0,"agg/val.SP_sex_std":0,"agg/best_epoch_mean":21,"agg/test.accuracy_std":0,"agg/test.val_score_mean":88.71883041177158,"agg/test.roc_auc_mean":62.572886297376094,"agg/seed_mean":0,"agg/test.precision_mean":51.92307692307693}