{"test.roc_auc":56.88775510204081,"test.f1_score":44.89795918367347,"val.roc_auc":65.66332218506132,"test.accuracy":64.93506493506493,"agg/test.accuracy_mean":64.93506493506493,"agg/val.val_score_bestthr_mean":96.5806942874482,"val.SP_sex":4.059829059829056,"agg/test.f1_score_mean":44.89795918367347,"agg/test.EO_age_std":0,"_wandb":{"runtime":161},"test.SP_age":25.933075933075934,"_timestamp":1.7672318109880686e+09,"_runtime":161.381177512,"agg/val.f1_score_std":0,"agg/val.accuracy_std":0,"agg/test.recall_mean":39.285714285714285,"val.EO_age":33.33333333333333,"agg/test.SP_sex_mean":2.074074074074078,"agg/test.EO_sex_mean":27.083333333333332,"test.precision":52.38095238095239,"_step":1,"agg/seed_std":0,"agg/val.val_score_bestthr_std":0,"test.recall":39.285714285714285,"agg/val.SP_age_std":0,"agg/val.EO_age_mean":33.33333333333333,"agg/val.SP_sex_std":0,"agg/val.roc_auc_mean":65.66332218506132,"agg/best_epoch_std":0,"test.EO_age":34.75935828877005,"agg/val.EO_sex_mean":2.941176470588236,"agg/test.recall_std":0,"seed":0,"val.SP_age":27.77777777777778,"agg/fold_id_std":0,"test.EO_sex":27.083333333333332,"val.val_score":95.45811404107327,"agg/test.precision_std":0,"agg/val.roc_auc_std":0,"agg/val.EO_sex_std":0,"agg/seed_mean":0,"agg/val.SP_age_mean":27.77777777777778,"agg/val.EO_age_std":0,"agg/test.roc_auc_mean":56.88775510204081,"agg/test.EO_age_mean":34.75935828877005,"val.f1_score":55.81395348837209,"agg/val.val_score_mean":95.45811404107327,"agg/val.val_score_std":0,"agg/test.SP_age_mean":25.933075933075934,"agg/fold_id_mean":0,"agg/test.roc_auc_std":0,"val.EO_sex":2.941176470588236,"agg/val.accuracy_mean":69.35483870967742,"fold":0,"agg/test.precision_mean":52.38095238095239,"agg/best_epoch_mean":32,"agg/test.SP_sex_std":0,"val.val_score_bestthr":96.5806942874482,"test.SP_sex":2.074074074074078,"agg/test.SP_age_std":0,"agg/test.accuracy_std":0,"agg/val.SP_sex_mean":4.059829059829056,"agg/test.EO_sex_std":0,"val.accuracy":69.35483870967742,"agg/test.f1_score_std":0,"agg/val.f1_score_mean":55.81395348837209}