{"agg/seed_mean":0,"agg/val.EO_sex_mean":2.941176470588236,"agg/test.EO_age_std":0,"agg/test.precision_mean":52.94117647058824,"agg/val.roc_auc_mean":67.78149386845038,"agg/val.val_score_bestthr_std":0,"agg/test.recall_mean":48.214285714285715,"agg/seed_std":0,"agg/val.val_score_bestthr_mean":94.29048603462739,"test.f1_score":50.467289719626166,"fold":0,"val.accuracy":67.74193548387096,"agg/val.val_score_mean":92.18628565983879,"agg/val.SP_sex_std":0,"agg/val.EO_age_std":0,"agg/test.accuracy_mean":65.5844155844156,"agg/best_epoch_std":0,"agg/val.EO_age_mean":46.66666666666667,"agg/val.f1_score_std":0,"agg/test.f1_score_mean":50.467289719626166,"val.val_score":92.18628565983879,"_timestamp":1.7672350105304263e+09,"agg/test.SP_age_std":0,"test.EO_age":37.43315508021391,"agg/fold_id_std":0,"_wandb":{"runtime":65},"agg/best_epoch_mean":51,"agg/test.SP_sex_std":0,"agg/test.f1_score_std":0,"agg/fold_id_mean":0,"test.accuracy":65.5844155844156,"val.EO_age":46.66666666666667,"agg/test.EO_sex_mean":16.666666666666668,"val.SP_sex":1.282051282051283,"test.precision":52.94117647058824,"test.roc_auc":57.5801749271137,"val.roc_auc":67.78149386845038,"agg/val.SP_sex_mean":1.282051282051283,"val.f1_score":54.54545454545454,"test.SP_age":24.51737451737452,"agg/test.precision_std":0,"agg/test.recall_std":0,"agg/test.SP_age_mean":24.51737451737452,"val.SP_age":21.52777777777778,"test.EO_sex":16.666666666666668,"agg/val.accuracy_std":0,"test.SP_sex":5.37037037037037,"agg/val.SP_age_mean":21.52777777777778,"_step":1,"agg/test.roc_auc_mean":57.5801749271137,"agg/val.SP_age_std":0,"agg/val.roc_auc_std":0,"seed":0,"val.val_score_bestthr":94.29048603462739,"agg/val.EO_sex_std":0,"agg/val.val_score_std":0,"val.EO_sex":2.941176470588236,"test.recall":48.214285714285715,"agg/val.accuracy_mean":67.74193548387096,"agg/test.accuracy_std":0,"_runtime":65.129557488,"agg/test.EO_age_mean":37.43315508021391,"agg/test.SP_sex_mean":5.37037037037037,"agg/test.roc_auc_std":0,"agg/val.f1_score_mean":54.54545454545454,"agg/test.EO_sex_std":0}