{"agg/val.roc_auc_std":0,"agg/test.f1_score_mean":46.2962962962963,"agg/val.EO_age_mean":46.66666666666667,"agg/test.f1_score_std":0,"agg/fold_id_mean":0,"val.val_score":104.71578374977332,"test.accuracy":62.33766233766234,"agg/test.EO_sex_mean":6.25,"agg/test.SP_sex_std":0,"agg/test.recall_std":0,"agg/test.val_score_bestthr_mean":91.2697155843093,"val.f1_score":63.63636363636365,"agg/test.SP_age_std":0,"agg/val.accuracy_std":0,"agg/val.EO_sex_std":0,"agg/test.val_score_std":0,"agg/test.precision_std":0,"agg/seed_mean":0,"agg/test.EO_sex_std":0,"agg/test.best_thr_f1_std":0,"agg/val.roc_auc_mean":69.56521739130434,"agg/val.f1_score_mean":63.63636363636365,"agg/test.best_f1_mean":54.23728813559322,"agg/test.SP_age_mean":22.416534181240067,"agg/val.SP_age_std":0,"agg/best_epoch_mean":34,"agg/test.val_score_bestthr_std":0,"val.val_score_bestthr":101.83070699330187,"agg/val.val_score_std":0,"agg/val.accuracy_mean":74.19354838709677,"agg/test.val_score_mean":84.45986409824646,"agg/val.val_score_bestthr_std":0,"agg/val.EO_sex_mean":37.25490196078432,"agg/val.f1_score_std":0,"fold":0,"agg/test.best_accuracy_mean":64.93506493506493,"agg/test.accuracy_std":0,"agg/val.EO_age_std":0,"agg/test.EO_age_std":0,"_wandb":{"runtime":88},"agg/fold_id_std":0,"agg/test.accuracy_mean":62.33766233766234,"agg/test.roc_auc_mean":62.22667638483964,"agg/test.roc_auc_std":0,"_timestamp":1.7670600524520714e+09,"agg/test.best_f1_std":0,"agg/val.SP_age_mean":27.083333333333336,"agg/val.SP_sex_mean":18.58974358974359,"agg/val.val_score_bestthr_mean":101.83070699330187,"agg/test.EO_age_mean":64.70588235294117,"agg/test.best_accuracy_std":0,"agg/test.best_thr_f1_mean":0.27499999999999997,"agg/test.SP_sex_mean":9.222222222222221,"agg/test.precision_mean":48.07692307692308,"test.roc_auc":62.22667638483964,"agg/seed_std":0,"agg/val.val_score_mean":104.71578374977332,"val.roc_auc":69.56521739130434,"agg/best_epoch_std":0,"test.f1_score":46.2962962962963,"agg/test.recall_mean":44.642857142857146,"agg/val.SP_sex_std":0,"_runtime":88.811920206,"val.accuracy":74.19354838709677,"seed":0,"_step":1}