{"test.f1_score":46.464646464646464,"agg/val.val_score_mean":107.82951596684994,"agg/test.precision_std":0,"agg/test.best_thr_f1_std":0,"test.accuracy":65.5844155844156,"agg/test.f1_score_mean":46.464646464646464,"agg/val.SP_age_std":0,"agg/test.val_score_bestthr_mean":87.18854704781174,"agg/val.accuracy_std":0,"agg/test.EO_age_std":0,"val.f1_score":66.66666666666666,"fold":0,"agg/test.best_thr_f1_mean":0.43999999999999995,"seed":0,"agg/test.roc_auc_mean":62.7368804664723,"agg/val.roc_auc_std":0,"agg/val.EO_sex_mean":24.50980392156863,"agg/test.roc_auc_std":0,"agg/val.val_score_bestthr_std":0,"agg/test.SP_sex_std":0,"agg/val.SP_sex_std":0,"agg/test.best_f1_std":0,"_timestamp":1.7670734629393668e+09,"_step":1,"agg/test.EO_sex_std":0,"agg/best_epoch_std":0,"val.accuracy":75.80645161290323,"_wandb":{"runtime":62},"agg/val.f1_score_mean":66.66666666666666,"agg/test.accuracy_mean":65.5844155844156,"agg/best_epoch_mean":21,"agg/test.best_f1_mean":54.54545454545454,"agg/test.SP_age_mean":42.14929214929215,"agg/val.EO_age_std":0,"_runtime":62.371031916,"agg/test.accuracy_std":0,"agg/val.SP_age_mean":45.833333333333336,"agg/test.SP_age_std":0,"agg/test.recall_mean":41.07142857142857,"agg/test.best_accuracy_mean":61.038961038961034,"val.val_score":107.82951596684994,"agg/test.best_accuracy_std":0,"agg/val.EO_sex_std":0,"agg/val.roc_auc_mean":70.1226309921962,"agg/seed_std":0,"agg/test.recall_std":0,"agg/test.precision_mean":53.48837209302325,"agg/test.val_score_std":0,"agg/val.val_score_std":0,"agg/test.EO_sex_mean":25,"agg/seed_mean":0,"agg/test.val_score_bestthr_std":0,"agg/val.SP_sex_mean":5.128205128205132,"agg/val.accuracy_mean":75.80645161290323,"agg/val.val_score_bestthr_mean":107.82951596684994,"val.roc_auc":70.1226309921962,"agg/test.EO_age_mean":49.73262032085562,"agg/fold_id_std":0,"test.roc_auc":62.7368804664723,"agg/fold_id_mean":0,"agg/test.SP_sex_mean":3.0740740740740735,"agg/test.val_score_mean":87.6171789512966,"agg/test.f1_score_std":0,"agg/val.EO_age_mean":55.55555555555556,"agg/val.f1_score_std":0}