{"seed":0,"agg/test.val_score_bestthr_mean":75.0291287467758,"agg/val.val_score_bestthr_std":0,"agg/test.recall_std":0,"test.accuracy":61.038961038961034,"agg/val.SP_age_mean":20.833333333333336,"agg/val.roc_auc_std":0,"agg/test.roc_auc_mean":59.821428571428584,"agg/test.EO_age_mean":58.82352941176471,"agg/fold_id_mean":0,"agg/val.SP_age_std":0,"agg/best_epoch_std":0,"agg/val.val_score_std":0,"agg/fold_id_std":0,"_timestamp":1.7670596451920447e+09,"agg/test.f1_score_std":0,"test.roc_auc":59.821428571428584,"agg/test.best_accuracy_std":0,"agg/test.SP_age_mean":42.14929214929215,"agg/best_epoch_mean":14,"agg/val.f1_score_std":0,"agg/test.EO_sex_std":0,"_step":1,"agg/test.EO_sex_mean":2.0833333333333313,"test.f1_score":42.30769230769231,"agg/val.accuracy_std":0,"agg/test.val_score_mean":81.08150490312254,"agg/val.roc_auc_mean":65.21739130434783,"agg/val.EO_sex_mean":25.49019607843137,"agg/test.best_f1_std":0,"agg/seed_std":0,"agg/val.accuracy_mean":69.35483870967742,"agg/val.EO_age_mean":26.666666666666668,"agg/test.best_thr_f1_mean":0.4549999999999999,"agg/val.SP_sex_mean":3.6324786324786364,"agg/val.val_score_mean":95.41788025525125,"fold":0,"agg/test.best_f1_mean":56.21621621621621,"agg/test.f1_score_mean":42.30769230769231,"agg/test.val_score_bestthr_std":0,"agg/test.roc_auc_std":0,"agg/test.precision_std":0,"val.accuracy":69.35483870967742,"agg/test.recall_mean":39.285714285714285,"agg/test.SP_sex_std":0,"val.roc_auc":65.21739130434783,"agg/test.accuracy_std":0,"agg/test.best_accuracy_mean":47.4025974025974,"val.val_score":95.41788025525125,"val.val_score_bestthr":71.75541463713506,"agg/seed_mean":0,"agg/test.SP_age_std":0,"val.f1_score":53.65853658536586,"agg/val.f1_score_mean":53.65853658536586,"agg/test.precision_mean":45.83333333333333,"agg/val.EO_age_std":0,"agg/val.val_score_bestthr_mean":71.75541463713506,"_wandb":{"runtime":43},"agg/test.best_thr_f1_std":0,"agg/val.EO_sex_std":0,"agg/test.EO_age_std":0,"agg/val.SP_sex_std":0,"agg/test.accuracy_mean":61.038961038961034,"agg/test.val_score_std":0,"agg/test.SP_sex_mean":8.074074074074078,"_runtime":43.814991074}