{"agg/val.SP_age_std":7.417039626615598,"_timestamp":1.7673239560299754e+09,"agg/test.roc_auc_std":3.170577329088991,"agg/test.accuracy_mean":48.63254392666157,"agg/test.SP_age_mean":16.59205293644016,"val/SP_age":30.3921568627451,"agg/val.SP_sex_mean":13.461818393278074,"agg/val.accuracy_mean":54.83870967741935,"test/SP_sex":6.030701754385969,"agg/val.val_score_mean":86.95982531532078,"test/precision":37.142857142857146,"agg/val.EO_sex_std":4.875324280609996,"agg/val.val_score_std":7.363064917464926,"val/f1":61.53846153846153,"val/EO_age":33.333333333333336,"agg/test.EO_age_std":9.119778258163958,"val/acc":59.67741935483871,"agg/val.EO_age_mean":27.777777777777782,"test/recall":94.54545454545455,"agg/val.f1_score_mean":59.64555271782083,"test/auc":58.589981447124316,"agg/val.roc_auc_mean":61.248606465997774,"agg/val.accuracy_std":8.534681648595454,"val/SP_sex":6.609547123623017,"agg/test.EO_sex_std":6.860956883805335,"agg/fold_id_mean":2,"val/val_score":84.41056447677451,"agg/test.SP_sex_mean":7.2875158791262695,"agg/best_epoch_std":12.753038853543888,"seed":4,"_runtime":420.599901684,"agg/test.EO_sex_mean":12.330641821946168,"agg/test.precision_mean":40.963514073428705,"agg/test.SP_age_std":4.467534378413329,"test/acc":40.52287581699346,"agg/best_epoch_mean":58.6,"test/SP_age":14.102564102564097,"agg/val.val_score_bestthr_std":10.235319800572748,"_step":5,"agg/test.roc_auc_mean":59.439623231807126,"agg/test.recall_std":6.625528043760801,"agg/fold_id_std":1.4142135623730951,"agg/test.f1_score_mean":55.76451458840906,"agg/val.val_score_bestthr_mean":83.89440311211492,"test/f1":53.33333333333334,"agg/test.f1_score_std":1.7315229315626584,"test/EO_age":16.666666666666664,"agg/val.roc_auc_std":6.100702786379004,"agg/val.f1_score_std":3.756532003786855,"agg/test.accuracy_std":6.539432144697859,"fold":4,"test/EO_sex":7.14285714285714,"val/EO_sex":8.888888888888879,"agg/seed_std":1.4142135623730951,"agg/val.EO_sex_mean":10.432318541451666,"agg/test.EO_age_mean":17.377988025046847,"agg/val.EO_age_std":7.027283689263067,"agg/test.recall_mean":88.55194805194805,"agg/seed_mean":2,"agg/test.precision_std":3.0342731282776145,"agg/val.SP_age_mean":25.03637770897833,"agg/test.SP_sex_std":3.1507328502218583,"agg/val.SP_sex_std":10.39309923179877,"val/auc":62.095875139353396,"_wandb":{"runtime":420},"val/val_score_bestthr":89.65441086198358}