{"agg/val.accuracy_std":0,"agg/test.best_accuracy_mean":39.61038961038961,"agg/test.SP_age_mean":20.74721780604134,"agg/test.best_accuracy_std":0,"_runtime":72.786778055,"agg/test.val_score_mean":77.67072162187799,"agg/test.best_f1_mean":53.73134328358209,"agg/val.SP_age_std":0,"agg/test.accuracy_std":0,"agg/test.SP_age_std":0,"agg/val.SP_sex_std":0,"agg/test.val_score_std":0,"agg/val.f1_score_std":0,"agg/test.precision_std":0,"val.f1_score":63.99999999999999,"agg/val.EO_age_mean":50,"agg/test.f1_score_mean":48.92086330935252,"_timestamp":1.767073739711317e+09,"agg/test.roc_auc_std":0,"agg/test.SP_sex_std":0,"agg/test.recall_mean":60.71428571428571,"agg/test.EO_sex_mean":2.083333333333337,"agg/test.best_thr_f1_mean":0.12,"agg/val.EO_age_std":0,"test.f1_score":48.92086330935252,"agg/seed_mean":0,"agg/test.val_score_bestthr_mean":66.17362583356876,"agg/best_epoch_std":0,"agg/best_epoch_mean":42,"agg/test.best_f1_std":0,"agg/test.recall_std":0,"agg/test.EO_age_std":0,"agg/fold_id_mean":0,"agg/val.EO_sex_std":0,"agg/val.EO_sex_mean":26.470588235294112,"agg/test.roc_auc_mean":60.404518950437314,"agg/test.best_thr_f1_std":0,"agg/val.val_score_std":0,"agg/fold_id_std":0,"test.accuracy":53.896103896103895,"agg/test.SP_sex_mean":0.2962962962962945,"agg/val.f1_score_mean":63.99999999999999,"agg/test.f1_score_std":0,"_step":1,"agg/seed_std":0,"agg/test.accuracy_mean":53.896103896103895,"agg/test.EO_sex_std":0,"agg/val.SP_sex_mean":8.760683760683758,"val.val_score":101.83070699330187,"agg/test.precision_mean":40.963855421686745,"agg/val.roc_auc_std":0,"val.roc_auc":64.21404682274247,"agg/test.val_score_bestthr_std":0,"agg/val.roc_auc_mean":64.21404682274247,"test.roc_auc":60.404518950437314,"fold":0,"seed":0,"agg/val.val_score_mean":101.83070699330187,"_wandb":{"runtime":72},"agg/test.EO_age_mean":45.45454545454546,"agg/val.val_score_bestthr_mean":101.83070699330187,"val.accuracy":70.96774193548387,"agg/val.accuracy_mean":70.96774193548387,"agg/val.val_score_bestthr_std":0,"agg/val.SP_age_mean":28.47222222222222}