{"_wandb":{"runtime":53},"test.f1_score":44.44444444444445,"agg/best_epoch_mean":11,"agg/val.accuracy_mean":70.96774193548387,"test.accuracy":67.53246753246754,"agg/test.EO_sex_mean":2.0833333333333313,"agg/test.accuracy_std":0,"agg/test.recall_std":0,"agg/val.SP_sex_mean":0.8547008547008572,"test.recall":35.714285714285715,"val.EO_age":26.666666666666668,"test.roc_auc":62.75510204081633,"agg/test.roc_auc_std":0,"val.val_score_bestthr":97.72929296615256,"agg/val.val_score_bestthr_mean":97.72929296615256,"agg/test.SP_sex_std":0,"val.f1_score":55.00000000000001,"agg/val.EO_sex_mean":25.49019607843137,"test.SP_sex":2.6296296296296315,"agg/test.roc_auc_mean":62.75510204081633,"agg/val.SP_sex_std":0,"val.SP_sex":0.8547008547008572,"agg/val.f1_score_std":0,"agg/test.precision_std":0,"agg/val.EO_age_std":0,"seed":0,"val.SP_age":20.833333333333336,"agg/test.SP_age_std":0,"agg/fold_id_mean":0,"test.precision":58.82352941176471,"agg/test.SP_sex_mean":2.6296296296296315,"val.val_score":97.72929296615256,"agg/val.f1_score_mean":55.00000000000001,"agg/val.EO_age_mean":26.666666666666668,"agg/test.EO_sex_std":0,"agg/test.accuracy_mean":67.53246753246754,"agg/val.val_score_std":0,"test.EO_age":52.94117647058824,"agg/test.recall_mean":35.714285714285715,"agg/test.EO_age_std":0,"_runtime":53.227559392,"agg/seed_std":0,"agg/val.val_score_mean":97.72929296615256,"agg/test.precision_mean":58.82352941176471,"agg/test.f1_score_std":0,"test.EO_sex":2.0833333333333313,"agg/test.f1_score_mean":44.44444444444445,"agg/test.SP_age_mean":37.12241653418124,"agg/best_epoch_std":0,"agg/val.EO_sex_std":0,"agg/val.roc_auc_std":0,"test.SP_age":37.12241653418124,"agg/val.val_score_bestthr_std":0,"agg/seed_mean":0,"_timestamp":1.767245184259522e+09,"agg/val.SP_age_mean":20.833333333333336,"agg/fold_id_std":0,"val.EO_sex":25.49019607843137,"agg/val.roc_auc_mean":70.45707915273132,"agg/val.SP_age_std":0,"agg/test.EO_age_mean":52.94117647058824,"fold":0,"val.roc_auc":70.45707915273132,"val.accuracy":70.96774193548387,"_step":1,"agg/val.accuracy_std":0}