{"agg/val.SP_age_std":0,"agg/fold_id_mean":0,"agg/seed_std":0,"agg/val.SP_sex_mean":2.777777777777779,"agg/val.EO_age_mean":50,"agg/val.EO_sex_mean":6.862745098039225,"_wandb":{"runtime":58},"agg/test.SP_age_mean":33.912483912483914,"agg/test.EO_sex_mean":20.833333333333336,"agg/test.best_accuracy_mean":40.909090909090914,"agg/val.SP_age_mean":35.41666666666667,"val.accuracy":72.58064516129032,"agg/val.val_score_std":0,"_runtime":58.618586569,"agg/best_epoch_std":0,"agg/test.val_score_std":0,"_timestamp":1.767079477934007e+09,"agg/fold_id_std":0,"test.f1_score":48.484848484848484,"agg/val.accuracy_std":0,"agg/test.roc_auc_std":0,"agg/test.val_score_mean":79.09280185074303,"test.roc_auc":60.5502915451895,"val.f1_score":67.9245283018868,"agg/val.roc_auc_mean":71.46042363433666,"agg/test.val_score_bestthr_std":0,"agg/test.roc_auc_mean":60.5502915451895,"agg/val.SP_sex_std":0,"agg/test.recall_std":0,"agg/seed_mean":0,"agg/test.f1_score_mean":48.484848484848484,"val.roc_auc":71.46042363433666,"_step":1,"agg/val.accuracy_mean":72.58064516129032,"agg/val.EO_sex_std":0,"agg/val.val_score_bestthr_mean":107.93795512415056,"agg/best_epoch_mean":16,"agg/test.best_f1_mean":54.72636815920397,"test.accuracy":55.84415584415584,"agg/test.EO_age_std":0,"agg/val.val_score_mean":105.59233741680887,"agg/val.roc_auc_std":0,"agg/test.EO_age_mean":34.224598930481285,"agg/test.f1_score_std":0,"agg/test.accuracy_std":0,"agg/test.best_accuracy_std":0,"fold":0,"agg/test.best_thr_f1_mean":0.25999999999999995,"agg/test.precision_mean":42.10526315789473,"agg/test.EO_sex_std":0,"val.val_score":105.59233741680887,"agg/val.f1_score_std":0,"agg/test.SP_sex_mean":10.40740740740741,"agg/test.val_score_bestthr_mean":68.0215586344005,"agg/test.best_thr_f1_std":0,"agg/test.recall_mean":57.14285714285714,"agg/val.val_score_bestthr_std":0,"agg/val.EO_age_std":0,"agg/test.precision_std":0,"agg/test.best_f1_std":0,"agg/test.SP_age_std":0,"agg/test.accuracy_mean":55.84415584415584,"agg/val.f1_score_mean":67.9245283018868,"agg/test.SP_sex_std":0,"seed":0}