{"agg/val.EO_age_mean":66.66666666666667,"val.EO_age":66.66666666666667,"agg/val.val_score_mean":101.7611044210902,"agg/best_epoch_mean":13,"agg/val.SP_sex_std":0,"val.f1_score":63.829787234042556,"val.SP_sex":7.051282051282054,"_timestamp":1.7672321433348176e+09,"agg/val.accuracy_std":0,"test.accuracy":68.18181818181817,"agg/test.recall_std":0,"agg/test.SP_sex_mean":7.333333333333333,"agg/val.val_score_std":0,"test.SP_age":20.849420849420852,"agg/val.val_score_bestthr_mean":103.46097367021707,"agg/test.SP_sex_std":0,"agg/val.val_score_bestthr_std":0,"agg/test.precision_std":0,"agg/test.SP_age_mean":20.849420849420852,"test.EO_age":43.85026737967914,"agg/test.recall_mean":35.714285714285715,"agg/test.EO_age_mean":43.85026737967914,"_runtime":52.452359179,"agg/fold_id_std":0,"val.accuracy":72.58064516129032,"test.roc_auc":62.427113702623906,"fold":0,"agg/seed_std":0,"val.SP_age":27.77777777777778,"agg/val.SP_age_std":0,"agg/test.EO_sex_mean":2.0833333333333313,"agg/test.EO_sex_std":0,"agg/val.SP_sex_mean":7.051282051282054,"_wandb":{"runtime":52},"agg/test.SP_age_std":0,"agg/val.f1_score_mean":63.829787234042556,"agg/val.roc_auc_mean":73.13266443701227,"val.roc_auc":73.13266443701227,"test.SP_sex":7.333333333333333,"test.precision":60.60606060606061,"agg/val.roc_auc_std":0,"test.EO_sex":2.0833333333333313,"val.val_score_bestthr":103.46097367021707,"agg/test.precision_mean":60.60606060606061,"agg/test.roc_auc_mean":62.427113702623906,"agg/test.EO_age_std":0,"agg/test.accuracy_mean":68.18181818181817,"agg/val.accuracy_mean":72.58064516129032,"agg/test.roc_auc_std":0,"val.EO_sex":1.9607843137254832,"agg/test.f1_score_mean":44.9438202247191,"val.val_score":101.7611044210902,"agg/val.EO_sex_std":0,"agg/val.EO_age_std":0,"agg/fold_id_mean":0,"agg/test.f1_score_std":0,"agg/val.EO_sex_mean":1.9607843137254832,"agg/test.accuracy_std":0,"agg/val.f1_score_std":0,"seed":0,"test.f1_score":44.9438202247191,"agg/seed_mean":0,"agg/best_epoch_std":0,"agg/val.SP_age_mean":27.77777777777778,"_step":1,"test.recall":35.714285714285715}