{"agg/val.val_score_mean":104.9734933261973,"agg/seed_std":0,"agg/test.val_score_std":0,"agg/val.accuracy_std":0,"test.accuracy":55.84415584415584,"agg/test.best_thr_f1_std":0,"agg/test.f1_score_mean":48.484848484848484,"agg/test.EO_sex_mean":20.833333333333336,"agg/test.val_score_bestthr_std":0,"agg/val.SP_age_mean":37.5,"agg/val.EO_age_std":0,"agg/test.best_thr_f1_mean":0.235,"_wandb":{"runtime":48},"fold":0,"agg/val.roc_auc_std":0,"agg/test.SP_sex_mean":10.40740740740741,"agg/test.SP_age_std":0,"_timestamp":1.7670716048019805e+09,"agg/val.f1_score_std":0,"agg/test.best_f1_mean":53.65853658536586,"agg/val.val_score_std":0,"agg/test.accuracy_mean":55.84415584415584,"agg/test.best_f1_std":0,"_runtime":48.195180993,"agg/test.recall_std":0,"agg/seed_mean":0,"agg/val.EO_sex_std":0,"agg/val.roc_auc_mean":71.7948717948718,"agg/test.EO_sex_std":0,"agg/val.SP_sex_std":0,"agg/fold_id_std":0,"test.roc_auc":60.02186588921283,"val.roc_auc":71.7948717948718,"agg/val.SP_age_std":0,"val.accuracy":72.58064516129032,"agg/test.precision_std":0,"agg/test.SP_sex_std":0,"agg/test.roc_auc_mean":60.02186588921283,"agg/test.recall_mean":57.14285714285714,"agg/test.roc_auc_std":0,"test.f1_score":48.484848484848484,"agg/test.EO_age_std":0,"agg/val.EO_sex_mean":12.745098039215685,"agg/test.best_accuracy_mean":38.311688311688314,"agg/test.EO_age_mean":45.98930481283422,"agg/test.accuracy_std":0,"agg/test.f1_score_std":0,"agg/fold_id_mean":0,"agg/best_epoch_std":0,"agg/val.val_score_bestthr_std":0,"agg/test.SP_age_mean":28.82882882882883,"agg/test.val_score_mean":79.02599134275604,"agg/best_epoch_mean":19,"val.val_score":104.9734933261973,"agg/val.SP_sex_mean":4.914529914529914,"agg/val.EO_age_mean":38.888888888888886,"val.f1_score":66.66666666666666,"agg/val.f1_score_mean":66.66666666666666,"agg/test.val_score_bestthr_mean":65.00020865053506,"seed":0,"agg/val.accuracy_mean":72.58064516129032,"agg/val.val_score_bestthr_mean":109.03649851982749,"agg/test.best_accuracy_std":0,"_step":1,"agg/test.precision_mean":42.10526315789473}