{"agg/test.f1_score_mean":52.459016393442624,"agg/val.EO_age_std":0,"agg/test.best_f1_mean":56.41025641025641,"agg/test.roc_auc_std":0,"agg/test.roc_auc_mean":61.73469387755102,"agg/test.EO_sex_mean":20.833333333333336,"agg/test.accuracy_std":0,"agg/val.accuracy_std":0,"agg/test.EO_sex_std":0,"agg/test.EO_age_std":0,"agg/test.best_thr_f1_mean":0.09,"agg/test.accuracy_mean":62.33766233766234,"agg/test.EO_age_mean":49.19786096256684,"_runtime":217.888582656,"_wandb":{"runtime":217},"val.f1_score":70.58823529411765,"agg/val.f1_score_mean":70.58823529411765,"agg/val.SP_sex_std":0,"agg/test.val_score_bestthr_std":0,"agg/test.val_score_bestthr_mean":72.61060701281289,"agg/val.roc_auc_std":0,"agg/test.f1_score_std":0,"agg/val.SP_sex_mean":4.914529914529914,"agg/fold_id_mean":0,"agg/test.best_accuracy_std":0,"agg/seed_mean":0,"test.accuracy":62.33766233766234,"agg/best_epoch_std":0,"agg/test.SP_sex_std":0,"fold":0,"agg/test.best_f1_std":0,"val.roc_auc":70.1226309921962,"agg/test.SP_age_std":0,"agg/best_epoch_mean":25,"agg/val.val_score_bestthr_mean":110.1911298431697,"agg/val.val_score_mean":110.1911298431697,"agg/test.val_score_mean":87.70360397792614,"agg/val.f1_score_std":0,"agg/test.precision_mean":48.484848484848484,"val.val_score":110.1911298431697,"val.accuracy":75.80645161290323,"seed":0,"agg/seed_std":0,"agg/val.val_score_bestthr_std":0,"agg/val.SP_age_std":0,"agg/test.SP_age_mean":13.066202090592332,"agg/val.EO_sex_std":0,"test.roc_auc":61.73469387755102,"agg/test.val_score_std":0,"agg/val.EO_sex_mean":6.862745098039225,"_timestamp":1.767082681431471e+09,"agg/fold_id_std":0,"agg/test.SP_sex_mean":3.2592592592592617,"agg/val.val_score_std":0,"agg/test.precision_std":0,"agg/test.recall_std":0,"agg/test.best_thr_f1_std":0,"agg/val.SP_age_mean":29.166666666666668,"agg/val.roc_auc_mean":70.1226309921962,"agg/test.recall_mean":57.14285714285714,"test.f1_score":52.459016393442624,"agg/val.accuracy_mean":75.80645161290323,"agg/val.EO_age_mean":50,"agg/test.best_accuracy_mean":44.8051948051948,"_step":1}