{"agg/test.roc_auc_mean":61.42492711370262,"agg/test.precision_mean":53.84615384615385,"agg/val.EO_sex_std":0,"test.recall":37.5,"val.val_score_bestthr":106.29358336687558,"test.precision":53.84615384615385,"agg/test.precision_std":0,"agg/val.EO_age_std":0,"agg/test.EO_sex_mean":0,"val.SP_sex":2.777777777777779,"val.EO_sex":23.529411764705888,"_step":1,"_timestamp":1.7672393679335506e+09,"agg/val.f1_score_mean":69.09090909090908,"agg/val.SP_sex_mean":2.777777777777779,"agg/test.accuracy_mean":65.5844155844156,"agg/test.SP_age_mean":23.873873873873876,"agg/test.EO_age_mean":52.94117647058824,"agg/test.f1_score_mean":44.21052631578948,"test.accuracy":65.5844155844156,"agg/test.EO_age_std":0,"agg/val.val_score_std":0,"test.f1_score":44.21052631578948,"agg/fold_id_std":0,"agg/val.SP_age_std":0,"agg/val.roc_auc_std":0,"_wandb":{"runtime":56},"agg/val.val_score_mean":105.87332032279178,"agg/test.EO_sex_std":0,"fold":0,"seed":0,"val.roc_auc":71.90635451505017,"agg/val.accuracy_std":0,"agg/val.roc_auc_mean":71.90635451505017,"agg/test.recall_mean":37.5,"val.accuracy":72.58064516129032,"agg/test.f1_score_std":0,"agg/val.SP_sex_std":0,"val.SP_age":23.61111111111111,"agg/test.roc_auc_std":0,"agg/test.SP_sex_std":0,"agg/test.SP_sex_mean":0.9259259259259245,"_runtime":56.412301417,"test.roc_auc":61.42492711370262,"agg/val.accuracy_mean":72.58064516129032,"test.SP_sex":0.9259259259259245,"agg/val.SP_age_mean":23.61111111111111,"agg/test.SP_age_std":0,"agg/val.EO_age_mean":33.333333333333336,"val.EO_age":33.333333333333336,"agg/best_epoch_std":0,"val.val_score":105.87332032279178,"agg/test.recall_std":0,"agg/val.val_score_bestthr_std":0,"val.f1_score":69.09090909090908,"test.SP_age":23.873873873873876,"test.EO_sex":0,"agg/val.f1_score_std":0,"agg/val.val_score_bestthr_mean":106.29358336687558,"agg/seed_std":0,"agg/seed_mean":0,"agg/val.EO_sex_mean":23.529411764705888,"agg/test.accuracy_std":0,"agg/best_epoch_mean":15,"test.EO_age":52.94117647058824,"agg/fold_id_mean":0}