{"agg/test.val_score_std":0,"agg/test.precision_mean":44,"agg/test.SP_sex_mean":0.8518518518518536,"agg/val.SP_sex_std":0,"agg/test.precision_std":0,"agg/val.accuracy_mean":69.35483870967742,"agg/val.f1_score_std":0,"val.f1_score":59.57446808510638,"agg/test.recall_std":0,"agg/test.roc_auc_mean":60.33163265306122,"agg/test.EO_sex_std":0,"val.val_score":97.91755666374394,"agg/test.best_thr_f1_std":0,"_runtime":42.031772401,"agg/val.val_score_bestthr_mean":93.17504406507074,"agg/test.val_score_bestthr_std":0,"agg/val.roc_auc_mean":67.11259754738016,"_wandb":{"runtime":42},"agg/best_epoch_std":0,"agg/val.EO_age_std":0,"val.accuracy":69.35483870967742,"agg/val.EO_sex_mean":14.70588235294118,"agg/test.roc_auc_std":0,"agg/test.EO_age_std":0,"agg/test.EO_age_mean":43.31550802139038,"agg/test.best_thr_f1_mean":0.065,"_timestamp":1.7670712849032388e+09,"agg/test.val_score_bestthr_mean":67.47584758379887,"agg/seed_mean":0,"val.roc_auc":67.11259754738016,"agg/val.SP_sex_mean":7.051282051282054,"agg/val.accuracy_std":0,"agg/test.best_f1_mean":53.80710659898477,"agg/test.f1_score_mean":50.38167938931297,"agg/test.accuracy_std":0,"agg/val.val_score_bestthr_std":0,"agg/test.f1_score_std":0,"agg/val.val_score_std":0,"agg/best_epoch_mean":20,"agg/val.SP_age_mean":34.02777777777778,"agg/val.EO_sex_std":0,"agg/test.best_accuracy_mean":40.909090909090914,"test.roc_auc":60.33163265306122,"agg/val.roc_auc_std":0,"agg/test.SP_sex_std":0,"agg/test.best_f1_std":0,"test.f1_score":50.38167938931297,"agg/test.EO_sex_mean":18.75,"_step":1,"agg/test.SP_age_mean":13.240418118466907,"test.accuracy":57.7922077922078,"seed":0,"agg/val.SP_age_std":0,"fold":0,"agg/test.val_score_mean":82.22146970694719,"agg/fold_id_std":0,"agg/test.recall_mean":58.92857142857143,"agg/seed_std":0,"agg/test.best_accuracy_std":0,"agg/fold_id_mean":0,"agg/test.accuracy_mean":57.7922077922078,"agg/val.f1_score_mean":59.57446808510638,"agg/val.val_score_mean":97.91755666374394,"agg/val.EO_age_mean":66.66666666666667,"agg/test.SP_age_std":0}