{"val.val_score_bestthr":98.29463179399139,"agg/val.EO_sex_mean":25.490196078431378,"agg/test.EO_sex_std":0,"agg/val.f1_score_std":0,"val.roc_auc":69.23076923076923,"agg/seed_mean":0,"val.accuracy":70.96774193548387,"agg/test.recall_std":0,"val.SP_age":32.63888888888889,"agg/val.SP_age_mean":32.63888888888889,"fold":0,"agg/test.recall_mean":30.357142857142854,"agg/val.val_score_bestthr_mean":98.29463179399139,"agg/fold_id_mean":0,"agg/test.SP_sex_std":0,"agg/test.EO_age_std":0,"agg/val.val_score_std":0,"agg/seed_std":0,"agg/val.accuracy_std":0,"test.f1_score":40.476190476190474,"agg/val.SP_age_std":0,"_step":1,"val.EO_age":46.66666666666667,"agg/val.val_score_mean":95.8961587116236,"agg/val.roc_auc_std":0,"_runtime":39.432293111999996,"test.roc_auc":61.2609329446064,"agg/test.roc_auc_std":0,"val.SP_sex":19.65811965811966,"agg/test.accuracy_std":0,"agg/val.roc_auc_mean":69.23076923076923,"agg/val.EO_age_std":0,"test.EO_sex":8.333333333333332,"agg/best_epoch_std":0,"agg/val.SP_sex_std":0,"_timestamp":1.7672328925439775e+09,"agg/test.EO_sex_mean":8.333333333333332,"test.EO_age":41.17647058823529,"agg/best_epoch_mean":26,"agg/test.SP_sex_mean":0.5185185185185182,"agg/test.f1_score_std":0,"test.SP_sex":0.5185185185185182,"test.recall":30.357142857142854,"agg/test.f1_score_mean":40.476190476190474,"agg/test.SP_age_std":0,"seed":0,"val.EO_sex":25.490196078431378,"agg/test.precision_std":0,"test.SP_age":22.90862290862291,"agg/fold_id_std":0,"agg/test.accuracy_mean":67.53246753246754,"agg/val.f1_score_mean":57.14285714285715,"agg/test.SP_age_mean":22.90862290862291,"agg/val.accuracy_mean":70.96774193548387,"agg/val.EO_age_mean":46.66666666666667,"val.f1_score":57.14285714285715,"agg/val.val_score_bestthr_std":0,"agg/val.EO_sex_std":0,"test.precision":60.71428571428571,"agg/val.SP_sex_mean":19.65811965811966,"agg/test.precision_mean":60.71428571428571,"agg/test.roc_auc_mean":61.2609329446064,"agg/test.EO_age_mean":41.17647058823529,"_wandb":{"runtime":39},"test.accuracy":67.53246753246754,"val.val_score":95.8961587116236}