{"agg/test.SP_sex_std":0,"agg/best_epoch_std":0,"agg/test.accuracy_mean":66.23376623376623,"agg/test.EO_age_std":0,"val.val_score_bestthr":102.57287743881672,"agg/fold_id_std":0,"test.precision":55.88235294117647,"agg/test.EO_sex_mean":18.75,"agg/test.SP_sex_mean":2.6296296296296315,"_timestamp":1.7672455934130647e+09,"agg/test.precision_std":0,"agg/val.f1_score_std":0,"seed":0,"val.EO_sex":30.3921568627451,"agg/val.SP_age_mean":33.333333333333336,"agg/val.EO_age_mean":46.66666666666667,"agg/test.f1_score_std":0,"val.SP_age":33.333333333333336,"test.accuracy":66.23376623376623,"agg/fold_id_mean":0,"agg/val.accuracy_std":0,"agg/test.f1_score_mean":42.22222222222223,"agg/test.roc_auc_std":0,"agg/test.precision_mean":55.88235294117647,"agg/test.EO_sex_std":0,"test.EO_sex":18.75,"val.val_score":99.35985309230091,"agg/val.val_score_mean":99.35985309230091,"test.SP_age":36.1003861003861,"agg/val.SP_sex_mean":1.495726495726496,"val.roc_auc":74.13600891861762,"val.EO_age":46.66666666666667,"test.roc_auc":59.475218658892125,"agg/best_epoch_mean":16,"agg/seed_std":0,"_step":1,"agg/val.roc_auc_std":0,"agg/test.recall_std":0,"agg/seed_mean":0,"agg/val.SP_sex_std":0,"agg/test.SP_age_mean":36.1003861003861,"agg/test.roc_auc_mean":59.475218658892125,"agg/test.SP_age_std":0,"agg/test.recall_mean":33.92857142857143,"test.EO_age":37.96791443850267,"test.recall":33.92857142857143,"agg/val.EO_sex_std":0,"test.f1_score":42.22222222222223,"agg/test.accuracy_std":0,"_runtime":59.179645089,"val.f1_score":62.222222222222236,"val.SP_sex":1.495726495726496,"agg/val.roc_auc_mean":74.13600891861762,"agg/val.val_score_bestthr_mean":102.57287743881672,"agg/val.val_score_std":0,"agg/val.accuracy_mean":72.58064516129032,"test.SP_sex":2.6296296296296315,"agg/val.val_score_bestthr_std":0,"fold":0,"agg/val.f1_score_mean":62.222222222222236,"agg/val.EO_sex_mean":30.3921568627451,"agg/test.EO_age_mean":37.96791443850267,"agg/val.EO_age_std":0,"_wandb":{"runtime":59},"val.accuracy":72.58064516129032,"agg/val.SP_age_std":0}