{"agg/val.val_score_std":0,"test.f1_score":54.13533834586466,"val.val_score":102.68537642517718,"agg/test.SP_age_std":0,"val.accuracy":70.96774193548387,"val.roc_auc":68.33890746934226,"agg/test.val_score_mean":86.86805751008538,"agg/val.EO_sex_std":0,"agg/test.val_score_bestthr_std":0,"test.roc_auc":62.281341107871725,"_runtime":120.587621363,"agg/test.best_f1_mean":56.00000000000001,"agg/test.EO_sex_mean":12.5,"agg/test.SP_sex_mean":0,"agg/test.best_thr_f1_std":0,"agg/test.accuracy_std":0,"agg/test.f1_score_std":0,"agg/test.EO_age_mean":31.01604278074866,"agg/test.roc_auc_mean":62.281341107871725,"_step":1,"agg/best_epoch_mean":20,"fold":0,"agg/test.recall_mean":64.28571428571429,"val.f1_score":65.38461538461539,"agg/val.EO_age_std":0,"agg/val.roc_auc_mean":68.33890746934226,"agg/test.precision_mean":46.75324675324675,"agg/val.SP_sex_std":0,"_wandb":{"runtime":120},"agg/val.f1_score_std":0,"_timestamp":1.7670710013630545e+09,"seed":0,"agg/val.val_score_bestthr_mean":108.45226298404667,"agg/test.f1_score_mean":54.13533834586466,"test.accuracy":60.3896103896104,"agg/test.best_accuracy_std":0,"agg/seed_mean":0,"agg/val.SP_sex_mean":5.555555555555558,"agg/fold_id_std":0,"agg/val.EO_age_mean":50,"agg/seed_std":0,"agg/test.best_thr_f1_mean":0.3999999999999999,"agg/test.SP_sex_std":0,"agg/test.EO_age_std":0,"agg/test.best_accuracy_mean":57.14285714285714,"agg/test.val_score_std":0,"agg/test.SP_age_mean":15.406162464985995,"agg/val.f1_score_mean":65.38461538461539,"agg/test.recall_std":0,"agg/val.SP_age_std":0,"agg/val.accuracy_mean":70.96774193548387,"agg/best_epoch_std":0,"agg/fold_id_mean":0,"agg/test.roc_auc_std":0,"agg/test.val_score_bestthr_mean":84.27543932527433,"agg/val.EO_sex_mean":12.745098039215685,"agg/test.EO_sex_std":0,"agg/test.precision_std":0,"agg/val.roc_auc_std":0,"agg/val.val_score_mean":102.68537642517718,"agg/val.accuracy_std":0,"agg/val.SP_age_mean":29.166666666666668,"agg/val.val_score_bestthr_std":0,"agg/test.best_f1_std":0,"agg/test.accuracy_mean":60.3896103896104}