{"agg/test.recall_std":0,"seed":0,"agg/test.f1_score_mean":56.4516129032258,"test.roc_auc":64.43148688046647,"agg/seed_std":0,"agg/test.best_f1_mean":57.377049180327866,"agg/best_epoch_std":0,"agg/test.best_accuracy_std":0,"agg/test.f1_score_std":0,"agg/val.val_score_std":0,"agg/test.precision_mean":51.470588235294116,"test.accuracy":64.93506493506493,"agg/test.SP_sex_std":0,"agg/test.recall_mean":62.5,"agg/val.val_score_mean":95.84060315606806,"test.f1_score":56.4516129032258,"agg/val.EO_age_mean":66.66666666666667,"agg/val.roc_auc_mean":64.65997770345597,"agg/test.accuracy_mean":64.93506493506493,"agg/test.EO_sex_std":0,"agg/test.SP_sex_mean":8.111111111111107,"_wandb":{"runtime":48},"agg/test.best_accuracy_mean":66.23376623376623,"agg/test.val_score_std":0,"agg/test.best_f1_std":0,"agg/val.f1_score_mean":58.333333333333336,"agg/val.accuracy_mean":67.74193548387096,"agg/test.EO_sex_mean":14.583333333333337,"agg/test.roc_auc_std":0,"agg/test.best_thr_f1_mean":0.5099999999999999,"agg/test.roc_auc_mean":64.43148688046647,"_runtime":48.789863376,"agg/test.SP_age_std":0,"agg/fold_id_std":0,"_step":1,"val.f1_score":58.333333333333336,"agg/test.val_score_mean":92.40029629095567,"agg/test.EO_age_std":0,"agg/val.SP_sex_std":0,"agg/test.accuracy_std":0,"agg/test.EO_age_mean":40.10695187165775,"agg/val.val_score_bestthr_mean":93.14494166842364,"agg/fold_id_mean":0,"agg/test.precision_std":0,"_timestamp":1.7670578309480803e+09,"agg/test.SP_age_mean":13.256113256113256,"agg/val.EO_age_std":0,"fold":0,"agg/val.SP_age_std":0,"agg/test.val_score_bestthr_std":0,"val.accuracy":67.74193548387096,"agg/val.roc_auc_std":0,"agg/seed_mean":0,"agg/val.accuracy_std":0,"agg/val.EO_sex_std":0,"agg/val.SP_sex_mean":3.205128205128205,"agg/val.SP_age_mean":22.22222222222222,"agg/best_epoch_mean":40,"agg/val.EO_sex_mean":14.70588235294118,"agg/val.val_score_bestthr_std":0,"agg/test.val_score_bestthr_mean":94.12467869117097,"val.roc_auc":64.65997770345597,"agg/val.f1_score_std":0,"agg/test.best_thr_f1_std":0}