{"agg/val.val_score_bestthr_mean":98.18005666374394,"agg/test.roc_auc_mean":58.49125364431487,"agg/val.EO_sex_std":0,"agg/test.EO_sex_std":0,"agg/seed_std":0,"agg/val.EO_sex_mean":14.70588235294118,"_timestamp":1.7672354428717144e+09,"val.EO_age":46.66666666666667,"agg/fold_id_std":0,"seed":0,"agg/val.SP_age_mean":27.77777777777778,"agg/best_epoch_mean":25,"agg/test.SP_sex_mean":1.7777777777777781,"test.EO_age":37.96791443850267,"agg/val.EO_age_mean":46.66666666666667,"agg/test.SP_age_mean":20.205920205920208,"agg/val.val_score_std":0,"agg/best_epoch_std":0,"agg/test.accuracy_std":0,"agg/val.SP_age_std":0,"agg/test.EO_age_mean":37.96791443850267,"agg/val.val_score_bestthr_std":0,"agg/test.precision_std":0,"agg/val.SP_sex_mean":7.051282051282054,"test.roc_auc":58.49125364431487,"val.accuracy":69.35483870967742,"test.SP_age":20.205920205920208,"agg/test.f1_score_std":0,"agg/test.SP_sex_std":0,"agg/test.recall_std":0,"agg/val.SP_sex_std":0,"val.val_score_bestthr":98.18005666374394,"agg/val.f1_score_std":0,"agg/test.precision_mean":52.77777777777778,"agg/test.accuracy_mean":64.93506493506493,"agg/test.EO_age_std":0,"val.f1_score":59.57446808510638,"agg/fold_id_mean":0,"_runtime":38.83548329,"val.roc_auc":66.77814938684504,"test.EO_sex":18.75,"agg/val.accuracy_std":0,"_wandb":{"runtime":38},"agg/seed_mean":0,"agg/test.roc_auc_std":0,"test.SP_sex":1.7777777777777781,"agg/val.EO_age_std":0,"agg/test.recall_mean":33.92857142857143,"val.val_score":96.04060315606804,"_step":1,"agg/val.val_score_mean":96.04060315606804,"test.f1_score":41.30434782608695,"val.SP_sex":7.051282051282054,"test.recall":33.92857142857143,"test.precision":52.77777777777778,"agg/val.roc_auc_std":0,"agg/val.f1_score_mean":59.57446808510638,"agg/val.roc_auc_mean":66.77814938684504,"val.EO_sex":14.70588235294118,"agg/val.accuracy_mean":69.35483870967742,"agg/test.SP_age_std":0,"agg/test.f1_score_mean":41.30434782608695,"test.accuracy":64.93506493506493,"agg/test.EO_sex_mean":18.75,"val.SP_age":27.77777777777778,"fold":0}