{"agg/test.EO_sex_std":0,"test.f1_score":40,"_step":1,"agg/test.EO_age_mean":47.05882352941176,"agg/val.f1_score_std":0,"agg/seed_mean":0,"val.SP_sex":5.9829059829059785,"_timestamp":1.7672391278338332e+09,"agg/val.roc_auc_std":0,"agg/val.roc_auc_mean":71.57190635451506,"_runtime":67.499121132,"agg/val.EO_sex_mean":3.9215686274509887,"val.EO_age":50,"test.SP_age":26.31160572337043,"agg/test.EO_age_std":0,"test.EO_sex":8.333333333333332,"val.val_score":104.41243941745434,"agg/val.val_score_bestthr_mean":104.41243941745434,"agg/test.roc_auc_std":0,"agg/val.SP_sex_mean":5.9829059829059785,"agg/test.SP_sex_std":0,"agg/test.f1_score_mean":40,"test.roc_auc":59.67565597667639,"agg/val.accuracy_mean":72.58064516129032,"test.recall":30.357142857142854,"agg/test.precision_mean":58.620689655172406,"agg/val.EO_age_mean":50,"agg/val.EO_age_std":0,"agg/val.EO_sex_std":0,"agg/val.val_score_std":0,"agg/test.SP_age_std":0,"fold":0,"val.roc_auc":71.57190635451506,"val.f1_score":65.3061224489796,"val.accuracy":72.58064516129032,"agg/val.val_score_mean":104.41243941745434,"agg/test.precision_std":0,"agg/test.accuracy_std":0,"agg/test.recall_std":0,"test.precision":58.620689655172406,"agg/seed_std":0,"test.accuracy":66.88311688311688,"agg/fold_id_mean":0,"agg/val.SP_age_mean":22.22222222222222,"agg/val.accuracy_std":0,"val.val_score_bestthr":104.41243941745434,"val.EO_sex":3.9215686274509887,"agg/val.SP_age_std":0,"agg/test.recall_mean":30.357142857142854,"agg/fold_id_std":0,"agg/val.f1_score_mean":65.3061224489796,"agg/test.SP_sex_mean":0.48148148148148273,"agg/test.f1_score_std":0,"agg/val.SP_sex_std":0,"agg/val.val_score_bestthr_std":0,"agg/test.EO_sex_mean":8.333333333333332,"agg/best_epoch_std":0,"agg/best_epoch_mean":18,"test.EO_age":47.05882352941176,"_wandb":{"runtime":67},"agg/test.SP_age_mean":26.31160572337043,"agg/test.roc_auc_mean":59.67565597667639,"val.SP_age":22.22222222222222,"test.SP_sex":0.48148148148148273,"seed":0,"agg/test.accuracy_mean":66.88311688311688}