{"val.val_score":101.83070699330187,"val.roc_auc":68.45039018952062,"agg/val.roc_auc_std":0,"agg/test.best_accuracy_mean":39.61038961038961,"agg/test.best_thr_f1_mean":0.06,"test.accuracy":57.14285714285714,"agg/best_epoch_mean":19,"agg/test.roc_auc_mean":61.62536443148689,"agg/best_epoch_std":0,"test.f1_score":50.74626865671643,"agg/test.SP_sex_mean":3.8518518518518565,"agg/val.roc_auc_mean":68.45039018952062,"agg/val.EO_sex_std":0,"agg/seed_mean":0,"agg/seed_std":0,"seed":0,"agg/val.SP_age_mean":28.47222222222222,"agg/val.accuracy_std":0,"agg/val.val_score_std":0,"agg/val.val_score_bestthr_std":0,"agg/val.SP_sex_mean":8.760683760683758,"agg/test.EO_sex_std":0,"agg/val.val_score_bestthr_mean":101.83070699330187,"agg/test.accuracy_std":0,"agg/test.f1_score_std":0,"_wandb":{"runtime":163},"agg/test.roc_auc_std":0,"agg/test.best_f1_mean":54.187192118226605,"_runtime":163.866540416,"fold":0,"agg/test.SP_age_mean":6.435006435006441,"agg/test.precision_std":0,"agg/val.EO_sex_mean":26.470588235294112,"agg/test.precision_mean":43.58974358974359,"agg/test.EO_sex_mean":16.666666666666664,"agg/val.SP_sex_std":0,"agg/test.SP_sex_std":0,"agg/val.SP_age_std":0,"agg/val.EO_age_std":0,"agg/val.f1_score_std":0,"test.roc_auc":61.62536443148689,"agg/val.f1_score_mean":63.99999999999999,"agg/test.EO_age_std":0,"agg/test.f1_score_mean":50.74626865671643,"agg/test.val_score_std":0,"agg/test.recall_std":0,"_step":1,"agg/test.val_score_bestthr_mean":66.48501663744564,"agg/test.SP_age_std":0,"agg/test.best_f1_std":0,"agg/val.val_score_mean":101.83070699330187,"agg/val.EO_age_mean":50,"agg/fold_id_mean":0,"agg/test.accuracy_mean":57.14285714285714,"agg/fold_id_std":0,"_timestamp":1.7670772706687834e+09,"agg/test.EO_age_mean":34.224598930481285,"val.accuracy":70.96774193548387,"agg/test.best_accuracy_std":0,"agg/test.val_score_mean":81.90421023237529,"agg/test.recall_mean":60.71428571428571,"agg/test.best_thr_f1_std":0,"val.f1_score":63.99999999999999,"agg/test.val_score_bestthr_std":0,"agg/val.accuracy_mean":70.96774193548387}