{"agg/val.EO_age_mean":55.55555555555556,"agg/test.roc_auc_std":0,"agg/test.val_score_mean":89.78104871324636,"agg/test.accuracy_mean":65.5844155844156,"agg/fold_id_std":0,"agg/fold_id_mean":0,"agg/val.f1_score_std":0,"test.accuracy":65.5844155844156,"agg/test.SP_age_mean":34.68468468468468,"_runtime":102.75515943,"agg/val.SP_age_std":0,"agg/test.best_f1_std":0,"test.roc_auc":62.846209912536445,"agg/test.roc_auc_mean":62.846209912536445,"agg/test.accuracy_std":0,"agg/test.SP_age_std":0,"agg/test.best_accuracy_std":0,"val.accuracy":75.80645161290323,"agg/test.best_thr_f1_mean":0.09999999999999999,"agg/val.EO_age_std":0,"agg/val.EO_sex_mean":24.50980392156863,"agg/test.SP_sex_mean":0.33333333333332993,"agg/val.SP_sex_mean":5.128205128205132,"agg/val.val_score_bestthr_mean":107.82951596684994,"agg/seed_std":0,"agg/val.EO_sex_std":0,"agg/val.val_score_std":0,"agg/test.recall_mean":48.214285714285715,"agg/test.EO_sex_mean":31.25,"agg/test.EO_age_std":0,"_timestamp":1.7670786207683468e+09,"agg/test.f1_score_std":0,"test.f1_score":50.467289719626166,"agg/test.precision_mean":52.94117647058824,"agg/test.val_score_bestthr_std":0,"_step":1,"val.f1_score":66.66666666666666,"fold":0,"agg/test.val_score_bestthr_mean":64.9305060908325,"agg/test.val_score_std":0,"agg/test.best_accuracy_mean":38.311688311688314,"agg/val.roc_auc_std":0,"agg/test.precision_std":0,"agg/val.roc_auc_mean":70.34559643255295,"agg/test.best_thr_f1_std":0,"agg/test.recall_std":0,"agg/test.f1_score_mean":50.467289719626166,"agg/val.SP_age_mean":45.833333333333336,"agg/val.accuracy_std":0,"agg/val.SP_sex_std":0,"agg/test.SP_sex_std":0,"val.val_score":107.82951596684994,"agg/val.val_score_mean":107.82951596684994,"agg/val.f1_score_mean":66.66666666666666,"agg/val.accuracy_mean":75.80645161290323,"agg/val.val_score_bestthr_std":0,"val.roc_auc":70.34559643255295,"agg/best_epoch_mean":22,"seed":0,"agg/test.EO_age_mean":37.43315508021391,"agg/seed_mean":0,"_wandb":{"runtime":102},"agg/test.EO_sex_std":0,"agg/test.best_f1_mean":53.65853658536586,"agg/best_epoch_std":0}