{"agg/test.EO_age_mean":47.05882352941176,"agg/val.roc_auc_std":0,"agg/val.SP_age_mean":26.38888888888889,"agg/test.EO_age_std":0,"val.val_score":98.81366766343046,"agg/val.EO_age_std":0,"agg/val.accuracy_std":0,"test.EO_age":47.05882352941176,"_runtime":89.450540147,"_wandb":{"runtime":89},"agg/val.roc_auc_mean":67.33556298773689,"val.roc_auc":67.33556298773689,"agg/fold_id_std":0,"agg/val.EO_age_mean":43.333333333333336,"agg/val.val_score_bestthr_std":0,"test.precision":60,"val.EO_sex":8.823529411764708,"agg/val.SP_age_std":0,"val.SP_sex":0.8547008547008572,"test.EO_sex":20.833333333333332,"agg/val.EO_sex_mean":8.823529411764708,"agg/best_epoch_mean":30,"agg/val.f1_score_std":0,"agg/test.roc_auc_mean":59.620991253644306,"test.roc_auc":59.620991253644306,"agg/val.f1_score_mean":54.05405405405405,"agg/test.roc_auc_std":0,"fold":0,"agg/val.val_score_std":0,"agg/test.accuracy_mean":67.53246753246754,"test.f1_score":41.860465116279066,"agg/test.EO_sex_std":0,"seed":0,"agg/test.SP_sex_std":0,"agg/test.recall_std":0,"_timestamp":1.7672425643495781e+09,"agg/val.val_score_mean":98.81366766343046,"agg/val.SP_sex_std":0,"agg/test.f1_score_mean":41.860465116279066,"_step":1,"agg/val.SP_sex_mean":0.8547008547008572,"val.SP_age":26.38888888888889,"agg/test.recall_mean":32.142857142857146,"val.val_score_bestthr":98.81366766343046,"agg/test.precision_std":0,"agg/test.SP_sex_mean":1.370370370370369,"agg/val.EO_sex_std":0,"agg/test.precision_mean":60,"agg/test.SP_age_mean":30.373230373230374,"test.SP_sex":1.370370370370369,"agg/seed_std":0,"val.f1_score":54.05405405405405,"test.SP_age":30.373230373230374,"agg/test.accuracy_std":0,"val.EO_age":43.333333333333336,"agg/seed_mean":0,"agg/test.SP_age_std":0,"agg/fold_id_mean":0,"val.accuracy":72.58064516129032,"agg/val.accuracy_mean":72.58064516129032,"test.accuracy":67.53246753246754,"test.recall":32.142857142857146,"agg/val.val_score_bestthr_mean":98.81366766343046,"agg/test.EO_sex_mean":20.833333333333332,"agg/best_epoch_std":0,"agg/test.f1_score_std":0}