{"agg/test.recall_std":0,"agg/val.SP_age_std":0,"agg/best_epoch_std":0,"agg/test.val_score_std":0,"agg/test.best_accuracy_mean":50,"agg/val.val_score_mean":103.3751265108405,"agg/test.roc_auc_mean":59.58454810495627,"agg/test.SP_sex_std":0,"val.accuracy":72.58064516129032,"agg/val.EO_age_mean":50,"test.f1_score":46.7741935483871,"agg/test.EO_sex_std":0,"agg/test.precision_std":0,"agg/test.roc_auc_std":0,"seed":0,"agg/seed_std":0,"agg/test.EO_age_mean":52.40641711229947,"val.val_score":103.3751265108405,"agg/fold_id_std":0,"agg/test.f1_score_mean":46.7741935483871,"agg/test.SP_age_mean":28.82882882882883,"agg/val.accuracy_std":0,"agg/fold_id_mean":0,"agg/test.accuracy_mean":57.14285714285714,"agg/val.f1_score_std":0,"agg/test.best_thr_f1_mean":0.3999999999999999,"agg/seed_mean":0,"agg/val.accuracy_mean":72.58064516129032,"agg/val.EO_sex_mean":20.588235294117652,"agg/test.val_score_bestthr_mean":76.68666528867885,"agg/test.f1_score_std":0,"test.accuracy":57.14285714285714,"_timestamp":1.7670816235070975e+09,"agg/test.precision_mean":42.64705882352941,"agg/val.EO_age_std":0,"agg/test.best_f1_mean":54.437869822485204,"agg/val.SP_sex_std":0,"agg/test.recall_mean":51.78571428571429,"agg/test.val_score_bestthr_std":0,"agg/test.val_score_mean":79.672694050232,"agg/test.best_accuracy_std":0,"val.roc_auc":70.56856187290971,"agg/val.roc_auc_mean":70.56856187290971,"agg/test.EO_age_std":0,"agg/val.val_score_bestthr_std":0,"agg/test.SP_age_std":0,"test.roc_auc":59.58454810495627,"agg/val.val_score_bestthr_mean":109.43594379439119,"agg/test.accuracy_std":0,"agg/val.SP_sex_mean":13.675213675213671,"agg/val.SP_age_mean":27.77777777777778,"_runtime":116.818130672,"agg/test.SP_sex_mean":2.4074074074074083,"fold":0,"_step":1,"agg/best_epoch_mean":23,"val.f1_score":63.829787234042556,"agg/val.EO_sex_std":0,"agg/val.roc_auc_std":0,"agg/test.best_thr_f1_std":0,"_wandb":{"runtime":116},"agg/val.val_score_std":0,"agg/test.EO_sex_mean":2.083333333333337,"agg/val.f1_score_mean":63.829787234042556,"agg/test.best_f1_std":0}