{"agg/val.accuracy_mean":75.80645161290323,"agg/fold_id_mean":0,"agg/test.best_f1_mean":53.79310344827587,"agg/test.accuracy_std":0,"agg/val.SP_age_mean":40.97222222222222,"agg/val.f1_score_mean":69.3877551020408,"agg/best_epoch_std":0,"_runtime":78.225569177,"agg/test.f1_score_mean":50.81967213114754,"agg/val.val_score_bestthr_mean":109.5678568160101,"agg/test.best_accuracy_mean":56.493506493506494,"agg/test.f1_score_std":0,"agg/val.EO_age_mean":38.888888888888886,"agg/test.roc_auc_mean":60.14941690962099,"val.roc_auc":72.79821627647715,"test.accuracy":61.038961038961034,"val.f1_score":69.3877551020408,"agg/test.recall_mean":55.35714285714286,"agg/test.SP_age_mean":41.05534105534106,"agg/test.EO_sex_std":0,"agg/val.EO_sex_mean":12.745098039215685,"agg/val.SP_sex_mean":0.6410256410256387,"agg/test.recall_std":0,"agg/test.best_thr_f1_mean":0.43999999999999995,"agg/test.val_score_bestthr_std":0,"agg/test.val_score_mean":85.25988659356547,"_step":1,"agg/test.EO_sex_mean":37.5,"agg/test.SP_age_std":0,"agg/test.SP_sex_mean":6.111111111111112,"agg/val.SP_age_std":0,"agg/test.val_score_std":0,"agg/test.precision_std":0,"agg/test.val_score_bestthr_mean":82.36040742667011,"agg/val.roc_auc_std":0,"agg/val.roc_auc_mean":72.79821627647715,"seed":0,"fold":0,"agg/test.best_thr_f1_std":0,"test.roc_auc":60.14941690962099,"agg/test.accuracy_mean":61.038961038961034,"agg/val.SP_sex_std":0,"val.accuracy":75.80645161290323,"agg/val.EO_sex_std":0,"agg/test.roc_auc_std":0,"val.val_score":109.5678568160101,"agg/val.val_score_mean":109.5678568160101,"agg/test.best_f1_std":0,"_wandb":{"runtime":78},"agg/val.val_score_bestthr_std":0,"agg/test.EO_age_mean":34.224598930481285,"test.f1_score":50.81967213114754,"agg/best_epoch_mean":34,"agg/val.accuracy_std":0,"agg/test.EO_age_std":0,"agg/seed_std":0,"agg/val.EO_age_std":0,"agg/fold_id_std":0,"_timestamp":1.767075535314645e+09,"agg/seed_mean":0,"agg/val.f1_score_std":0,"agg/test.best_accuracy_std":0,"agg/test.precision_mean":46.96969696969697,"agg/test.SP_sex_std":0,"agg/val.val_score_std":0}