{"agg/val.EO_sex_std":0,"val.accuracy":74.19354838709677,"agg/fold_id_std":0,"agg/test.EO_sex_mean":27.083333333333332,"agg/test.val_score_mean":84.53685084746151,"agg/val.SP_age_mean":40.27777777777778,"_runtime":118.832085348,"agg/test.accuracy_mean":61.038961038961034,"agg/test.best_accuracy_std":0,"agg/val.accuracy_std":0,"agg/test.SP_age_std":0,"fold":0,"agg/test.SP_sex_mean":2.111111111111108,"agg/val.EO_sex_mean":1.9607843137254832,"test.f1_score":49.152542372881356,"agg/seed_mean":0,"agg/val.val_score_bestthr_std":0,"val.val_score":106.05934559784282,"agg/test.best_thr_f1_mean":0.19999999999999996,"agg/test.best_accuracy_mean":37.66233766233766,"agg/test.f1_score_std":0,"test.roc_auc":59.78498542274053,"agg/test.precision_mean":46.774193548387096,"agg/best_epoch_std":0,"agg/val.SP_age_std":0,"seed":0,"agg/val.val_score_std":0,"agg/test.EO_sex_std":0,"agg/val.val_score_mean":106.05934559784282,"agg/val.roc_auc_std":0,"_step":1,"agg/test.val_score_std":0,"agg/test.roc_auc_std":0,"val.roc_auc":72.12931995540691,"agg/test.SP_age_mean":35.32818532818533,"agg/val.f1_score_mean":65.21739130434783,"agg/val.val_score_bestthr_mean":107.24611877422598,"agg/val.f1_score_std":0,"val.f1_score":65.21739130434783,"agg/val.EO_age_std":0,"agg/seed_std":0,"agg/fold_id_mean":0,"agg/best_epoch_mean":27,"agg/test.val_score_bestthr_mean":64.55250582299362,"agg/test.best_f1_mean":53.84615384615385,"_timestamp":1.7670802323317568e+09,"agg/test.EO_age_mean":43.31550802139038,"agg/test.EO_age_std":0,"test.accuracy":61.038961038961034,"agg/test.recall_mean":51.78571428571429,"agg/test.accuracy_std":0,"agg/test.roc_auc_mean":59.78498542274053,"agg/test.best_f1_std":0,"agg/test.val_score_bestthr_std":0,"agg/test.recall_std":0,"_wandb":{"runtime":118},"agg/test.SP_sex_std":0,"agg/test.best_thr_f1_std":0,"agg/val.SP_sex_std":0,"agg/val.SP_sex_mean":4.273504273504275,"agg/test.f1_score_mean":49.152542372881356,"agg/val.roc_auc_mean":72.12931995540691,"agg/test.precision_std":0,"agg/val.accuracy_mean":74.19354838709677,"agg/val.EO_age_mean":27.77777777777778}