{"agg/test.f1_score_mean":36.36363636363637,"agg/test.SP_age_std":0,"agg/test.EO_sex_std":0,"agg/val.EO_sex_std":0,"agg/test.SP_sex_std":0,"agg/val.roc_auc_mean":73.24414715719062,"agg/val.f1_score_std":0,"test.f1_score":36.36363636363637,"agg/val.SP_age_mean":45.833333333333336,"_step":1,"agg/val.val_score_std":0,"val.EO_sex":24.50980392156863,"agg/val.SP_sex_mean":7.051282051282054,"agg/test.roc_auc_std":0,"agg/test.EO_age_mean":41.17647058823529,"val.val_score_bestthr":103.1660390296942,"val.SP_sex":7.051282051282054,"agg/test.accuracy_mean":68.18181818181817,"test.accuracy":68.18181818181817,"test.SP_age":32.75418275418276,"agg/val.EO_age_mean":55.55555555555556,"_runtime":62.85814525,"agg/val.accuracy_mean":72.58064516129032,"agg/test.roc_auc_mean":60.80539358600583,"agg/val.SP_sex_std":0,"test.SP_sex":1.8148148148148135,"agg/val.SP_age_std":0,"_timestamp":1.7672471221942654e+09,"agg/fold_id_mean":0,"agg/val.EO_age_std":0,"agg/val.val_score_bestthr_std":0,"val.EO_age":55.55555555555556,"agg/seed_mean":0,"agg/test.precision_std":0,"agg/test.EO_sex_mean":14.583333333333334,"agg/test.recall_mean":25,"agg/test.f1_score_std":0,"agg/test.recall_std":0,"test.roc_auc":60.80539358600583,"test.recall":25,"agg/test.accuracy_std":0,"agg/seed_std":0,"val.accuracy":72.58064516129032,"agg/test.EO_age_std":0,"val.SP_age":45.833333333333336,"agg/val.accuracy_std":0,"agg/val.roc_auc_std":0,"agg/val.val_score_mean":99.44763031349844,"test.EO_age":41.17647058823529,"test.precision":66.66666666666666,"agg/test.SP_sex_mean":1.8148148148148135,"val.val_score":99.44763031349844,"val.roc_auc":73.24414715719062,"agg/best_epoch_std":0,"agg/fold_id_std":0,"_wandb":{"runtime":62},"seed":0,"agg/val.val_score_bestthr_mean":103.1660390296942,"agg/best_epoch_mean":16,"agg/test.precision_mean":66.66666666666666,"agg/test.SP_age_mean":32.75418275418276,"agg/val.f1_score_mean":63.829787234042556,"agg/val.EO_sex_mean":24.50980392156863,"test.EO_sex":14.583333333333334,"val.f1_score":63.829787234042556,"fold":0}