{"agg/test.accuracy_std":0,"agg/test.EO_age_mean":47.05882352941176,"val.SP_age":28.47222222222222,"agg/val.accuracy_mean":72.58064516129032,"test.accuracy":68.18181818181817,"val.val_score_bestthr":104.05820990513658,"_runtime":52.61033304,"agg/best_epoch_mean":26,"agg/val.EO_age_std":0,"agg/val.val_score_bestthr_std":0,"test.roc_auc":60.56851311953353,"agg/val.val_score_bestthr_mean":104.05820990513658,"test.precision":62.96296296296296,"agg/val.accuracy_std":0,"val.EO_sex":26.470588235294112,"agg/test.SP_sex_mean":1.5185185185185164,"agg/val.EO_sex_mean":26.470588235294112,"agg/val.SP_age_std":0,"agg/test.SP_age_std":0,"test.EO_age":47.05882352941176,"val.f1_score":65.3061224489796,"_wandb":{"runtime":52},"agg/test.roc_auc_mean":60.56851311953353,"agg/val.EO_age_mean":50,"test.SP_age":25.289575289575296,"val.val_score":99.73992543667592,"agg/test.recall_std":0,"val.roc_auc":69.78818283166109,"_timestamp":1.7672363495998244e+09,"agg/val.SP_sex_std":0,"agg/val.f1_score_std":0,"agg/seed_mean":0,"agg/test.f1_score_mean":40.96385542168675,"agg/test.EO_age_std":0,"test.f1_score":40.96385542168675,"test.SP_sex":1.5185185185185164,"agg/test.accuracy_mean":68.18181818181817,"agg/val.roc_auc_std":0,"agg/test.f1_score_std":0,"agg/test.EO_sex_std":0,"agg/val.SP_sex_mean":12.606837606837606,"agg/test.precision_mean":62.96296296296296,"agg/test.roc_auc_std":0,"val.accuracy":72.58064516129032,"agg/val.f1_score_mean":65.3061224489796,"agg/test.SP_age_mean":25.289575289575296,"val.EO_age":50,"fold":0,"test.EO_sex":8.333333333333332,"agg/val.val_score_std":0,"agg/fold_id_mean":0,"agg/test.recall_mean":30.357142857142854,"agg/val.val_score_mean":99.73992543667592,"agg/val.roc_auc_mean":69.78818283166109,"val.SP_sex":12.606837606837606,"agg/test.precision_std":0,"agg/best_epoch_std":0,"seed":0,"agg/val.SP_age_mean":28.47222222222222,"agg/test.EO_sex_mean":8.333333333333332,"agg/test.SP_sex_std":0,"agg/val.EO_sex_std":0,"agg/fold_id_std":0,"test.recall":30.357142857142854,"agg/seed_std":0,"_step":1}