{"agg/test.EO_age_mean":17.469034233740118,"agg/val.SP_sex_std":11.690928123862458,"agg/test.recall_mean":85.35064935064935,"fold":4,"test/SP_age":11.111111111111116,"_step":5,"test/f1":53.46534653465347,"test/EO_age":8.333333333333337,"agg/test.EO_sex_std":7.50691895517372,"agg/best_epoch_std":13.661625086350453,"test/recall":98.18181818181819,"agg/test.accuracy_mean":49.915117562176384,"agg/val.val_score_mean":86.02584751307816,"agg/val.accuracy_mean":55.16129032258065,"val/f1":59.70149253731344,"agg/test.roc_auc_mean":60.39449315674858,"val/EO_sex":8.888888888888879,"agg/val.SP_sex_mean":17.100369061270246,"agg/val.val_score_bestthr_std":11.34996960293096,"agg/seed_std":1.4142135623730951,"agg/test.SP_sex_mean":7.364558864761792,"agg/best_epoch_mean":47.4,"agg/test.recall_std":11.913229180870259,"agg/test.precision_mean":41.89509930584895,"agg/test.precision_std":4.090957292271133,"agg/fold_id_std":1.4142135623730951,"seed":4,"agg/test.SP_age_std":6.718597247503839,"test/auc":58.70129870129871,"agg/val.accuracy_std":10.067410667307895,"agg/test.EO_age_std":14.680427057571187,"agg/val.roc_auc_mean":61.226309921962084,"_timestamp":1.7673226628260646e+09,"test/EO_sex":2.3809523809523836,"agg/test.SP_age_mean":14.165229405064082,"agg/test.SP_sex_std":5.707533536009381,"agg/test.EO_sex_mean":7.861904761904763,"agg/val.SP_age_mean":21.415143250282572,"agg/val.EO_sex_mean":5.96766425868593,"val/acc":56.451612903225815,"agg/val.f1_score_mean":60.3683832193866,"agg/val.roc_auc_std":7.2302023414317285,"val/val_score":81.01598846195405,"_runtime":406.25085056,"_wandb":{"runtime":406},"agg/val.val_score_bestthr_mean":84.6387454046668,"agg/test.f1_score_std":1.7357402364672165,"agg/test.f1_score_mean":55.526232274033156,"val/SP_age":21.42857142857143,"agg/val.SP_age_std":9.58488002458916,"agg/val.EO_age_std":22.83729296815581,"agg/val.EO_sex_std":3.445781404277455,"agg/test.roc_auc_std":3.25034448359334,"agg/val.EO_age_mean":26.190476190476193,"agg/val.f1_score_std":3.422555488351469,"agg/val.val_score_std":7.865212955084259,"test/SP_sex":2.1381578947368474,"val/SP_sex":11.260709914320689,"val/auc":61.09253065774804,"agg/fold_id_mean":2,"test/acc":38.56209150326798,"test/precision":36.734693877551024,"val/val_score_bestthr":85.55324413623138,"agg/seed_mean":2,"val/EO_age":33.333333333333336,"agg/test.accuracy_std":9.380506407099974}