{"val.SP_age":16.666666666666668,"agg/val.EO_sex_mean":8.823529411764708,"val.EO_age":46.66666666666667,"test.precision":52.054794520547944,"agg/test.accuracy_mean":65.5844155844156,"test.EO_sex":22.916666666666664,"agg/test.EO_age_mean":33.68983957219251,"agg/val.f1_score_mean":55.319148936170215,"agg/val.f1_score_std":0,"agg/val.SP_age_std":0,"agg/test.roc_auc_std":0,"val.EO_sex":8.823529411764708,"agg/best_epoch_mean":63,"agg/val.val_score_bestthr_mean":92.99652527818583,"agg/test.f1_score_mean":58.914728682170534,"test.EO_age":33.68983957219251,"test.SP_sex":15.962962962962967,"agg/val.val_score_mean":92.99652527818583,"agg/test.SP_sex_std":0,"agg/test.EO_sex_mean":22.916666666666664,"agg/val.SP_age_mean":16.666666666666668,"val.SP_sex":7.051282051282054,"agg/test.f1_score_std":0,"agg/val.roc_auc_mean":60.535117056856194,"test.f1_score":58.914728682170534,"agg/val.EO_sex_std":0,"agg/test.SP_sex_mean":15.962962962962967,"agg/val.SP_sex_mean":7.051282051282054,"val.accuracy":66.12903225806451,"agg/test.SP_age_mean":23.101673101673104,"test.roc_auc":61.51603498542274,"agg/seed_std":0,"agg/seed_mean":0,"agg/test.precision_mean":52.054794520547944,"agg/fold_id_mean":0,"agg/test.accuracy_std":0,"fold":0,"_timestamp":1.7672428230191562e+09,"test.SP_age":23.101673101673104,"agg/val.roc_auc_std":0,"agg/val.EO_age_mean":46.66666666666667,"agg/best_epoch_std":0,"agg/val.SP_sex_std":0,"agg/test.SP_age_std":0,"_wandb":{"runtime":124},"_step":1,"val.f1_score":55.319148936170215,"_runtime":124.115454564,"agg/val.accuracy_mean":66.12903225806451,"agg/test.EO_sex_std":0,"agg/test.precision_std":0,"seed":0,"agg/test.recall_mean":67.85714285714286,"agg/val.val_score_bestthr_std":0,"agg/val.accuracy_std":0,"test.accuracy":65.5844155844156,"agg/fold_id_std":0,"val.roc_auc":60.535117056856194,"agg/val.EO_age_std":0,"agg/test.roc_auc_mean":61.51603498542274,"agg/test.recall_std":0,"agg/val.val_score_std":0,"val.val_score":92.99652527818583,"test.recall":67.85714285714286,"agg/test.EO_age_std":0,"val.val_score_bestthr":92.99652527818583}