{"agg/test.EO_sex_std":0,"agg/test.accuracy_std":0,"test.f1_score":39.175257731958766,"test.SP_sex":6.777777777777777,"seed":0,"_wandb":{"runtime":114},"agg/val.val_score_bestthr_mean":96.87066851554516,"_step":1,"agg/test.SP_sex_std":0,"agg/val.val_score_mean":93.49976205272694,"agg/val.EO_age_std":0,"agg/test.precision_mean":46.34146341463415,"agg/val.EO_sex_std":0,"val.SP_sex":8.760683760683758,"agg/test.recall_std":0,"agg/test.accuracy_mean":61.68831168831169,"test.EO_sex":4.166666666666669,"agg/test.f1_score_std":0,"agg/test.SP_age_mean":18.790218790218795,"test.precision":46.34146341463415,"agg/test.precision_std":0,"test.recall":33.92857142857143,"agg/val.SP_age_std":0,"agg/test.SP_sex_mean":6.777777777777777,"agg/val.SP_sex_std":0,"agg/val.SP_age_mean":11.11111111111111,"val.val_score":93.49976205272694,"agg/val.f1_score_mean":60,"agg/test.EO_age_std":0,"val.SP_age":11.11111111111111,"_runtime":114.287526879,"agg/val.roc_auc_mean":65.66332218506132,"agg/test.roc_auc_std":0,"agg/val.val_score_std":0,"agg/seed_mean":0,"test.accuracy":61.68831168831169,"agg/val.f1_score_std":0,"agg/val.roc_auc_std":0,"val.roc_auc":65.66332218506132,"val.f1_score":60,"agg/val.accuracy_std":0,"agg/test.f1_score_mean":39.175257731958766,"agg/test.recall_mean":33.92857142857143,"val.accuracy":67.74193548387096,"agg/val.EO_sex_mean":20.588235294117652,"agg/best_epoch_mean":44,"agg/seed_std":0,"agg/test.SP_age_std":0,"test.SP_age":18.790218790218795,"test.roc_auc":57.981049562682216,"fold":0,"_timestamp":1.7672459557661877e+09,"agg/val.SP_sex_mean":8.760683760683758,"agg/fold_id_mean":0,"agg/fold_id_std":0,"agg/test.EO_sex_mean":4.166666666666669,"agg/test.EO_age_mean":13.903743315508022,"agg/val.accuracy_mean":67.74193548387096,"val.val_score_bestthr":96.87066851554516,"agg/test.roc_auc_mean":57.981049562682216,"agg/best_epoch_std":0,"agg/val.EO_age_mean":46.66666666666667,"val.EO_age":46.66666666666667,"agg/val.val_score_bestthr_std":0,"val.EO_sex":20.588235294117652,"test.EO_age":13.903743315508022}