{"agg/test.roc_auc_std":0,"test.roc_auc":63.84839650145773,"agg/test.EO_sex_std":0,"agg/val.EO_sex_std":0,"test.accuracy":59.74025974025974,"agg/test.f1_score_std":0,"agg/val.SP_age_mean":40.97222222222222,"agg/val.val_score_bestthr_std":0,"agg/test.val_score_bestthr_mean":74.7995242850506,"agg/test.SP_sex_std":0,"agg/test.precision_mean":45.83333333333333,"_runtime":73.095033701,"agg/test.accuracy_std":0,"agg/test.recall_std":0,"agg/seed_std":0,"agg/test.precision_std":0,"seed":0,"agg/test.val_score_std":0,"_wandb":{"runtime":73},"agg/val.val_score_std":0,"val.f1_score":65.3061224489796,"agg/val.accuracy_std":0,"fold":0,"agg/val.roc_auc_std":0,"_timestamp":1.767074395629389e+09,"agg/val.EO_age_mean":38.888888888888886,"agg/test.best_f1_std":0,"agg/test.val_score_mean":84.46589132390602,"agg/val.EO_age_std":0,"agg/seed_mean":0,"agg/test.SP_sex_mean":2.1481481481481435,"agg/val.EO_sex_mean":18.627450980392158,"agg/test.best_thr_f1_mean":0.19999999999999996,"agg/fold_id_std":0,"agg/test.SP_age_std":0,"agg/fold_id_mean":0,"agg/val.SP_age_std":0,"agg/val.accuracy_mean":72.58064516129032,"agg/test.roc_auc_mean":63.84839650145773,"agg/val.SP_sex_std":0,"agg/test.EO_sex_mean":18.75,"agg/val.roc_auc_mean":73.8015607580825,"val.roc_auc":73.8015607580825,"agg/test.accuracy_mean":59.74025974025974,"agg/test.best_accuracy_mean":46.75324675324675,"agg/test.EO_age_mean":45.98930481283422,"agg/val.f1_score_std":0,"agg/val.val_score_mean":104.24241050845484,"agg/test.best_f1_mean":56.84210526315789,"agg/test.SP_age_mean":38.67438867438867,"val.accuracy":72.58064516129032,"agg/val.SP_sex_mean":0.6410256410256387,"test.f1_score":51.562499999999986,"agg/best_epoch_mean":53,"agg/test.EO_age_std":0,"agg/best_epoch_std":0,"agg/test.recall_mean":58.92857142857143,"agg/test.val_score_bestthr_std":0,"agg/val.val_score_bestthr_mean":102.42069030020498,"agg/test.f1_score_mean":51.562499999999986,"_step":1,"val.val_score":104.24241050845484,"agg/test.best_thr_f1_std":0,"agg/val.f1_score_mean":65.3061224489796,"agg/test.best_accuracy_std":0}