{"agg/val.f1_score_mean":63.99999999999999,"agg/test.precision_mean":44.871794871794876,"agg/test.val_score_bestthr_mean":86.87448168934985,"agg/best_epoch_mean":23,"agg/val.val_score_std":0,"agg/val.SP_age_std":0,"_step":1,"agg/val.val_score_bestthr_mean":101.82002323261811,"agg/val.val_score_bestthr_std":0,"agg/val.EO_sex_mean":26.470588235294112,"seed":0,"agg/test.SP_age_std":0,"test.roc_auc":63.01020408163266,"agg/test.val_score_std":0,"fold":0,"agg/val.EO_sex_std":0,"agg/test.EO_age_mean":31.01604278074866,"agg/fold_id_std":0,"agg/test.best_f1_mean":56.55172413793104,"agg/test.accuracy_std":0,"agg/test.best_accuracy_std":0,"agg/test.roc_auc_mean":63.01020408163266,"agg/val.accuracy_mean":70.96774193548387,"agg/val.SP_age_mean":22.916666666666668,"agg/val.val_score_mean":101.82002323261811,"agg/val.roc_auc_mean":65.55183946488295,"agg/test.EO_sex_std":0,"agg/val.EO_age_std":0,"agg/test.best_accuracy_mean":59.09090909090909,"agg/seed_std":0,"agg/val.EO_age_mean":50,"agg/val.SP_sex_std":0,"agg/test.f1_score_std":0,"val.roc_auc":65.55183946488295,"agg/test.roc_auc_std":0,"agg/test.SP_sex_mean":3.8518518518518565,"agg/test.f1_score_mean":52.23880597014926,"agg/best_epoch_std":0,"agg/test.SP_age_mean":13.240418118466907,"agg/test.EO_sex_mean":14.583333333333337,"agg/test.EO_age_std":0,"agg/test.SP_sex_std":0,"agg/test.best_thr_f1_std":0,"agg/test.val_score_mean":83.93404496578907,"agg/test.recall_std":0,"agg/val.accuracy_std":0,"test.f1_score":52.23880597014926,"test.accuracy":58.44155844155844,"agg/test.recall_mean":62.5,"_wandb":{"runtime":48},"agg/test.val_score_bestthr_std":0,"val.accuracy":70.96774193548387,"agg/seed_mean":0,"agg/val.roc_auc_std":0,"val.f1_score":63.99999999999999,"agg/test.best_thr_f1_mean":0.4549999999999999,"agg/val.f1_score_std":0,"_timestamp":1.7670581196647449e+09,"agg/test.precision_std":0,"_runtime":48.858272156,"agg/test.best_f1_std":0,"agg/fold_id_mean":0,"agg/val.SP_sex_mean":15.384615384615385,"agg/test.accuracy_mean":58.44155844155844}