{"agg/test.SP_sex_mean":4.370370370370375,"test.f1_score":52.83018867924528,"agg/test.roc_auc_std":0,"val.roc_auc":72.90969899665552,"agg/val.accuracy_std":0,"agg/test.roc_auc_mean":63.88483965014578,"agg/test.SP_age_mean":31.98198198198199,"val.val_score_bestthr":99.97982469500909,"agg/test.EO_age_mean":43.31550802139038,"test.accuracy":67.53246753246754,"_step":1,"_runtime":116.475040275,"test.precision":56.00000000000001,"agg/val.val_score_mean":99.97982469500909,"agg/val.roc_auc_std":0,"agg/val.val_score_bestthr_mean":99.97982469500909,"test.EO_sex":29.166666666666668,"val.val_score":99.97982469500909,"test.SP_sex":4.370370370370375,"val.accuracy":70.96774193548387,"agg/val.roc_auc_mean":72.90969899665552,"agg/test.f1_score_std":0,"test.roc_auc":63.88483965014578,"agg/val.EO_age_mean":83.33333333333334,"agg/best_epoch_std":0,"test.recall":50,"agg/test.f1_score_mean":52.83018867924528,"test.EO_age":43.31550802139038,"agg/val.EO_sex_std":0,"val.EO_sex":14.70588235294118,"_timestamp":1.76724772579071e+09,"agg/test.precision_std":0,"agg/test.EO_age_std":0,"agg/test.accuracy_std":0,"agg/val.val_score_bestthr_std":0,"agg/test.recall_mean":50,"agg/val.SP_sex_mean":10.897435897435898,"agg/val.EO_age_std":0,"agg/val.accuracy_mean":70.96774193548387,"agg/fold_id_mean":0,"agg/val.f1_score_std":0,"agg/test.EO_sex_mean":29.166666666666668,"agg/test.EO_sex_std":0,"agg/test.recall_std":0,"agg/val.SP_age_std":0,"agg/val.SP_age_mean":33.333333333333336,"agg/fold_id_std":0,"val.SP_age":33.333333333333336,"agg/seed_mean":0,"agg/val.f1_score_mean":60.86956521739131,"agg/val.val_score_std":0,"agg/test.SP_sex_std":0,"agg/best_epoch_mean":46,"val.SP_sex":10.897435897435898,"agg/val.SP_sex_std":0,"agg/val.EO_sex_mean":14.70588235294118,"fold":0,"val.f1_score":60.86956521739131,"seed":0,"agg/test.SP_age_std":0,"agg/test.accuracy_mean":67.53246753246754,"val.EO_age":83.33333333333334,"_wandb":{"runtime":116},"agg/test.precision_mean":56.00000000000001,"agg/seed_std":0,"test.SP_age":31.98198198198199}