{"_runtime":90.751128387,"agg/val.SP_sex_mean":11.965811965811968,"agg/test.val_score_bestthr_mean":95.3374426782702,"agg/test.best_thr_f1_std":0,"_timestamp":1.767059590916397e+09,"agg/test.precision_std":0,"agg/val.SP_age_mean":27.083333333333336,"agg/test.roc_auc_mean":65.12390670553935,"agg/test.accuracy_mean":67.53246753246754,"val.accuracy":74.19354838709677,"agg/fold_id_mean":0,"agg/val.val_score_mean":105.09836293529368,"agg/test.roc_auc_std":0,"agg/val.f1_score_mean":63.63636363636365,"agg/seed_mean":0,"agg/test.recall_std":0,"agg/val.roc_auc_mean":76.47714604236343,"agg/test.best_thr_f1_mean":0.4699999999999999,"test.roc_auc":65.12390670553935,"agg/val.SP_sex_std":0,"agg/test.EO_sex_std":0,"agg/val.val_score_std":0,"agg/val.SP_age_std":0,"agg/val.f1_score_std":0,"agg/test.f1_score_mean":53.703703703703695,"agg/val.EO_age_mean":44.44444444444445,"agg/test.val_score_bestthr_std":0,"agg/test.EO_age_mean":34.224598930481285,"val.roc_auc":76.47714604236343,"agg/best_epoch_std":0,"agg/test.recall_mean":51.78571428571429,"_wandb":{"runtime":90},"agg/val.accuracy_mean":74.19354838709677,"agg/test.accuracy_std":0,"test.f1_score":53.703703703703695,"agg/test.val_score_mean":93.63051397845516,"seed":0,"_step":1,"agg/val.val_score_bestthr_std":0,"agg/val.roc_auc_std":0,"agg/test.f1_score_std":0,"test.accuracy":67.53246753246754,"agg/test.EO_sex_mean":12.5,"agg/test.best_f1_std":0,"fold":0,"agg/test.SP_age_std":0,"agg/val.EO_sex_std":0,"agg/seed_std":0,"val.val_score":105.09836293529368,"agg/test.best_f1_mean":57.627118644067785,"agg/val.EO_sex_mean":7.843137254901955,"val.val_score_bestthr":103.84804790402514,"agg/test.val_score_std":0,"agg/test.best_accuracy_std":0,"agg/fold_id_std":0,"agg/test.SP_sex_mean":9.222222222222221,"agg/val.val_score_bestthr_mean":103.84804790402514,"agg/val.accuracy_std":0,"agg/test.SP_sex_std":0,"agg/test.SP_age_mean":19.43371943371944,"agg/test.precision_mean":55.769230769230774,"val.f1_score":63.63636363636365,"agg/test.best_accuracy_mean":67.53246753246754,"agg/test.EO_age_std":0,"agg/val.EO_age_std":0,"agg/best_epoch_mean":38}