{"agg/test.accuracy_std":0,"agg/test.f1_score_mean":58.88324873096447,"agg/test.val_score_bestthr_mean":90.82088521377594,"agg/test.EO_sex_std":0,"agg/test.SP_age_mean":11.027568922305765,"agg/test.recall_mean":54.71698113207547,"agg/test.best_f1_mean":68.96551724137932,"test.roc_auc":65.97235195217634,"agg/val.SP_age_mean":33.42391304347826,"agg/test.best_thr_f1_std":0,"agg/test.best_accuracy_std":0,"agg/val.SP_sex_std":0,"agg/val.f1_score_mean":70.42253521126761,"agg/test.best_f1_std":0,"agg/seed_std":0,"fold":0,"agg/test.val_score_bestthr_std":0,"agg/fold_id_std":0,"agg/test.SP_age_std":0,"agg/fold_id_mean":0,"agg/test.EO_age_mean":18.016194331983808,"val.f1_score":70.42253521126761,"_runtime":79.77074757,"agg/test.roc_auc_mean":65.97235195217634,"agg/test.recall_std":0,"agg/val.val_score_bestthr_std":0,"agg/test.precision_mean":63.73626373626373,"agg/val.val_score_mean":109.10757632354414,"agg/test.EO_sex_mean":23.10949788263762,"agg/test.f1_score_std":0,"test.f1_score":58.88324873096447,"agg/val.EO_age_mean":39.42307692307693,"agg/val.val_score_std":0,"val.accuracy":74.69879518072288,"agg/val.f1_score_std":0,"_wandb":{"runtime":79},"agg/test.val_score_std":0,"agg/best_epoch_std":0,"seed":0,"agg/val.val_score_bestthr_mean":109.57542428833025,"_step":1,"agg/val.accuracy_mean":74.69879518072288,"agg/val.SP_age_std":0,"agg/val.roc_auc_std":0,"agg/seed_mean":0,"agg/test.precision_std":0,"agg/test.roc_auc_std":0,"agg/test.val_score_mean":89.63101909775011,"agg/test.SP_sex_std":0,"agg/val.roc_auc_mean":75.5813953488372,"agg/test.accuracy_mean":60.86956521739131,"test.accuracy":60.86956521739131,"val.roc_auc":75.5813953488372,"val.val_score":109.10757632354414,"agg/val.EO_sex_std":0,"agg/val.EO_sex_mean":1.1904761904761973,"agg/val.SP_sex_mean":6.211180124223603,"agg/val.EO_age_std":0,"agg/test.best_thr_f1_mean":0.12499999999999999,"agg/test.SP_sex_mean":15.863787375415278,"agg/test.best_accuracy_mean":56.52173913043478,"agg/test.EO_age_std":0,"agg/val.accuracy_std":0,"agg/best_epoch_mean":49,"_timestamp":1.7671428393679526e+09}