{"agg/test.recall_mean":25,"test.accuracy":66.88311688311688,"test.f1_score":35.44303797468354,"val.EO_age":55.55555555555556,"_step":1,"seed":0,"agg/test.roc_auc_mean":58.01749271137027,"agg/val.val_score_bestthr_mean":104.0292694828138,"agg/test.roc_auc_std":0,"agg/test.precision_std":0,"agg/val.SP_sex_mean":5.9829059829059785,"agg/test.recall_std":0,"val.SP_sex":5.9829059829059785,"fold":0,"agg/seed_std":0,"test.EO_sex":14.583333333333334,"agg/val.val_score_std":0,"agg/test.EO_sex_mean":14.583333333333334,"_wandb":{"runtime":85},"test.precision":60.86956521739131,"agg/val.val_score_mean":101.70953939936717,"agg/val.val_score_bestthr_std":0,"agg/fold_id_std":0,"val.SP_age":40.27777777777778,"agg/best_epoch_std":0,"agg/val.EO_age_mean":55.55555555555556,"agg/test.accuracy_std":0,"agg/test.EO_age_mean":41.17647058823529,"agg/test.EO_age_std":0,"agg/test.SP_sex_mean":2.6666666666666643,"agg/test.SP_age_mean":35.45688545688546,"val.roc_auc":73.8015607580825,"agg/val.SP_sex_std":0,"agg/test.precision_mean":60.86956521739131,"val.accuracy":72.58064516129032,"val.f1_score":65.3061224489796,"agg/val.EO_age_std":0,"agg/val.EO_sex_mean":18.627450980392158,"agg/val.accuracy_std":0,"_timestamp":1.767238128504285e+09,"agg/fold_id_mean":0,"agg/val.SP_age_std":0,"_runtime":85.145594939,"agg/test.f1_score_mean":35.44303797468354,"agg/test.SP_sex_std":0,"agg/val.roc_auc_mean":73.8015607580825,"test.EO_age":41.17647058823529,"agg/test.EO_sex_std":0,"agg/val.SP_age_mean":40.27777777777778,"val.EO_sex":18.627450980392158,"agg/test.accuracy_mean":66.88311688311688,"test.roc_auc":58.01749271137027,"agg/val.accuracy_mean":72.58064516129032,"val.val_score_bestthr":104.0292694828138,"agg/seed_mean":0,"agg/test.SP_age_std":0,"agg/val.roc_auc_std":0,"test.recall":25,"test.SP_age":35.45688545688546,"agg/val.f1_score_mean":65.3061224489796,"test.SP_sex":2.6666666666666643,"agg/best_epoch_mean":16,"agg/test.f1_score_std":0,"agg/val.f1_score_std":0,"agg/val.EO_sex_std":0,"val.val_score":101.70953939936717}