{"agg/test.SP_sex_mean":18.37037037037037,"agg/val.SP_age_mean":27.77777777777778,"agg/test.best_accuracy_std":0,"agg/fold_id_mean":0,"agg/val.val_score_bestthr_mean":111.05050551525677,"agg/val.SP_age_std":0,"agg/test.roc_auc_std":0,"_step":1,"agg/best_epoch_std":0,"val.f1_score":69.56521739130434,"agg/val.EO_sex_mean":26.470588235294112,"agg/val.f1_score_std":0,"agg/test.recall_std":0,"agg/val.val_score_bestthr_std":0,"agg/test.roc_auc_mean":61.51603498542275,"agg/test.accuracy_std":0,"agg/test.val_score_bestthr_mean":91.17608603642678,"agg/test.val_score_bestthr_std":0,"agg/seed_mean":0,"agg/test.val_score_mean":89.60149999694117,"seed":0,"_wandb":{"runtime":179},"fold":0,"agg/test.EO_sex_std":0,"agg/val.roc_auc_mean":72.12931995540691,"agg/test.recall_mean":57.14285714285714,"agg/test.best_f1_mean":55.28455284552846,"_runtime":179.139732008,"val.val_score":111.05050551525677,"agg/test.f1_score_std":0,"agg/test.EO_sex_mean":6.25,"test.roc_auc":61.51603498542275,"agg/test.SP_sex_std":0,"agg/test.EO_age_mean":25.1336898395722,"agg/test.val_score_std":0,"agg/test.SP_age_mean":20.398970398970395,"agg/test.best_f1_std":0,"agg/test.best_thr_f1_mean":0.4749999999999999,"agg/test.best_thr_f1_std":0,"agg/val.SP_sex_std":0,"agg/test.EO_age_std":0,"agg/val.EO_age_std":0,"agg/val.accuracy_mean":77.41935483870968,"val.roc_auc":72.12931995540691,"_timestamp":1.767076913755685e+09,"agg/val.val_score_mean":111.05050551525677,"agg/val.EO_sex_std":0,"agg/test.f1_score_mean":53.333333333333336,"agg/test.accuracy_mean":63.63636363636363,"val.accuracy":77.41935483870968,"agg/val.EO_age_mean":50,"agg/test.precision_mean":50,"agg/val.f1_score_mean":69.56521739130434,"agg/best_epoch_mean":35,"agg/test.best_accuracy_mean":64.28571428571429,"agg/test.precision_std":0,"agg/seed_std":0,"agg/fold_id_std":0,"test.f1_score":53.333333333333336,"agg/val.accuracy_std":0,"agg/val.SP_sex_mean":10.897435897435898,"agg/val.val_score_std":0,"test.accuracy":63.63636363636363,"agg/val.roc_auc_std":0,"agg/test.SP_age_std":0}