{"val.accuracy":74.19354838709677,"_timestamp":1.767079933428234e+09,"_runtime":81.281850465,"val.f1_score":66.66666666666666,"agg/test.EO_age_mean":40.10695187165775,"agg/best_epoch_std":0,"agg/test.val_score_bestthr_mean":92.03589362972278,"agg/val.SP_age_mean":43.75,"agg/val.SP_sex_std":0,"agg/test.f1_score_std":0,"_step":1,"agg/test.EO_sex_mean":22.916666666666664,"agg/test.SP_age_mean":30.24453024453025,"agg/val.EO_age_std":0,"agg/test.val_score_std":0,"agg/test.EO_age_std":0,"test.accuracy":65.5844155844156,"agg/best_epoch_mean":30,"agg/test.precision_std":0,"agg/test.val_score_bestthr_std":0,"agg/val.accuracy_mean":74.19354838709677,"agg/test.recall_std":0,"agg/test.SP_age_std":0,"test.f1_score":53.91304347826087,"agg/fold_id_std":0,"seed":0,"test.roc_auc":64.17638483965014,"agg/test.accuracy_mean":65.5844155844156,"agg/val.val_score_bestthr_std":0,"agg/val.SP_sex_mean":3.4188034188034178,"agg/val.roc_auc_mean":70.56856187290971,"agg/val.roc_auc_std":0,"agg/val.val_score_bestthr_mean":106.48003028754925,"agg/val.SP_age_std":0,"agg/test.roc_auc_mean":64.17638483965014,"agg/val.EO_age_mean":38.888888888888886,"agg/test.SP_sex_mean":1.9629629629629664,"agg/val.EO_sex_mean":18.627450980392158,"agg/seed_mean":0,"agg/test.best_accuracy_std":0,"agg/test.best_thr_f1_mean":0.43499999999999994,"agg/test.best_thr_f1_std":0,"agg/val.f1_score_std":0,"agg/val.val_score_std":0,"agg/val.val_score_mean":106.48003028754925,"agg/test.SP_sex_std":0,"agg/test.recall_mean":55.35714285714286,"agg/val.accuracy_std":0,"agg/test.best_accuracy_mean":64.28571428571429,"val.val_score":106.48003028754925,"agg/test.precision_mean":52.54237288135594,"agg/test.best_f1_std":0,"agg/test.roc_auc_std":0,"fold":0,"agg/test.best_f1_mean":58.015267175572525,"agg/seed_std":0,"agg/test.accuracy_std":0,"agg/test.f1_score_mean":53.91304347826087,"_wandb":{"runtime":81},"agg/test.EO_sex_std":0,"agg/val.f1_score_mean":66.66666666666666,"agg/fold_id_mean":0,"agg/val.EO_sex_std":0,"agg/test.val_score_mean":91.58862620608785,"val.roc_auc":70.56856187290971}