{"val.roc_auc":68.45039018952063,"val.EO_sex":26.470588235294112,"val.SP_age":16.666666666666668,"agg/val.val_score_bestthr_mean":104.17626546069214,"agg/val.SP_age_mean":16.666666666666668,"val.SP_sex":12.606837606837606,"agg/test.precision_mean":70.58823529411765,"test.SP_sex":2.740740740740741,"agg/test.EO_sex_std":0,"agg/val.val_score_mean":103.69318206639606,"agg/val.f1_score_std":0,"_step":1,"agg/val.roc_auc_std":0,"agg/val.val_score_bestthr_std":0,"agg/val.f1_score_mean":65.3061224489796,"test.SP_age":12.311265969802557,"agg/test.roc_auc_mean":60.112973760932945,"agg/val.SP_sex_mean":12.606837606837606,"agg/val.roc_auc_mean":68.45039018952063,"agg/seed_mean":0,"_timestamp":1.7672396286256194e+09,"agg/test.EO_age_std":0,"test.EO_sex":4.166666666666666,"agg/seed_std":0,"agg/test.SP_sex_mean":2.740740740740741,"test.EO_age":35.294117647058826,"agg/test.SP_age_std":0,"agg/val.SP_sex_std":0,"test.roc_auc":60.112973760932945,"agg/test.precision_std":0,"agg/test.recall_std":0,"agg/val.EO_sex_std":0,"val.val_score_bestthr":104.17626546069214,"agg/best_epoch_std":0,"agg/test.f1_score_mean":32.87671232876712,"agg/test.accuracy_std":0,"agg/val.EO_age_mean":50,"val.EO_age":50,"agg/test.accuracy_mean":68.18181818181817,"agg/fold_id_std":0,"agg/test.SP_age_mean":12.311265969802557,"test.f1_score":32.87671232876712,"fold":0,"agg/val.accuracy_std":0,"_wandb":{"runtime":71},"agg/fold_id_mean":0,"test.recall":21.428571428571427,"agg/val.SP_age_std":0,"val.val_score":103.69318206639606,"seed":0,"val.accuracy":72.58064516129032,"agg/val.accuracy_mean":72.58064516129032,"agg/best_epoch_mean":26,"agg/val.EO_age_std":0,"test.precision":70.58823529411765,"agg/test.EO_age_mean":35.294117647058826,"val.f1_score":65.3061224489796,"test.accuracy":68.18181818181817,"agg/test.f1_score_std":0,"agg/val.val_score_std":0,"agg/test.EO_sex_mean":4.166666666666666,"agg/test.SP_sex_std":0,"agg/test.roc_auc_std":0,"agg/val.EO_sex_mean":26.470588235294112,"_runtime":71.145905424,"agg/test.recall_mean":21.428571428571427}