{"agg/val.accuracy_std":0,"val.accuracy":74.19354838709677,"agg/val.EO_age_mean":55.55555555555556,"test.f1_score":44.44444444444445,"agg/test.recall_mean":35.714285714285715,"test.roc_auc":59.602769679300295,"agg/test.roc_auc_std":0,"val.EO_sex":24.50980392156863,"agg/val.val_score_bestthr_mean":105.56302206843105,"agg/val.val_score_std":0,"test.accuracy":67.53246753246754,"agg/seed_std":0,"agg/test.accuracy_mean":67.53246753246754,"val.EO_age":55.55555555555556,"agg/test.SP_age_std":0,"agg/test.SP_age_mean":23.552123552123554,"agg/test.SP_sex_std":0,"agg/test.SP_sex_mean":0.22222222222222088,"test.SP_age":23.552123552123554,"_wandb":{"runtime":68},"agg/val.SP_age_std":0,"agg/test.EO_age_mean":37.96791443850267,"val.SP_age":39.583333333333336,"agg/val.roc_auc_std":0,"test.EO_age":37.96791443850267,"agg/test.EO_sex_std":0,"agg/test.f1_score_mean":44.44444444444445,"_step":1,"val.val_score_bestthr":105.56302206843105,"agg/test.recall_std":0,"agg/test.f1_score_std":0,"val.roc_auc":73.69007803790413,"val.f1_score":65.21739130434783,"test.recall":35.714285714285715,"_timestamp":1.7672494997742977e+09,"agg/val.EO_sex_std":0,"agg/val.SP_sex_std":0,"agg/val.SP_age_mean":39.583333333333336,"agg/test.roc_auc_mean":59.602769679300295,"test.precision":58.82352941176471,"seed":0,"agg/val.EO_sex_mean":24.50980392156863,"agg/test.precision_mean":58.82352941176471,"agg/fold_id_mean":0,"agg/best_epoch_std":0,"agg/val.f1_score_std":0,"agg/test.precision_std":0,"agg/seed_mean":0,"agg/best_epoch_mean":16,"agg/val.val_score_mean":102.57287743881672,"agg/test.EO_age_std":0,"agg/val.accuracy_mean":74.19354838709677,"agg/val.roc_auc_mean":73.69007803790413,"agg/val.f1_score_mean":65.21739130434783,"val.SP_sex":4.273504273504275,"test.SP_sex":0.22222222222222088,"fold":0,"agg/test.EO_sex_mean":16.666666666666668,"agg/test.accuracy_std":0,"val.val_score":102.57287743881672,"agg/val.val_score_bestthr_std":0,"test.EO_sex":16.666666666666668,"agg/fold_id_std":0,"agg/val.EO_age_std":0,"agg/val.SP_sex_mean":4.273504273504275,"_runtime":68.359470898}