{"agg/best_epoch_std":0,"agg/val.val_score_std":0,"agg/test.accuracy_std":0,"test.EO_age":70.58823529411765,"agg/test.precision_std":0,"test.SP_age":31.240063593004773,"agg/fold_id_std":0,"_timestamp":1.767233924443237e+09,"_wandb":{"runtime":144},"agg/test.precision_mean":50,"_step":1,"_runtime":144.853728427,"agg/test.EO_age_mean":70.58823529411765,"agg/val.roc_auc_std":0,"test.recall":44.642857142857146,"agg/val.val_score_mean":104.91583244133054,"seed":0,"test.EO_sex":8.333333333333332,"test.accuracy":63.63636363636363,"agg/test.f1_score_mean":47.169811320754725,"agg/val.EO_age_std":0,"agg/val.accuracy_std":0,"agg/test.EO_sex_mean":8.333333333333332,"agg/test.roc_auc_std":0,"agg/test.SP_sex_mean":7.222222222222219,"agg/test.EO_age_std":0,"agg/test.f1_score_std":0,"agg/test.SP_age_mean":31.240063593004773,"agg/val.f1_score_std":0,"agg/seed_std":0,"val.SP_age":34.02777777777778,"agg/fold_id_mean":0,"agg/test.roc_auc_mean":62.44533527696793,"agg/val.SP_sex_std":0,"agg/val.roc_auc_mean":74.02452619843925,"agg/test.recall_mean":44.642857142857146,"agg/test.accuracy_mean":63.63636363636363,"agg/test.recall_std":0,"agg/val.SP_age_mean":34.02777777777778,"val.f1_score":69.3877551020408,"agg/test.EO_sex_std":0,"agg/val.val_score_bestthr_mean":109.43594379439119,"agg/seed_mean":0,"agg/val.SP_sex_mean":12.606837606837606,"val.accuracy":75.80645161290323,"val.val_score":104.91583244133054,"val.SP_sex":12.606837606837606,"agg/val.SP_age_std":0,"fold":0,"agg/test.SP_sex_std":0,"val.val_score_bestthr":109.43594379439119,"test.precision":50,"val.EO_age":50,"agg/best_epoch_mean":24,"agg/val.accuracy_mean":75.80645161290323,"agg/val.EO_sex_std":0,"val.EO_sex":9.80392156862745,"agg/val.EO_sex_mean":9.80392156862745,"test.roc_auc":62.44533527696793,"agg/val.EO_age_mean":50,"agg/test.SP_age_std":0,"agg/val.f1_score_mean":69.3877551020408,"test.f1_score":47.169811320754725,"agg/val.val_score_bestthr_std":0,"val.roc_auc":74.02452619843925,"test.SP_sex":7.222222222222219}