{"test.f1_score":21.53846153846154,"agg/test.precision_mean":77.77777777777779,"val.EO_age":33.333333333333336,"agg/val.SP_age_std":0,"val.SP_sex":14.31623931623932,"_runtime":31.251915631,"agg/val.SP_age_mean":27.083333333333332,"agg/val.accuracy_mean":70.96774193548387,"agg/test.precision_std":0,"agg/test.SP_age_mean":5.727155727155727,"agg/val.val_score_std":0,"agg/val.roc_auc_mean":71.7948717948718,"_step":1,"agg/seed_mean":0,"val.accuracy":70.96774193548387,"agg/val.EO_age_mean":33.333333333333336,"agg/val.roc_auc_std":0,"val.val_score_bestthr":103.91369018657919,"test.EO_sex":14.583333333333334,"test.precision":77.77777777777779,"agg/val.val_score_bestthr_std":0,"_wandb":{"runtime":31},"val.SP_age":27.083333333333332,"test.SP_sex":3.296296296296297,"agg/fold_id_std":0,"test.accuracy":66.88311688311688,"agg/val.f1_score_std":0,"test.recall":12.5,"test.EO_age":17.647058823529413,"agg/test.EO_age_std":0,"test.SP_age":5.727155727155727,"agg/val.SP_sex_std":0,"agg/test.roc_auc_mean":60.69606413994168,"agg/val.EO_sex_std":0,"agg/test.EO_sex_mean":14.583333333333334,"val.EO_sex":23.529411764705888,"agg/val.SP_sex_mean":14.31623931623932,"val.val_score":102.82215998475486,"agg/test.EO_sex_std":0,"agg/val.val_score_bestthr_mean":103.91369018657919,"val.f1_score":67.85714285714286,"agg/test.f1_score_mean":21.53846153846154,"agg/val.EO_sex_mean":23.529411764705888,"agg/val.EO_age_std":0,"agg/test.recall_mean":12.5,"seed":0,"agg/fold_id_mean":0,"agg/val.f1_score_mean":67.85714285714286,"agg/test.recall_std":0,"agg/test.accuracy_mean":66.88311688311688,"fold":0,"agg/val.val_score_mean":102.82215998475486,"agg/best_epoch_std":0,"test.roc_auc":60.69606413994168,"agg/test.SP_age_std":0,"_timestamp":1.7672366369655077e+09,"agg/test.f1_score_std":0,"agg/test.SP_sex_mean":3.296296296296297,"val.roc_auc":71.7948717948718,"agg/test.SP_sex_std":0,"agg/best_epoch_mean":16,"agg/test.accuracy_std":0,"agg/test.roc_auc_std":0,"agg/test.EO_age_mean":17.647058823529413,"agg/val.accuracy_std":0,"agg/seed_std":0}