{"val/SP_sex":8.11965811965812,"val/val_score_bestthr":97.44790683436321,"sum/agg/test.recall_mean":80.35714285714286,"test/precision":47.368421052631575,"sum/agg/test.EO_age_mean":18.181818181818176,"sum/agg/val.f1_score_mean":57.777777777777786,"test/EO_age":18.181818181818176,"sum/agg/test.SP_sex_std":0,"sum/agg/val.val_score_bestthr_mean":97.44790683436321,"sum/agg/test.f1_score_std":0,"sum/agg/val.accuracy_std":0,"_wandb":{"runtime":67},"sum/agg/test.EO_sex_std":0,"fold":0,"sum/agg/val.SP_sex_mean":8.11965811965812,"test/auc":64.10349854227405,"sum/agg/best_epoch_mean":30,"sum/agg/val.roc_auc_mean":65.3288740245262,"val/f1":57.777777777777786,"sum/agg/val.SP_age_std":0,"sum/agg/val.f1_score_std":0,"sum/agg/test.roc_auc_mean":64.10349854227405,"sum/agg/test.accuracy_mean":60.3896103896104,"sum/agg/test.SP_sex_mean":12.296296296296294,"seed":0,"_runtime":67.530956363,"test/acc":60.3896103896104,"sum/agg/test.roc_auc_std":0,"sum/agg/test.SP_age_mean":17.647058823529417,"sum/agg/test.precision_mean":47.368421052631575,"sum/agg/seed_mean":0,"sum/agg/test.EO_age_std":0,"sum/agg/val.accuracy_mean":69.35483870967742,"test/EO_sex":22.916666666666664,"sum/agg/val.EO_age_std":0,"_step":1,"sum/agg/seed_std":0,"sum/agg/val.val_score_std":0,"val/EO_age":46.66666666666667,"sum/agg/val.EO_sex_mean":8.823529411764708,"test/SP_sex":12.296296296296294,"sum/agg/test.recall_std":0,"sum/agg/best_epoch_std":0,"val/val_score":97.44790683436321,"sum/agg/val.SP_age_mean":15.972222222222221,"test/SP_age":17.647058823529417,"sum/agg/val.EO_sex_std":0,"test/recall":80.35714285714286,"sum/agg/val.val_score_mean":97.44790683436321,"sum/agg/test.accuracy_std":0,"test/f1":59.60264900662252,"val/SP_age":15.972222222222221,"sum/agg/val.EO_age_mean":46.66666666666667,"sum/agg/val.roc_auc_std":0,"sum/agg/test.precision_std":0,"sum/agg/val.val_score_bestthr_std":0,"val/acc":69.35483870967742,"_timestamp":1.7673262512644548e+09,"sum/agg/test.EO_sex_mean":22.916666666666664,"sum/agg/fold_id_std":0,"val/auc":65.3288740245262,"sum/agg/fold_id_mean":0,"sum/agg/test.f1_score_mean":59.60264900662252,"val/EO_sex":8.823529411764708,"sum/agg/val.SP_sex_std":0,"sum/agg/test.SP_age_std":0}