{"agg/val.f1_score_mean":63.99999999999999,"agg/test.val_score_mean":86.31074840118957,"_step":1,"agg/val.SP_age_std":0,"agg/test.SP_age_std":0,"agg/test.best_accuracy_std":0,"agg/val.EO_sex_std":0,"agg/test.best_thr_f1_mean":0.4699999999999999,"seed":0,"agg/test.SP_sex_mean":1.2962962962962954,"agg/test.f1_score_std":0,"agg/test.precision_mean":47.14285714285714,"agg/test.EO_sex_std":0,"agg/seed_mean":0,"test.accuracy":61.038961038961034,"agg/val.roc_auc_mean":70.45707915273131,"agg/test.precision_std":0,"agg/best_epoch_std":0,"agg/val.SP_sex_std":0,"agg/val.EO_age_std":0,"agg/val.SP_sex_mean":4.487179487179488,"test.roc_auc":63.15597667638484,"fold":0,"agg/test.accuracy_std":0,"agg/val.EO_age_mean":55.55555555555556,"val.roc_auc":70.45707915273131,"agg/test.EO_sex_mean":18.75,"agg/test.val_score_std":0,"agg/val.val_score_bestthr_mean":101.83381785303038,"_wandb":{"runtime":67},"agg/val.f1_score_std":0,"agg/val.SP_age_mean":34.72222222222222,"agg/test.EO_age_std":0,"agg/test.SP_age_mean":28.50707850707851,"agg/test.EO_age_mean":43.31550802139038,"agg/fold_id_mean":0,"_runtime":67.766359978,"agg/val.val_score_std":0,"agg/test.best_accuracy_mean":59.74025974025974,"agg/test.best_f1_mean":55.072463768115945,"val.accuracy":70.96774193548387,"agg/best_epoch_mean":13,"agg/fold_id_std":0,"agg/val.EO_sex_mean":18.627450980392158,"agg/val.val_score_bestthr_std":0,"val.val_score":101.83381785303038,"val.val_score_bestthr":101.83381785303038,"agg/test.best_f1_std":0,"agg/test.val_score_bestthr_std":0,"agg/test.best_thr_f1_std":0,"agg/test.f1_score_mean":52.38095238095239,"agg/test.roc_auc_std":0,"agg/test.recall_std":0,"agg/val.val_score_mean":101.83381785303038,"agg/val.roc_auc_std":0,"test.f1_score":52.38095238095239,"agg/test.SP_sex_std":0,"agg/seed_std":0,"agg/val.accuracy_mean":70.96774193548387,"agg/test.accuracy_mean":61.038961038961034,"agg/test.roc_auc_mean":63.15597667638484,"agg/val.accuracy_std":0,"val.f1_score":63.99999999999999,"agg/test.recall_mean":58.92857142857143,"_timestamp":1.7670606872774773e+09,"agg/test.val_score_bestthr_mean":86.47070726279806}