{"_timestamp":1.7672414986709533e+09,"agg/fold_id_mean":0,"agg/val.val_score_mean":99.27934152870111,"agg/val.f1_score_mean":66.66666666666666,"agg/val.SP_age_mean":22.916666666666668,"val.val_score":99.27934152870111,"val.accuracy":72.58064516129032,"val.EO_sex":9.80392156862745,"agg/val.EO_sex_mean":9.80392156862745,"agg/val.EO_age_std":0,"agg/val.accuracy_std":0,"_wandb":{"runtime":80},"agg/val.roc_auc_mean":74.24749163879599,"agg/test.EO_age_std":0,"val.f1_score":66.66666666666666,"agg/test.roc_auc_std":0,"val.roc_auc":74.24749163879599,"test.EO_sex":33.33333333333333,"agg/best_epoch_std":0,"agg/val.SP_sex_std":0,"agg/test.EO_age_mean":49.73262032085562,"test.SP_age":43.56499356499357,"agg/val.f1_score_std":0,"agg/test.SP_age_std":0,"agg/test.f1_score_mean":43.678160919540225,"agg/seed_mean":0,"agg/val.SP_age_std":0,"agg/val.val_score_std":0,"_step":1,"test.accuracy":68.18181818181817,"agg/test.recall_std":0,"test.precision":61.29032258064516,"seed":0,"val.EO_age":50,"agg/test.accuracy_mean":68.18181818181817,"agg/val.val_score_bestthr_mean":104.9713879968861,"val.SP_age":22.916666666666668,"fold":0,"agg/test.f1_score_std":0,"test.recall":33.92857142857143,"val.val_score_bestthr":104.9713879968861,"agg/val.roc_auc_std":0,"val.SP_sex":11.538461538461537,"agg/test.precision_std":0,"agg/val.accuracy_mean":72.58064516129032,"agg/test.EO_sex_mean":33.33333333333333,"agg/test.recall_mean":33.92857142857143,"test.f1_score":43.678160919540225,"agg/seed_std":0,"agg/test.SP_sex_std":0,"agg/test.precision_mean":61.29032258064516,"test.EO_age":49.73262032085562,"test.roc_auc":62.31778425655977,"agg/val.EO_age_mean":50,"agg/val.SP_sex_mean":11.538461538461537,"agg/test.roc_auc_mean":62.31778425655977,"agg/val.EO_sex_std":0,"agg/test.SP_age_mean":43.56499356499357,"agg/val.val_score_bestthr_std":0,"agg/test.SP_sex_mean":8.925925925925924,"_runtime":80.904586927,"agg/test.accuracy_std":0,"agg/fold_id_std":0,"agg/test.EO_sex_std":0,"test.SP_sex":8.925925925925924,"agg/best_epoch_mean":25}