{"test.EO_sex":6.25,"val.val_score":93.89806449875235,"agg/val.val_score_bestthr_mean":98.6704789865192,"val.f1_score":59.57446808510638,"agg/seed_std":0,"_wandb":{"runtime":38},"agg/val.SP_sex_std":0,"agg/val.roc_auc_mean":68.45039018952062,"agg/val.SP_age_std":0,"agg/val.EO_age_std":0,"test.SP_sex":3.3333333333333353,"agg/test.EO_sex_mean":6.25,"val.EO_age":16.666666666666664,"test.recall":32.142857142857146,"agg/val.EO_sex_std":0,"agg/test.roc_auc_std":0,"agg/val.EO_age_mean":16.666666666666664,"agg/test.SP_sex_std":0,"agg/test.SP_sex_mean":3.3333333333333353,"agg/best_epoch_mean":25,"_runtime":38.363666576,"test.SP_age":22.586872586872587,"agg/val.SP_sex_mean":0.42735042735042583,"agg/fold_id_mean":0,"agg/test.accuracy_mean":68.18181818181817,"agg/val.roc_auc_std":0,"test.precision":62.06896551724138,"val.SP_age":22.22222222222222,"test.accuracy":68.18181818181817,"agg/val.val_score_bestthr_std":0,"agg/val.f1_score_mean":59.57446808510638,"agg/test.SP_age_mean":22.586872586872587,"agg/best_epoch_std":0,"test.roc_auc":58.80102040816326,"agg/val.val_score_std":0,"_step":1,"agg/test.f1_score_mean":42.352941176470594,"agg/test.EO_sex_std":0,"agg/test.f1_score_std":0,"agg/fold_id_std":0,"test.f1_score":42.352941176470594,"agg/test.precision_std":0,"agg/test.roc_auc_mean":58.80102040816326,"val.val_score_bestthr":98.6704789865192,"test.EO_age":37.96791443850267,"val.roc_auc":68.45039018952062,"agg/test.EO_age_mean":37.96791443850267,"agg/test.precision_mean":62.06896551724138,"val.accuracy":69.35483870967742,"agg/val.SP_age_mean":22.22222222222222,"agg/val.accuracy_std":0,"agg/val.EO_sex_mean":7.843137254901955,"agg/test.recall_mean":32.142857142857146,"agg/test.recall_std":0,"seed":0,"agg/test.EO_age_std":0,"val.SP_sex":0.42735042735042583,"agg/test.accuracy_std":0,"val.EO_sex":7.843137254901955,"agg/val.f1_score_std":0,"agg/val.val_score_mean":93.89806449875235,"agg/test.SP_age_std":0,"fold":0,"agg/val.accuracy_mean":69.35483870967742,"_timestamp":1.7672328433828957e+09,"agg/seed_mean":0}