{"test.recall":30.357142857142854,"agg/test.precision_mean":58.620689655172406,"val.EO_sex":6.862745098039225,"agg/test.precision_std":0,"agg/val.accuracy_std":0,"_wandb":{"runtime":88},"val.SP_age":35.41666666666667,"agg/val.f1_score_mean":66.66666666666667,"agg/val.val_score_std":0,"agg/val.SP_age_std":0,"agg/val.roc_auc_mean":72.79821627647715,"agg/test.roc_auc_std":0,"agg/test.f1_score_std":0,"agg/val.SP_sex_mean":6.623931623931623,"fold":0,"test.EO_sex":22.916666666666668,"agg/test.roc_auc_mean":60.02186588921283,"agg/fold_id_mean":0,"agg/test.SP_sex_std":0,"agg/test.accuracy_mean":66.88311688311688,"agg/val.val_score_bestthr_mean":103.31204183493084,"val.EO_age":50,"test.EO_age":32.085561497326196,"test.SP_sex":5.22222222222222,"seed":0,"test.f1_score":40,"agg/best_epoch_std":0,"agg/test.SP_age_std":0,"test.accuracy":66.88311688311688,"agg/test.f1_score_mean":40,"agg/val.accuracy_mean":70.96774193548387,"agg/val.val_score_bestthr_std":0,"val.val_score":96.66158103439886,"val.SP_sex":6.623931623931623,"agg/val.val_score_mean":96.66158103439886,"agg/test.EO_sex_std":0,"_runtime":88.743724621,"val.f1_score":66.66666666666667,"agg/test.recall_std":0,"_step":1,"val.roc_auc":72.79821627647715,"agg/test.SP_age_mean":23.370429252782195,"agg/val.f1_score_std":0,"agg/test.recall_mean":30.357142857142854,"agg/test.SP_sex_mean":5.22222222222222,"agg/seed_std":0,"test.precision":58.620689655172406,"agg/best_epoch_mean":14,"agg/test.EO_age_std":0,"agg/test.accuracy_std":0,"agg/val.SP_age_mean":35.41666666666667,"agg/seed_mean":0,"agg/fold_id_std":0,"agg/val.EO_age_mean":50,"agg/val.roc_auc_std":0,"agg/test.EO_sex_mean":22.916666666666668,"agg/val.EO_age_std":0,"_timestamp":1.7672368184920676e+09,"val.val_score_bestthr":103.31204183493084,"agg/val.SP_sex_std":0,"agg/val.EO_sex_mean":6.862745098039225,"agg/test.EO_age_mean":32.085561497326196,"test.roc_auc":60.02186588921283,"val.accuracy":70.96774193548387,"agg/val.EO_sex_std":0,"test.SP_age":23.370429252782195}