{"sum/agg/test.EO_sex_mean":25,"val/val_score":94.2498877440291,"sum/agg/seed_mean":0,"sum/agg/fold_id_mean":0,"sum/agg/test.precision_mean":47.82608695652174,"sum/agg/val.EO_age_std":0,"sum/agg/test.SP_age_std":0,"sum/agg/val.val_score_mean":94.2498877440291,"test/auc":64.08527696793001,"sum/agg/best_epoch_mean":28,"sum/agg/test.recall_std":0,"sum/agg/test.SP_sex_mean":12.148148148148152,"sum/agg/val.EO_age_mean":66.66666666666667,"test/recall":78.57142857142857,"sum/agg/val.SP_sex_mean":5.9829059829059785,"val/auc":64.54849498327759,"val/EO_age":66.66666666666667,"sum/agg/val.accuracy_std":0,"test/f1":59.45945945945946,"sum/agg/val.SP_age_mean":16.666666666666668,"sum/agg/test.roc_auc_mean":64.08527696793001,"sum/agg/val.f1_score_mean":61.224489795918366,"sum/agg/val.SP_age_std":0,"sum/agg/val.val_score_bestthr_std":0,"sum/agg/test.roc_auc_std":0,"sum/agg/val.roc_auc_std":0,"sum/agg/test.SP_age_mean":22.408963585434176,"test/precision":47.82608695652174,"sum/agg/test.SP_sex_std":0,"val/acc":69.35483870967742,"val/SP_sex":5.9829059829059785,"sum/agg/val.val_score_bestthr_mean":98.86803886153304,"sum/agg/test.accuracy_std":0,"val/EO_sex":20.588235294117652,"sum/agg/test.EO_age_mean":20.320855614973254,"sum/agg/val.f1_score_std":0,"sum/agg/test.precision_std":0,"_timestamp":1.7673261764224405e+09,"sum/agg/fold_id_std":0,"sum/agg/val.accuracy_mean":69.35483870967742,"sum/agg/test.EO_age_std":0,"sum/agg/seed_std":0,"sum/agg/test.accuracy_mean":61.038961038961034,"sum/agg/test.f1_score_mean":59.45945945945946,"test/acc":61.038961038961034,"val/val_score_bestthr":98.86803886153304,"_runtime":67.203633725,"val/SP_age":16.666666666666668,"test/EO_age":20.320855614973254,"sum/agg/val.EO_sex_mean":20.588235294117652,"_wandb":{"runtime":67},"sum/agg/val.roc_auc_mean":64.54849498327759,"sum/agg/test.EO_sex_std":0,"sum/agg/test.recall_mean":78.57142857142857,"sum/agg/test.f1_score_std":0,"seed":0,"_step":1,"sum/agg/val.SP_sex_std":0,"val/f1":61.224489795918366,"sum/agg/val.EO_sex_std":0,"fold":0,"sum/agg/best_epoch_std":0,"sum/agg/val.val_score_std":0,"test/EO_sex":25,"test/SP_age":22.408963585434176,"test/SP_sex":12.148148148148152}