{"agg/val.f1_score_mean":60,"agg/test.SP_age_std":0,"agg/val.val_score_bestthr_mean":96.69074770106553,"test.EO_age":11.76470588235294,"agg/test.accuracy_mean":64.93506493506493,"_step":1,"agg/val.val_score_mean":91.01619372089012,"test.SP_sex":1.1481481481481481,"agg/test.SP_sex_std":0,"_timestamp":1.76723303993041e+09,"val.EO_age":55.55555555555556,"val.SP_age":22.916666666666668,"agg/val.SP_sex_mean":2.1367521367521345,"agg/val.SP_sex_std":0,"seed":0,"agg/test.EO_sex_mean":8.333333333333334,"val.f1_score":60,"agg/val.val_score_std":0,"agg/test.SP_sex_mean":1.1481481481481481,"val.SP_sex":2.1367521367521345,"test.roc_auc":56.122448979591844,"agg/test.precision_mean":75,"agg/val.f1_score_std":0,"agg/val.EO_sex_std":0,"val.val_score_bestthr":96.69074770106553,"test.recall":5.357142857142857,"agg/val.EO_sex_mean":24.50980392156863,"test.SP_age":8.108108108108109,"agg/test.SP_age_mean":8.108108108108109,"agg/val.accuracy_std":0,"agg/test.EO_age_std":0,"agg/val.accuracy_mean":67.74193548387096,"test.precision":75,"agg/test.EO_age_mean":11.76470588235294,"agg/test.recall_std":0,"fold":0,"test.EO_sex":8.333333333333334,"test.f1_score":10,"agg/test.EO_sex_std":0,"agg/test.roc_auc_std":0,"agg/val.roc_auc_mean":66.10925306577481,"agg/test.roc_auc_mean":56.122448979591844,"agg/val.EO_age_mean":55.55555555555556,"agg/seed_mean":0,"agg/fold_id_std":0,"agg/test.accuracy_std":0,"val.accuracy":67.74193548387096,"agg/best_epoch_std":0,"agg/test.f1_score_mean":10,"agg/val.SP_age_std":0,"agg/val.val_score_bestthr_std":0,"agg/best_epoch_mean":26,"agg/val.roc_auc_std":0,"_runtime":58.859470763,"val.roc_auc":66.10925306577481,"test.accuracy":64.93506493506493,"agg/val.EO_age_std":0,"agg/test.precision_std":0,"agg/test.recall_mean":5.357142857142857,"agg/fold_id_mean":0,"val.val_score":91.01619372089012,"val.EO_sex":24.50980392156863,"agg/test.f1_score_std":0,"agg/seed_std":0,"_wandb":{"runtime":58},"agg/val.SP_age_mean":22.916666666666668}