{"_step":1,"agg/test.roc_auc_mean":60.914723032069965,"agg/val.SP_sex_std":0,"agg/fold_id_mean":0,"agg/test.EO_age_mean":41.17647058823529,"agg/val.SP_age_mean":28.47222222222222,"agg/test.SP_age_std":0,"agg/test.EO_sex_std":0,"val.SP_sex":8.760683760683758,"agg/val.val_score_bestthr_mean":107.22318011158143,"val.val_score":107.22318011158143,"agg/test.SP_age_mean":23.23037323037323,"agg/test.recall_std":0,"fold":0,"agg/test.recall_mean":30.357142857142854,"test.precision":54.83870967741935,"agg/val.val_score_mean":107.22318011158143,"agg/test.accuracy_std":0,"agg/seed_std":0,"agg/val.EO_sex_mean":9.80392156862745,"agg/best_epoch_std":0,"agg/test.roc_auc_std":0,"_timestamp":1.7672326420001643e+09,"agg/val.EO_age_std":0,"val.SP_age":28.47222222222222,"agg/val.val_score_std":0,"seed":0,"test.f1_score":39.08045977011494,"agg/test.f1_score_mean":39.08045977011494,"agg/test.SP_sex_mean":0.37037037037036813,"agg/test.precision_mean":54.83870967741935,"agg/val.val_score_bestthr_std":0,"agg/val.accuracy_mean":74.19354838709677,"agg/test.EO_sex_mean":8.333333333333332,"agg/seed_mean":0,"agg/val.accuracy_std":0,"val.f1_score":68,"agg/val.SP_age_std":0,"_wandb":{"runtime":76},"agg/val.f1_score_mean":68,"agg/val.roc_auc_std":0,"agg/test.f1_score_std":0,"agg/val.f1_score_std":0,"agg/best_epoch_mean":29,"val.roc_auc":68.33890746934225,"val.EO_sex":9.80392156862745,"agg/test.EO_age_std":0,"test.SP_age":23.23037323037323,"test.EO_sex":8.333333333333332,"agg/val.SP_sex_mean":8.760683760683758,"agg/fold_id_std":0,"val.EO_age":50,"test.SP_sex":0.37037037037036813,"test.roc_auc":60.914723032069965,"test.recall":30.357142857142854,"agg/val.EO_age_mean":50,"agg/test.SP_sex_std":0,"agg/test.accuracy_mean":65.5844155844156,"agg/val.roc_auc_mean":68.33890746934225,"val.val_score_bestthr":107.22318011158143,"agg/val.EO_sex_std":0,"agg/test.precision_std":0,"test.EO_age":41.17647058823529,"val.accuracy":74.19354838709677,"test.accuracy":65.5844155844156,"_runtime":76.942469552}