{"test.roc_auc":62.736880466472314,"agg/test.EO_sex_std":0,"val.EO_sex":13.725490196078427,"agg/val.accuracy_std":0,"agg/best_epoch_mean":14,"val.val_score":97.54290432053716,"test.EO_age":47.05882352941176,"test.precision":58.620689655172406,"agg/test.precision_std":0,"_step":1,"agg/fold_id_std":0,"agg/test.f1_score_std":0,"agg/test.accuracy_mean":66.88311688311688,"test.recall":30.357142857142854,"agg/val.val_score_bestthr_std":0,"agg/test.recall_std":0,"agg/val.SP_sex_mean":5.34188034188034,"agg/val.SP_age_mean":27.083333333333336,"agg/val.accuracy_mean":70.96774193548387,"agg/test.roc_auc_mean":62.736880466472314,"agg/test.SP_age_mean":33.397683397683394,"agg/val.SP_sex_std":0,"agg/seed_mean":0,"_wandb":{"runtime":61},"agg/test.roc_auc_std":0,"_timestamp":1.767246026519827e+09,"fold":0,"agg/best_epoch_std":0,"agg/test.SP_sex_std":0,"val.roc_auc":70.5685618729097,"agg/test.EO_age_std":0,"agg/val.f1_score_mean":59.09090909090909,"_runtime":61.366424274,"agg/test.EO_sex_mean":8.333333333333332,"val.accuracy":70.96774193548387,"agg/val.EO_age_std":0,"val.EO_age":33.33333333333333,"test.SP_sex":3.3333333333333353,"seed":0,"agg/test.recall_mean":30.357142857142854,"val.val_score_bestthr":99.71835610889217,"agg/val.EO_sex_mean":13.725490196078427,"agg/val.EO_sex_std":0,"agg/val.roc_auc_std":0,"agg/fold_id_mean":0,"agg/val.SP_age_std":0,"agg/test.accuracy_std":0,"agg/val.f1_score_std":0,"agg/val.roc_auc_mean":70.5685618729097,"val.SP_sex":5.34188034188034,"agg/val.val_score_mean":97.54290432053716,"agg/test.f1_score_mean":40,"val.SP_age":27.083333333333336,"val.f1_score":59.09090909090909,"agg/val.val_score_bestthr_mean":99.71835610889217,"agg/test.SP_age_std":0,"test.accuracy":66.88311688311688,"agg/test.precision_mean":58.620689655172406,"agg/val.val_score_std":0,"agg/test.SP_sex_mean":3.3333333333333353,"agg/seed_std":0,"test.f1_score":40,"test.EO_sex":8.333333333333332,"agg/test.EO_age_mean":47.05882352941176,"agg/val.EO_age_mean":33.33333333333333,"test.SP_age":33.397683397683394}