{"test.EO_sex":4.166666666666669,"agg/val.f1_score_mean":65.3061224489796,"agg/val.EO_age_mean":50,"agg/test.accuracy_std":0,"agg/fold_id_mean":0,"val.roc_auc":73.8015607580825,"val.val_score":102.24049206117517,"seed":0,"val.EO_age":50,"agg/test.f1_score_std":0,"test.SP_age":23.23037323037323,"agg/test.EO_age_std":0,"agg/test.EO_age_mean":47.05882352941176,"agg/best_epoch_std":0,"agg/val.f1_score_std":0,"agg/test.precision_mean":59.375,"test.SP_sex":3.4814814814814827,"val.val_score_bestthr":104.41243941745434,"test.f1_score":43.18181818181819,"test.recall":33.92857142857143,"test.roc_auc":60.82361516034985,"agg/val.roc_auc_mean":73.8015607580825,"agg/seed_mean":0,"val.accuracy":72.58064516129032,"_timestamp":1.7672349357250876e+09,"_step":1,"agg/test.SP_age_std":0,"agg/val.SP_age_mean":22.22222222222222,"agg/test.recall_std":0,"agg/val.accuracy_std":0,"val.f1_score":65.3061224489796,"agg/val.SP_age_std":0,"agg/test.roc_auc_std":0,"agg/test.SP_age_mean":23.23037323037323,"agg/val.roc_auc_std":0,"agg/val.val_score_std":0,"agg/test.SP_sex_std":0,"agg/test.roc_auc_mean":60.82361516034985,"val.SP_sex":5.9829059829059785,"agg/val.accuracy_mean":72.58064516129032,"agg/seed_std":0,"agg/fold_id_std":0,"agg/test.f1_score_mean":43.18181818181819,"agg/test.precision_std":0,"agg/best_epoch_mean":12,"agg/val.EO_age_std":0,"agg/test.accuracy_mean":67.53246753246754,"_runtime":107.300051716,"fold":0,"agg/val.EO_sex_std":0,"test.precision":59.375,"agg/val.val_score_bestthr_std":0,"agg/test.EO_sex_std":0,"agg/val.val_score_bestthr_mean":104.41243941745434,"agg/test.recall_mean":33.92857142857143,"agg/test.SP_sex_mean":3.4814814814814827,"test.EO_age":47.05882352941176,"_wandb":{"runtime":107},"agg/val.SP_sex_mean":5.9829059829059785,"agg/val.EO_sex_mean":3.9215686274509887,"agg/val.SP_sex_std":0,"agg/val.val_score_mean":102.24049206117517,"val.EO_sex":3.9215686274509887,"agg/test.EO_sex_mean":4.166666666666669,"test.accuracy":67.53246753246754,"val.SP_age":22.22222222222222}