{"agg/test.precision_std":0,"val.accuracy":72.58064516129032,"agg/fold_id_std":0,"val.SP_sex":1.7094017094017144,"agg/seed_mean":0,"test.recall":14.285714285714285,"agg/test.recall_std":0,"val.val_score":103.59676405715307,"_wandb":{"runtime":107},"agg/test.SP_sex_mean":6.296296296296297,"agg/val.roc_auc_mean":72.12931995540691,"agg/test.roc_auc_std":0,"val.EO_sex":12.745098039215685,"agg/seed_std":0,"test.SP_sex":6.296296296296297,"agg/val.SP_sex_mean":1.7094017094017144,"val.val_score_bestthr":105.20693349713747,"agg/val.val_score_bestthr_std":0,"agg/val.f1_score_std":0,"val.SP_age":22.916666666666668,"agg/test.accuracy_std":0,"agg/val.SP_sex_std":0,"fold":0,"agg/best_epoch_std":0,"_runtime":107.257895287,"agg/test.precision_mean":66.66666666666666,"test.f1_score":23.52941176470588,"agg/test.SP_age_mean":9.253945480631277,"agg/val.EO_sex_mean":12.745098039215685,"_timestamp":1.767235841949889e+09,"test.accuracy":66.23376623376623,"_step":1,"agg/val.EO_sex_std":0,"agg/test.SP_age_std":0,"agg/test.accuracy_mean":66.23376623376623,"agg/val.val_score_mean":103.59676405715307,"agg/test.f1_score_std":0,"agg/test.EO_sex_std":0,"agg/val.roc_auc_std":0,"agg/test.roc_auc_mean":61.3338192419825,"agg/test.EO_age_std":0,"test.roc_auc":61.3338192419825,"test.EO_age":23.52941176470588,"agg/best_epoch_mean":16,"agg/test.EO_sex_mean":16.666666666666664,"test.SP_age":9.253945480631277,"agg/val.EO_age_std":0,"seed":0,"test.EO_sex":16.666666666666664,"agg/val.accuracy_mean":72.58064516129032,"val.roc_auc":72.12931995540691,"agg/test.SP_sex_std":0,"agg/val.SP_age_std":0,"agg/val.accuracy_std":0,"val.EO_age":33.333333333333336,"agg/val.val_score_std":0,"agg/val.EO_age_mean":33.333333333333336,"val.f1_score":66.66666666666666,"test.precision":66.66666666666666,"agg/val.SP_age_mean":22.916666666666668,"agg/fold_id_mean":0,"agg/test.f1_score_mean":23.52941176470588,"agg/test.EO_age_mean":23.52941176470588,"agg/val.val_score_bestthr_mean":105.20693349713747,"agg/val.f1_score_mean":66.66666666666666,"agg/test.recall_mean":14.285714285714285}