{"_runtime":80.520020207,"agg/test.precision_std":0,"agg/val.val_score_mean":110.13557428761415,"agg/val.SP_age_mean":34.72222222222222,"agg/val.SP_sex_mean":4.914529914529914,"agg/test.accuracy_mean":56.493506493506494,"agg/test.val_score_bestthr_mean":67.25055620153462,"agg/val.val_score_bestthr_std":0,"agg/test.best_thr_f1_std":0,"val.val_score":110.13557428761415,"agg/val.roc_auc_mean":72.24080267558529,"agg/val.f1_score_mean":70.58823529411765,"agg/test.SP_age_std":0,"agg/test.recall_std":0,"agg/test.f1_score_std":0,"test.roc_auc":59.839650145772595,"agg/test.val_score_std":0,"agg/test.SP_sex_std":0,"agg/test.EO_age_std":0,"agg/val.EO_age_std":0,"agg/val.EO_sex_mean":6.862745098039225,"_timestamp":1.7670729221275194e+09,"val.f1_score":70.58823529411765,"_step":1,"agg/fold_id_std":0,"agg/val.val_score_bestthr_mean":110.13557428761415,"agg/val.val_score_std":0,"agg/test.EO_sex_mean":25,"_wandb":{"runtime":80},"agg/val.roc_auc_std":0,"agg/test.recall_mean":53.57142857142857,"seed":0,"agg/test.best_thr_f1_mean":0.19999999999999996,"val.roc_auc":72.24080267558529,"agg/test.EO_sex_std":0,"agg/test.SP_sex_mean":2.5555555555555554,"agg/test.accuracy_std":0,"agg/test.precision_mean":42.25352112676056,"agg/test.roc_auc_mean":59.839650145772595,"agg/val.f1_score_std":0,"agg/test.EO_age_mean":43.31550802139038,"agg/test.SP_age_mean":25.804375804375802,"val.accuracy":75.80645161290323,"agg/val.SP_age_std":0,"agg/test.best_accuracy_mean":40.25974025974026,"agg/test.f1_score_mean":47.24409448818898,"agg/best_epoch_mean":18,"test.f1_score":47.24409448818898,"agg/test.best_accuracy_std":0,"agg/test.val_score_bestthr_std":0,"agg/fold_id_mean":0,"agg/val.SP_sex_std":0,"agg/test.best_f1_mean":54.45544554455445,"agg/val.accuracy_std":0,"agg/test.roc_auc_std":0,"fold":0,"agg/seed_std":0,"agg/seed_mean":0,"agg/val.EO_sex_std":0,"agg/test.best_f1_std":0,"test.accuracy":56.493506493506494,"agg/test.val_score_mean":79.14879934378776,"agg/val.accuracy_mean":75.80645161290323,"agg/best_epoch_std":0,"agg/val.EO_age_mean":50}