{"agg/val.val_score_mean":102.57287743881672,"agg/test.roc_auc_std":0,"test.SP_age":25.611325611325615,"agg/fold_id_std":0,"_step":1,"val.f1_score":62.222222222222236,"fold":0,"agg/val.roc_auc_std":0,"agg/val.val_score_std":0,"agg/val.f1_score_std":0,"agg/test.recall_mean":32.142857142857146,"agg/test.EO_age_std":0,"agg/test.precision_std":0,"agg/test.SP_sex_mean":1.370370370370369,"val.val_score":102.57287743881672,"agg/val.SP_age_mean":33.333333333333336,"agg/best_epoch_mean":16,"agg/val.EO_sex_std":0,"val.val_score_bestthr":102.57287743881672,"test.precision":60,"agg/test.accuracy_std":0,"agg/val.f1_score_mean":62.222222222222236,"seed":0,"_timestamp":1.7672461852397923e+09,"test.EO_sex":20.833333333333332,"agg/test.roc_auc_mean":60.93294460641398,"agg/val.EO_age_mean":46.66666666666667,"agg/test.precision_mean":60,"test.accuracy":67.53246753246754,"agg/seed_mean":0,"agg/test.accuracy_mean":67.53246753246754,"val.accuracy":72.58064516129032,"test.EO_age":32.085561497326196,"agg/seed_std":0,"agg/test.SP_sex_std":0,"agg/test.f1_score_mean":41.860465116279066,"val.SP_age":33.333333333333336,"agg/best_epoch_std":0,"agg/val.accuracy_mean":72.58064516129032,"val.SP_sex":1.495726495726496,"agg/test.EO_sex_mean":20.833333333333332,"val.roc_auc":71.7948717948718,"agg/val.roc_auc_mean":71.7948717948718,"agg/val.val_score_bestthr_std":0,"test.recall":32.142857142857146,"agg/val.SP_sex_mean":1.495726495726496,"_runtime":68.951293321,"test.SP_sex":1.370370370370369,"agg/test.EO_age_mean":32.085561497326196,"agg/test.recall_std":0,"agg/fold_id_mean":0,"agg/val.SP_sex_std":0,"test.f1_score":41.860465116279066,"agg/val.accuracy_std":0,"val.EO_age":46.66666666666667,"agg/val.EO_sex_mean":30.3921568627451,"agg/test.EO_sex_std":0,"_wandb":{"runtime":68},"agg/test.f1_score_std":0,"test.roc_auc":60.93294460641398,"val.EO_sex":30.3921568627451,"agg/test.SP_age_mean":25.611325611325615,"agg/val.EO_age_std":0,"agg/val.SP_age_std":0,"agg/val.val_score_bestthr_mean":102.57287743881672,"agg/test.SP_age_std":0}