{"val.val_score":98.47954441633283,"agg/val.roc_auc_std":0,"agg/test.SP_age_mean":33.397683397683394,"test.f1_score":41.30434782608695,"val.EO_sex":3.9215686274509887,"test.EO_sex":10.416666666666668,"agg/fold_id_mean":0,"test.precision":52.77777777777778,"agg/test.f1_score_mean":41.30434782608695,"agg/val.val_score_bestthr_std":0,"agg/test.accuracy_mean":64.93506493506493,"agg/test.recall_std":0,"agg/test.EO_age_std":0,"agg/test.precision_mean":52.77777777777778,"agg/test.SP_sex_mean":1.7777777777777781,"val.SP_age":11.11111111111111,"agg/fold_id_std":0,"val.SP_sex":8.760683760683758,"agg/test.EO_age_mean":47.05882352941176,"agg/val.val_score_std":0,"agg/val.EO_sex_mean":3.9215686274509887,"test.recall":33.92857142857143,"val.EO_age":30.000000000000004,"agg/best_epoch_std":0,"agg/val.EO_age_mean":30.000000000000004,"_timestamp":1.7672369453794565e+09,"_step":1,"agg/val.roc_auc_mean":69.23076923076923,"agg/test.precision_std":0,"test.accuracy":64.93506493506493,"agg/test.roc_auc_std":0,"agg/val.val_score_bestthr_mean":102.42980830049142,"agg/best_epoch_mean":26,"test.roc_auc":59.07434402332361,"test.EO_age":47.05882352941176,"agg/val.accuracy_mean":70.96774193548387,"val.roc_auc":69.23076923076923,"agg/test.roc_auc_mean":59.07434402332361,"agg/val.EO_age_std":0,"agg/test.EO_sex_mean":10.416666666666668,"agg/val.accuracy_std":0,"_runtime":55.774576693,"agg/test.recall_mean":33.92857142857143,"agg/test.EO_sex_std":0,"test.SP_sex":1.7777777777777781,"agg/seed_std":0,"agg/test.accuracy_std":0,"agg/val.f1_score_std":0,"agg/val.SP_sex_mean":8.760683760683758,"agg/val.SP_sex_std":0,"val.accuracy":70.96774193548387,"test.SP_age":33.397683397683394,"val.f1_score":63.99999999999999,"agg/val.SP_age_std":0,"agg/seed_mean":0,"_wandb":{"runtime":55},"agg/test.SP_age_std":0,"seed":0,"agg/val.f1_score_mean":63.99999999999999,"val.val_score_bestthr":102.42980830049142,"agg/val.val_score_mean":98.47954441633283,"agg/test.f1_score_std":0,"fold":0,"agg/val.SP_age_mean":11.11111111111111,"agg/test.SP_sex_std":0,"agg/val.EO_sex_std":0}