{"agg/test.SP_sex_std":0,"agg/val.roc_auc_std":0,"agg/val.val_score_bestthr_mean":95.91186383982874,"agg/val.SP_sex_mean":9.829059829059828,"agg/test.accuracy_mean":67.53246753246754,"agg/val.val_score_bestthr_std":0,"val.roc_auc":67.78149386845038,"val.val_score_bestthr":95.91186383982874,"agg/test.roc_auc_std":0,"test.roc_auc":56.450437317784264,"_step":1,"agg/test.accuracy_std":0,"fold":0,"agg/test.precision_std":0,"agg/test.f1_score_mean":40.476190476190474,"agg/val.EO_age_std":0,"agg/val.SP_sex_std":0,"test.f1_score":40.476190476190474,"agg/test.recall_mean":30.357142857142854,"agg/test.EO_age_mean":47.05882352941176,"val.SP_sex":9.829059829059828,"agg/test.recall_std":0,"agg/test.SP_age_std":0,"agg/test.EO_age_std":0,"agg/fold_id_std":0,"test.accuracy":67.53246753246754,"agg/test.roc_auc_mean":56.450437317784264,"agg/val.val_score_std":0,"val.f1_score":58.333333333333336,"agg/val.EO_sex_mean":14.70588235294118,"agg/fold_id_mean":0,"test.EO_sex":8.333333333333332,"agg/test.precision_mean":60.71428571428571,"agg/test.SP_age_mean":22.586872586872587,"_timestamp":1.7672336804758325e+09,"agg/val.val_score_mean":90.57930086187102,"agg/test.EO_sex_mean":8.333333333333332,"val.EO_sex":14.70588235294118,"agg/val.SP_age_mean":28.47222222222222,"agg/seed_std":0,"agg/test.SP_sex_mean":0.5185185185185182,"_wandb":{"runtime":66},"agg/val.EO_age_mean":46.66666666666667,"agg/val.accuracy_mean":67.74193548387096,"test.EO_age":47.05882352941176,"test.SP_age":22.586872586872587,"val.val_score":90.57930086187102,"agg/seed_mean":0,"agg/val.EO_sex_std":0,"test.recall":30.357142857142854,"agg/val.accuracy_std":0,"test.SP_sex":0.5185185185185182,"agg/test.EO_sex_std":0,"seed":0,"val.accuracy":67.74193548387096,"agg/val.f1_score_std":0,"agg/val.roc_auc_mean":67.78149386845038,"_runtime":66.143085754,"agg/val.SP_age_std":0,"agg/best_epoch_std":0,"val.EO_age":46.66666666666667,"agg/test.f1_score_std":0,"val.SP_age":28.47222222222222,"test.precision":60.71428571428571,"agg/val.f1_score_mean":58.333333333333336,"agg/best_epoch_mean":33}