{"agg/val.EO_sex_std":0,"agg/val.EO_sex_mean":9.80392156862745,"agg/test.roc_auc_std":0,"agg/test.EO_sex_mean":4.166666666666669,"agg/best_epoch_mean":32,"agg/val.f1_score_mean":66.66666666666666,"test.EO_age":47.05882352941176,"agg/test.accuracy_std":0,"agg/val.val_score_bestthr_mean":105.03762731312541,"agg/fold_id_mean":0,"test.SP_age":20.849420849420852,"test.accuracy":66.23376623376623,"agg/test.f1_score_std":0,"agg/val.accuracy_mean":72.58064516129032,"agg/test.roc_auc_mean":61.11516034985422,"agg/val.val_score_bestthr_std":0,"val.SP_age":22.916666666666668,"seed":0,"agg/seed_mean":0,"agg/test.SP_sex_mean":2.6296296296296315,"val.f1_score":66.66666666666666,"test.roc_auc":61.11516034985422,"agg/val.roc_auc_std":0,"agg/val.val_score_std":0,"val.accuracy":72.58064516129032,"agg/val.f1_score_std":0,"agg/val.EO_age_std":0,"agg/best_epoch_std":0,"val.EO_age":50,"agg/test.EO_age_std":0,"agg/val.SP_sex_std":0,"val.EO_sex":9.80392156862745,"agg/val.EO_age_mean":50,"fold":0,"val.SP_sex":4.914529914529914,"agg/test.EO_age_mean":47.05882352941176,"agg/test.EO_sex_std":0,"agg/val.val_score_mean":104.05820990513658,"agg/val.accuracy_std":0,"agg/val.SP_age_std":0,"agg/test.f1_score_mean":42.22222222222223,"agg/test.SP_sex_std":0,"val.val_score_bestthr":105.03762731312541,"val.val_score":104.05820990513658,"test.f1_score":42.22222222222223,"agg/test.precision_mean":55.88235294117647,"test.EO_sex":4.166666666666669,"_timestamp":1.7672337692216222e+09,"test.recall":33.92857142857143,"agg/fold_id_std":0,"agg/seed_std":0,"_step":1,"agg/val.roc_auc_mean":70.01114827201783,"agg/val.SP_age_mean":22.916666666666668,"agg/test.SP_age_std":0,"val.roc_auc":70.01114827201783,"agg/test.recall_mean":33.92857142857143,"_runtime":37.738847734,"agg/val.SP_sex_mean":4.914529914529914,"_wandb":{"runtime":37},"agg/test.recall_std":0,"test.precision":55.88235294117647,"agg/test.accuracy_mean":66.23376623376623,"agg/test.SP_age_mean":20.849420849420852,"agg/test.precision_std":0,"test.SP_sex":2.6296296296296315}