{"fold":0,"val.roc_auc":68.89632107023411,"agg/val.EO_sex_mean":9.80392156862745,"agg/test.accuracy_mean":68.18181818181817,"agg/val.val_score_mean":95.8299193953843,"agg/val.EO_age_mean":66.66666666666667,"agg/test.roc_auc_mean":59.2201166180758,"agg/test.f1_score_std":0,"agg/val.roc_auc_mean":68.89632107023411,"seed":0,"agg/val.val_score_std":0,"agg/val.SP_age_mean":35.41666666666667,"val.f1_score":64.15094339622641,"val.EO_sex":9.80392156862745,"agg/test.SP_age_mean":24.96782496782497,"agg/val.val_score_bestthr_mean":100.27297632030948,"agg/test.f1_score_mean":40.96385542168675,"agg/test.precision_mean":62.96296296296296,"agg/seed_std":0,"agg/test.SP_sex_mean":4.3703703703703685,"test.EO_sex":22.916666666666668,"test.precision":62.96296296296296,"agg/val.roc_auc_std":0,"agg/test.precision_std":0,"agg/val.val_score_bestthr_std":0,"_timestamp":1.7672421103492434e+09,"test.accuracy":68.18181818181817,"_runtime":71.460514394,"agg/val.SP_age_std":0,"test.EO_age":37.96791443850267,"agg/test.EO_age_mean":37.96791443850267,"test.recall":30.357142857142854,"_wandb":{"runtime":71},"agg/test.EO_age_std":0,"val.SP_sex":3.8461538461538436,"agg/val.f1_score_mean":64.15094339622641,"test.SP_age":24.96782496782497,"agg/test.SP_age_std":0,"agg/test.recall_std":0,"val.val_score_bestthr":100.27297632030948,"agg/val.accuracy_mean":69.35483870967742,"_step":1,"agg/val.f1_score_std":0,"agg/test.roc_auc_std":0,"test.f1_score":40.96385542168675,"agg/val.SP_sex_std":0,"agg/test.EO_sex_mean":22.916666666666668,"val.accuracy":69.35483870967742,"agg/seed_mean":0,"test.SP_sex":4.3703703703703685,"agg/val.EO_age_std":0,"agg/test.accuracy_std":0,"agg/fold_id_mean":0,"agg/best_epoch_mean":23,"val.EO_age":66.66666666666667,"val.val_score":95.8299193953843,"agg/best_epoch_std":0,"agg/test.SP_sex_std":0,"agg/test.recall_mean":30.357142857142854,"agg/fold_id_std":0,"test.roc_auc":59.2201166180758,"agg/test.EO_sex_std":0,"agg/val.accuracy_std":0,"agg/val.EO_sex_std":0,"val.SP_age":35.41666666666667,"agg/val.SP_sex_mean":3.8461538461538436}