{"agg/val.accuracy_std":0,"val.val_score":91.86863434372923,"test.recall":35.714285714285715,"agg/val.val_score_mean":91.86863434372923,"agg/test.recall_mean":35.714285714285715,"fold":0,"agg/test.SP_sex_std":0,"agg/test.accuracy_mean":67.53246753246754,"test.roc_auc":63.02842565597667,"agg/test.f1_score_mean":44.44444444444445,"agg/val.EO_sex_mean":7.843137254901955,"test.EO_sex":16.666666666666668,"val.val_score_bestthr":105.49793558486633,"test.EO_age":52.94117647058824,"agg/test.SP_sex_mean":2.6296296296296315,"agg/test.EO_sex_mean":16.666666666666668,"agg/val.val_score_bestthr_mean":105.49793558486633,"agg/val.EO_age_mean":16.666666666666664,"agg/test.accuracy_std":0,"agg/test.roc_auc_std":0,"agg/test.precision_std":0,"agg/test.EO_age_mean":52.94117647058824,"seed":0,"agg/val.val_score_bestthr_std":0,"val.f1_score":63.63636363636365,"agg/val.EO_age_std":0,"val.EO_age":16.666666666666664,"agg/test.precision_mean":58.82352941176471,"agg/val.roc_auc_std":0,"test.SP_sex":2.6296296296296315,"_wandb":{"runtime":102},"agg/val.SP_sex_mean":5.34188034188034,"agg/val.val_score_std":0,"agg/val.SP_age_mean":21.52777777777778,"agg/test.EO_sex_std":0,"agg/seed_mean":0,"agg/best_epoch_mean":47,"test.precision":58.82352941176471,"agg/fold_id_mean":0,"test.SP_age":41.505791505791514,"agg/val.f1_score_mean":63.63636363636365,"val.EO_sex":7.843137254901955,"agg/seed_std":0,"_runtime":102.757087269,"agg/val.EO_sex_std":0,"agg/val.SP_age_std":0,"val.accuracy":74.19354838709677,"val.SP_age":21.52777777777778,"_step":1,"val.roc_auc":72.35228539576364,"agg/test.SP_age_mean":41.505791505791514,"agg/fold_id_std":0,"agg/test.roc_auc_mean":63.02842565597667,"agg/test.SP_age_std":0,"agg/best_epoch_std":0,"agg/val.SP_sex_std":0,"agg/val.f1_score_std":0,"agg/val.roc_auc_mean":72.35228539576364,"agg/val.accuracy_mean":74.19354838709677,"agg/test.f1_score_std":0,"_timestamp":1.7672324122637763e+09,"agg/test.EO_age_std":0,"val.SP_sex":5.34188034188034,"test.f1_score":44.44444444444445,"test.accuracy":67.53246753246754,"agg/test.recall_std":0}