{"agg/test.roc_auc_std":0,"agg/test.SP_sex_std":0,"agg/val.accuracy_std":0,"agg/test.precision_mean":48.148148148148145,"agg/val.f1_score_mean":59.09090909090909,"agg/test.recall_mean":46.42857142857143,"agg/val.SP_age_mean":27.083333333333336,"agg/best_epoch_std":0,"agg/test.recall_std":0,"agg/test.best_thr_f1_mean":0.3,"agg/test.accuracy_std":0,"val.val_score":99.58502277555883,"val.f1_score":59.09090909090909,"agg/best_epoch_mean":23,"agg/test.val_score_std":0,"agg/test.f1_score_mean":47.27272727272727,"agg/fold_id_mean":0,"agg/val.EO_age_mean":46.66666666666667,"agg/val.SP_sex_std":0,"agg/test.EO_age_mean":55.61497326203209,"val.val_score_bestthr":97.98274954453797,"agg/val.EO_sex_mean":13.725490196078427,"agg/test.val_score_mean":85.07412463265405,"agg/test.best_f1_mean":55.089820359281426,"agg/test.SP_sex_mean":2.666666666666667,"agg/val.val_score_bestthr_std":0,"agg/test.best_f1_std":0,"agg/test.best_accuracy_mean":51.298701298701296,"agg/test.EO_sex_std":0,"test.roc_auc":60.25874635568513,"agg/val.val_score_std":0,"fold":0,"agg/val.f1_score_std":0,"agg/test.best_thr_f1_std":0,"agg/seed_mean":0,"agg/val.roc_auc_mean":68.00445930880713,"agg/fold_id_std":0,"val.roc_auc":68.00445930880713,"_step":1,"agg/test.val_score_bestthr_std":0,"agg/test.EO_age_std":0,"agg/val.accuracy_mean":70.96774193548387,"val.accuracy":70.96774193548387,"agg/val.roc_auc_std":0,"seed":0,"agg/test.roc_auc_mean":60.25874635568513,"agg/test.val_score_bestthr_mean":78.15253884344585,"agg/test.best_accuracy_std":0,"agg/val.SP_sex_mean":5.34188034188034,"_wandb":{"runtime":89},"agg/test.SP_age_mean":27.54182754182754,"test.accuracy":62.33766233766234,"agg/val.EO_age_std":0,"_timestamp":1.7670607838244152e+09,"agg/test.precision_std":0,"agg/test.EO_sex_mean":4.166666666666669,"agg/val.val_score_mean":99.58502277555883,"agg/test.f1_score_std":0,"agg/val.EO_sex_std":0,"_runtime":89.592454781,"agg/seed_std":0,"agg/val.SP_age_std":0,"agg/val.val_score_bestthr_mean":97.98274954453797,"test.f1_score":47.27272727272727,"agg/test.accuracy_mean":62.33766233766234,"agg/test.SP_age_std":0}