{"agg/test.f1_score_mean":56.4516129032258,"agg/best_epoch_std":0,"seed":0,"agg/fold_id_std":0,"agg/val.accuracy_std":0,"agg/val.val_score_std":0,"agg/best_epoch_mean":34,"agg/test.SP_sex_mean":13.814814814814813,"agg/test.best_f1_std":0,"agg/test.val_score_bestthr_mean":92.41140410389333,"_wandb":{"runtime":61},"agg/val.EO_sex_mean":1.9607843137254832,"agg/fold_id_mean":0,"agg/test.EO_sex_std":0,"agg/test.val_score_mean":92.57641034530144,"val.val_score":104.2345847813282,"agg/test.accuracy_std":0,"agg/val.EO_sex_std":0,"agg/val.val_score_bestthr_std":0,"agg/val.f1_score_std":0,"test.f1_score":56.4516129032258,"agg/seed_std":0,"agg/test.best_accuracy_mean":63.63636363636363,"agg/test.best_thr_f1_mean":0.22999999999999998,"agg/seed_mean":0,"agg/test.val_score_bestthr_std":0,"agg/test.EO_sex_mean":0,"agg/test.roc_auc_std":0,"agg/test.SP_sex_std":0,"agg/test.f1_score_std":0,"agg/val.accuracy_mean":72.58064516129032,"agg/test.precision_mean":51.470588235294116,"agg/val.f1_score_mean":63.829787234042556,"agg/test.accuracy_mean":64.93506493506493,"agg/test.EO_age_mean":21.92513368983957,"test.roc_auc":62.93731778425655,"agg/test.SP_age_std":0,"_step":1,"agg/val.EO_age_std":0,"val.roc_auc":72.46376811594203,"agg/test.recall_std":0,"agg/test.best_f1_mean":58.823529411764696,"val.f1_score":63.829787234042556,"agg/val.EO_age_mean":6.666666666666665,"agg/val.SP_age_std":0,"agg/test.best_thr_f1_std":0,"agg/test.precision_std":0,"agg/val.SP_age_mean":10.416666666666668,"agg/val.SP_sex_std":0,"_runtime":61.217767403,"agg/val.val_score_mean":104.2345847813282,"agg/test.SP_age_mean":22.706155632984903,"val.accuracy":72.58064516129032,"agg/test.recall_mean":62.5,"agg/val.roc_auc_std":0,"agg/test.roc_auc_mean":62.93731778425655,"agg/test.best_accuracy_std":0,"agg/test.EO_age_std":0,"fold":0,"_timestamp":1.7670726310025475e+09,"agg/val.val_score_bestthr_mean":102.47841941160253,"agg/val.roc_auc_mean":72.46376811594203,"agg/val.SP_sex_mean":7.051282051282054,"agg/test.val_score_std":0,"test.accuracy":64.93506493506493}