{"agg/test.best_f1_std":0,"agg/test.SP_sex_mean":8.703703703703708,"agg/val.f1_score_mean":60,"agg/test.EO_sex_mean":0,"agg/test.f1_score_std":0,"test.roc_auc":64.01239067055393,"agg/val.val_score_std":0,"agg/test.accuracy_mean":57.14285714285714,"_timestamp":1.7670616911604042e+09,"val.val_score":97.28984900825508,"agg/best_epoch_std":0,"_runtime":68.17406768,"test.f1_score":51.470588235294116,"agg/test.accuracy_std":0,"agg/fold_id_std":0,"agg/val.roc_auc_std":0,"test.accuracy":57.14285714285714,"agg/best_epoch_mean":11,"agg/test.EO_age_mean":49.19786096256684,"agg/val.SP_age_std":0,"agg/test.SP_age_mean":34.87773487773488,"agg/fold_id_mean":0,"agg/val.EO_age_mean":30.000000000000004,"agg/val.accuracy_std":0,"agg/test.SP_sex_std":0,"agg/val.val_score_bestthr_mean":100.65496924000658,"val.accuracy":67.74193548387096,"agg/test.best_thr_f1_mean":0.4649999999999999,"agg/test.roc_auc_std":0,"agg/val.SP_age_mean":11.11111111111111,"agg/test.EO_sex_std":0,"_step":1,"agg/val.f1_score_std":0,"agg/test.best_accuracy_mean":58.44155844155844,"agg/val.EO_sex_std":0,"agg/val.accuracy_mean":67.74193548387096,"agg/test.best_thr_f1_std":0,"agg/test.val_score_bestthr_mean":86.5062008210615,"agg/test.SP_age_std":0,"agg/val.EO_sex_mean":1.9607843137254832,"agg/test.best_accuracy_std":0,"agg/seed_std":0,"agg/seed_mean":0,"agg/test.f1_score_mean":51.470588235294116,"agg/test.EO_age_std":0,"agg/test.precision_mean":43.75,"agg/test.precision_std":0,"agg/val.SP_sex_mean":2.1367521367521345,"seed":0,"agg/val.SP_sex_std":0,"agg/val.val_score_mean":97.28984900825508,"agg/test.val_score_mean":81.95035826506414,"agg/test.roc_auc_mean":64.01239067055393,"val.f1_score":60,"agg/test.recall_mean":62.5,"_wandb":{"runtime":68},"val.val_score_bestthr":100.65496924000658,"agg/test.val_score_std":0,"agg/test.recall_std":0,"agg/val.EO_age_std":0,"val.roc_auc":66.88963210702342,"agg/test.val_score_bestthr_std":0,"fold":0,"agg/val.roc_auc_mean":66.88963210702342,"agg/test.best_f1_mean":57.89473684210527,"agg/val.val_score_bestthr_std":0}