{"test.EO_sex":6.25,"_step":1,"agg/val.val_score_mean":94.40405441069576,"agg/test.EO_age_mean":35.294117647058826,"seed":0,"agg/test.precision_std":0,"test.f1_score":27.77777777777778,"fold":0,"agg/val.accuracy_mean":69.35483870967742,"test.recall":17.857142857142858,"agg/test.SP_age_std":0,"agg/test.EO_sex_std":0,"agg/test.f1_score_mean":27.77777777777778,"agg/val.val_score_std":0,"agg/test.roc_auc_mean":63.17419825072885,"agg/test.recall_mean":17.857142857142858,"agg/val.EO_sex_std":0,"agg/val.EO_age_mean":30.000000000000004,"val.accuracy":69.35483870967742,"test.roc_auc":63.17419825072885,"agg/val.roc_auc_mean":68.56187290969899,"agg/val.accuracy_std":0,"val.EO_sex":1.9607843137254832,"agg/val.SP_sex_mean":12.606837606837606,"agg/best_epoch_mean":28,"agg/test.SP_age_mean":16.53796653796654,"agg/val.val_score_bestthr_std":0,"agg/test.SP_sex_std":0,"agg/seed_std":0,"agg/val.SP_sex_std":0,"agg/fold_id_std":0,"agg/val.roc_auc_std":0,"agg/seed_mean":0,"agg/best_epoch_std":0,"agg/val.f1_score_std":0,"agg/test.recall_std":0,"test.EO_age":35.294117647058826,"test.SP_sex":1.7407407407407414,"val.val_score_bestthr":99.35474072176432,"_timestamp":1.7672461083967254e+09,"agg/val.val_score_bestthr_mean":99.35474072176432,"agg/test.precision_mean":62.5,"agg/val.f1_score_mean":61.224489795918366,"agg/val.EO_sex_mean":1.9607843137254832,"test.SP_age":16.53796653796654,"val.SP_age":16.666666666666668,"test.accuracy":66.23376623376623,"val.f1_score":61.224489795918366,"agg/test.accuracy_std":0,"agg/val.SP_age_mean":16.666666666666668,"agg/val.SP_age_std":0,"agg/fold_id_mean":0,"_wandb":{"runtime":72},"agg/val.EO_age_std":0,"val.EO_age":30.000000000000004,"agg/test.EO_sex_mean":6.25,"agg/test.roc_auc_std":0,"val.SP_sex":12.606837606837606,"val.val_score":94.40405441069576,"val.roc_auc":68.56187290969899,"agg/test.EO_age_std":0,"agg/test.accuracy_mean":66.23376623376623,"agg/test.SP_sex_mean":1.7407407407407414,"test.precision":62.5,"_runtime":72.785484869,"agg/test.f1_score_std":0}