{"agg/test.val_score_bestthr_mean":82.3621803469192,"agg/val.val_score_bestthr_mean":106.87089252988208,"_step":1,"agg/test.f1_score_mean":52.23880597014926,"agg/test.best_accuracy_std":0,"agg/seed_mean":0,"agg/test.roc_auc_mean":63.35641399416909,"agg/test.best_f1_mean":56.05095541401274,"agg/val.val_score_bestthr_std":0,"agg/val.roc_auc_mean":70.01114827201783,"agg/val.EO_age_mean":30.000000000000004,"agg/test.accuracy_std":0,"agg/test.recall_std":0,"agg/best_epoch_mean":21,"agg/test.accuracy_mean":58.44155844155844,"agg/val.accuracy_mean":72.58064516129032,"_wandb":{"runtime":197},"agg/test.precision_mean":44.871794871794876,"agg/val.val_score_std":0,"agg/test.SP_age_mean":18.983268983268985,"agg/test.EO_age_mean":49.19786096256684,"agg/fold_id_std":0,"agg/test.SP_sex_mean":6.703703703703706,"agg/test.best_thr_f1_std":0,"agg/val.val_score_mean":104.54993941745433,"agg/val.f1_score_mean":65.3061224489796,"agg/test.precision_std":0,"agg/best_epoch_std":0,"test.accuracy":58.44155844155844,"agg/val.EO_age_std":0,"agg/test.best_f1_std":0,"val.f1_score":65.3061224489796,"_timestamp":1.767080438806845e+09,"agg/test.val_score_bestthr_std":0,"test.f1_score":52.23880597014926,"agg/seed_std":0,"agg/test.best_accuracy_mean":55.1948051948052,"agg/test.best_thr_f1_mean":0.24999999999999994,"agg/test.val_score_mean":83.66627975680434,"agg/test.recall_mean":62.5,"agg/test.EO_sex_std":0,"agg/val.SP_sex_mean":5.9829059829059785,"agg/val.SP_age_mean":28.47222222222222,"agg/val.SP_sex_std":0,"agg/test.EO_age_std":0,"agg/test.roc_auc_std":0,"val.val_score":104.54993941745433,"seed":0,"val.roc_auc":70.01114827201783,"agg/test.val_score_std":0,"val.accuracy":72.58064516129032,"agg/val.EO_sex_std":0,"agg/val.accuracy_std":0,"test.roc_auc":63.35641399416909,"agg/val.EO_sex_mean":3.9215686274509887,"fold":0,"_runtime":197.397966684,"agg/fold_id_mean":0,"agg/test.f1_score_std":0,"agg/test.SP_sex_std":0,"agg/test.EO_sex_mean":14.583333333333337,"agg/test.SP_age_std":0,"agg/val.roc_auc_std":0,"agg/val.SP_age_std":0,"agg/val.f1_score_std":0}