{"_timestamp":1.7670775493339064e+09,"agg/val.val_score_bestthr_mean":105.59233741680887,"agg/test.val_score_std":0,"agg/test.recall_std":0,"agg/test.best_thr_f1_std":0,"agg/val.EO_age_mean":38.888888888888886,"agg/val.accuracy_std":0,"agg/test.SP_sex_mean":0.7037037037037008,"agg/test.f1_score_mean":54.687499999999986,"agg/val.SP_age_mean":35.41666666666667,"agg/test.best_accuracy_std":0,"fold":0,"agg/test.roc_auc_mean":64.35860058309038,"agg/test.EO_sex_mean":14.583333333333337,"agg/test.best_f1_mean":56.12244897959183,"agg/val.roc_auc_mean":71.01449275362319,"agg/val.EO_age_std":0,"val.val_score":104.96013862534261,"agg/test.best_accuracy_mean":44.15584415584416,"agg/val.SP_sex_std":0,"val.accuracy":72.58064516129032,"agg/test.recall_mean":62.5,"agg/val.roc_auc_std":0,"_wandb":{"runtime":123},"agg/val.val_score_bestthr_std":0,"agg/fold_id_std":0,"seed":0,"agg/val.SP_age_std":0,"test.roc_auc":64.35860058309038,"test.accuracy":62.33766233766234,"agg/test.accuracy_std":0,"_step":1,"agg/test.val_score_mean":88.94407476517769,"val.roc_auc":71.01449275362319,"agg/test.precision_std":0,"agg/test.accuracy_mean":62.33766233766234,"agg/test.SP_age_std":0,"agg/val.f1_score_mean":66.66666666666666,"agg/test.val_score_bestthr_std":0,"agg/best_epoch_std":0,"agg/test.SP_sex_std":0,"agg/best_epoch_mean":21,"agg/test.SP_age_mean":18.33976833976834,"agg/test.best_f1_std":0,"agg/test.f1_score_std":0,"agg/val.val_score_mean":104.96013862534261,"agg/test.EO_age_std":0,"agg/val.val_score_std":0,"agg/seed_mean":0,"agg/test.EO_age_mean":40.10695187165775,"agg/seed_std":0,"agg/test.roc_auc_std":0,"test.f1_score":54.687499999999986,"agg/test.best_thr_f1_mean":0.095,"agg/test.precision_mean":48.61111111111111,"agg/val.accuracy_mean":72.58064516129032,"agg/test.val_score_bestthr_mean":71.83348642896962,"agg/test.EO_sex_std":0,"agg/fold_id_mean":0,"agg/val.SP_sex_mean":8.333333333333332,"val.f1_score":66.66666666666666,"agg/val.f1_score_std":0,"_runtime":123.677738067,"agg/val.EO_sex_mean":12.745098039215685,"agg/val.EO_sex_std":0}