{"agg/val.val_score_std":0,"agg/test.EO_sex_mean":12.5,"test.accuracy":68.18181818181817,"_timestamp":1.7672344351202016e+09,"seed":0,"agg/val.EO_sex_mean":9.80392156862745,"test.precision":65.21739130434783,"_step":1,"agg/test.roc_auc_mean":60.13119533527698,"_wandb":{"runtime":37},"test.SP_sex":2.6666666666666643,"agg/test.precision_std":0,"agg/test.roc_auc_std":0,"agg/val.roc_auc_std":0,"agg/test.SP_sex_std":0,"agg/test.accuracy_mean":68.18181818181817,"test.EO_age":41.17647058823529,"agg/test.SP_age_std":0,"agg/test.precision_mean":65.21739130434783,"agg/val.SP_sex_mean":1.0683760683760646,"agg/val.SP_age_std":0,"val.SP_age":29.166666666666668,"agg/test.f1_score_std":0,"agg/test.SP_sex_mean":2.6666666666666643,"agg/seed_std":0,"agg/test.EO_age_std":0,"agg/val.accuracy_mean":70.96774193548387,"agg/val.EO_sex_std":0,"val.f1_score":65.38461538461539,"agg/val.val_score_mean":92.21459762565075,"agg/val.accuracy_std":0,"val.accuracy":70.96774193548387,"agg/test.EO_age_mean":41.17647058823529,"test.f1_score":37.9746835443038,"agg/test.accuracy_std":0,"val.val_score_bestthr":102.75965998475486,"agg/val.SP_sex_std":0,"val.EO_age":50,"agg/val.roc_auc_mean":69.78818283166109,"agg/val.val_score_bestthr_mean":102.75965998475486,"fold":0,"agg/test.f1_score_mean":37.9746835443038,"agg/val.f1_score_mean":65.38461538461539,"agg/val.EO_age_std":0,"agg/val.EO_age_mean":50,"agg/best_epoch_mean":41,"agg/val.f1_score_std":0,"agg/val.SP_age_mean":29.166666666666668,"val.roc_auc":69.78818283166109,"agg/fold_id_std":0,"agg/seed_mean":0,"agg/test.SP_age_mean":22.265122265122265,"test.roc_auc":60.13119533527698,"agg/test.recall_mean":26.785714285714285,"val.SP_sex":1.0683760683760646,"agg/val.val_score_bestthr_std":0,"agg/test.recall_std":0,"agg/best_epoch_std":0,"test.recall":26.785714285714285,"agg/test.EO_sex_std":0,"agg/fold_id_mean":0,"val.EO_sex":9.80392156862745,"_runtime":37.908124042,"test.SP_age":22.265122265122265,"val.val_score":92.21459762565075,"test.EO_sex":12.5}