{"test.SP_sex":0.5185185185185182,"test.roc_auc":65.17857142857142,"agg/val.EO_sex_std":0,"agg/val.f1_score_mean":62.500000000000014,"agg/test.recall_std":0,"agg/val.val_score_mean":100.68440231758544,"_wandb":{"runtime":144},"agg/val.accuracy_std":0,"agg/test.precision_mean":57.14285714285714,"agg/test.accuracy_std":0,"test.accuracy":68.18181818181817,"agg/val.SP_age_std":0,"_timestamp":1.7672483723291419e+09,"agg/val.roc_auc_mean":73.46711259754737,"agg/test.SP_age_mean":29.601029601029605,"agg/test.EO_age_mean":43.31550802139038,"test.precision":57.14285714285714,"val.f1_score":62.500000000000014,"_runtime":144.849616997,"agg/test.SP_sex_std":0,"val.EO_age":83.33333333333334,"agg/test.roc_auc_std":0,"agg/test.EO_sex_mean":29.166666666666668,"agg/val.f1_score_std":0,"agg/val.SP_sex_mean":9.829059829059828,"agg/test.precision_std":0,"agg/test.f1_score_mean":53.333333333333336,"seed":0,"test.f1_score":53.333333333333336,"agg/test.f1_score_std":0,"agg/fold_id_mean":0,"agg/val.EO_age_mean":83.33333333333334,"agg/best_epoch_std":0,"agg/test.roc_auc_mean":65.17857142857142,"agg/val.roc_auc_std":0,"agg/seed_mean":0,"agg/val.SP_age_mean":39.583333333333336,"agg/test.EO_sex_std":0,"val.accuracy":70.96774193548387,"_step":1,"agg/test.SP_sex_mean":0.5185185185185182,"val.val_score_bestthr":100.68440231758544,"val.val_score":100.68440231758544,"agg/best_epoch_mean":61,"agg/test.recall_mean":50,"agg/val.SP_sex_std":0,"agg/test.EO_age_std":0,"agg/test.accuracy_mean":68.18181818181817,"test.EO_age":43.31550802139038,"val.EO_sex":20.588235294117652,"agg/test.SP_age_std":0,"val.roc_auc":73.46711259754737,"val.SP_age":39.583333333333336,"agg/val.accuracy_mean":70.96774193548387,"val.SP_sex":9.829059829059828,"agg/fold_id_std":0,"test.recall":50,"agg/val.val_score_bestthr_std":0,"agg/seed_std":0,"agg/val.EO_age_std":0,"fold":0,"test.EO_sex":29.166666666666668,"test.SP_age":29.601029601029605,"agg/val.EO_sex_mean":20.588235294117652,"agg/val.val_score_bestthr_mean":100.68440231758544,"agg/val.val_score_std":0}