{"agg/test.f1_score_std":0,"val.EO_age":50,"test.f1_score":41.97530864197531,"agg/test.SP_age_mean":24.96782496782497,"agg/fold_id_std":0,"agg/test.SP_sex_mean":0.6666666666666654,"agg/val.SP_sex_mean":13.675213675213671,"_runtime":56.353662316,"_wandb":{"runtime":56},"agg/best_epoch_std":0,"val.val_score":99.6736861204366,"fold":0,"agg/test.roc_auc_std":0,"agg/val.val_score_std":0,"seed":0,"val.EO_sex":20.588235294117652,"agg/test.EO_age_std":0,"agg/val.val_score_mean":99.6736861204366,"test.EO_age":47.05882352941176,"agg/val.accuracy_std":0,"agg/val.SP_age_std":0,"agg/test.SP_sex_std":0,"agg/val.SP_sex_std":0,"agg/test.precision_mean":68,"val.SP_sex":13.675213675213671,"agg/test.SP_age_std":0,"agg/best_epoch_mean":26,"val.f1_score":63.829787234042556,"val.val_score_bestthr":103.43068206639606,"agg/val.roc_auc_mean":68.22742474916387,"agg/test.precision_std":0,"agg/val.SP_age_mean":22.22222222222222,"agg/val.f1_score_std":0,"agg/seed_mean":0,"val.roc_auc":68.22742474916387,"agg/val.val_score_bestthr_std":0,"agg/val.val_score_bestthr_mean":103.43068206639606,"test.accuracy":69.48051948051948,"agg/test.roc_auc_mean":59.82142857142857,"agg/test.accuracy_std":0,"agg/test.EO_sex_std":0,"test.SP_age":24.96782496782497,"test.recall":30.357142857142854,"agg/test.recall_std":0,"val.accuracy":72.58064516129032,"agg/val.accuracy_mean":72.58064516129032,"agg/val.f1_score_mean":63.829787234042556,"_timestamp":1.7672368819614983e+09,"agg/val.EO_sex_std":0,"_step":1,"agg/val.roc_auc_std":0,"agg/seed_std":0,"agg/test.accuracy_mean":69.48051948051948,"agg/test.f1_score_mean":41.97530864197531,"test.EO_sex":8.333333333333332,"agg/test.EO_sex_mean":8.333333333333332,"agg/val.EO_sex_mean":20.588235294117652,"agg/test.EO_age_mean":47.05882352941176,"test.precision":68,"agg/val.EO_age_mean":50,"agg/val.EO_age_std":0,"agg/fold_id_mean":0,"test.roc_auc":59.82142857142857,"agg/test.recall_mean":30.357142857142854,"val.SP_age":22.22222222222222,"test.SP_sex":0.6666666666666654}