{"agg/test.precision_mean":56.25,"agg/val.roc_auc_mean":71.3489409141583,"agg/test.SP_age_std":0,"agg/test.EO_age_std":0,"agg/test.roc_auc_std":0,"agg/val.val_score_bestthr_std":0,"agg/val.f1_score_mean":48.484848484848484,"test.roc_auc":61.47959183673469,"agg/val.roc_auc_std":0,"test.EO_age":47.05882352941176,"val.f1_score":48.484848484848484,"seed":0,"val.roc_auc":71.3489409141583,"agg/test.EO_sex_std":0,"agg/val.accuracy_mean":72.58064516129032,"agg/fold_id_std":0,"agg/test.f1_score_std":0,"agg/test.EO_sex_mean":6.25,"agg/test.EO_age_mean":47.05882352941176,"agg/val.SP_sex_std":0,"agg/val.EO_sex_mean":20.588235294117645,"agg/val.SP_age_std":0,"agg/val.EO_age_mean":27.77777777777778,"agg/test.accuracy_std":0,"agg/test.SP_age_mean":40.06359300476948,"agg/test.accuracy_mean":66.23376623376623,"fold":0,"val.SP_sex":1.2820512820512802,"test.f1_score":40.90909090909092,"agg/test.recall_std":0,"test.accuracy":66.23376623376623,"test.precision":56.25,"agg/val.SP_sex_mean":1.2820512820512802,"agg/seed_std":0,"agg/val.f1_score_std":0,"agg/val.EO_age_std":0,"agg/best_epoch_std":0,"agg/test.precision_std":0,"test.SP_age":40.06359300476948,"val.val_score":96.1876998712862,"_wandb":{"runtime":54},"agg/val.EO_sex_std":0,"_runtime":54.304471316,"test.EO_sex":6.25,"test.SP_sex":3.4814814814814827,"val.val_score_bestthr":96.1876998712862,"agg/test.f1_score_mean":40.90909090909092,"val.SP_age":13.88888888888889,"agg/test.roc_auc_mean":61.47959183673469,"_step":1,"agg/best_epoch_mean":13,"val.EO_sex":20.588235294117645,"agg/test.SP_sex_mean":3.4814814814814827,"agg/val.accuracy_std":0,"agg/test.SP_sex_std":0,"_timestamp":1.7672477863253028e+09,"agg/val.val_score_mean":96.1876998712862,"agg/val.SP_age_mean":13.88888888888889,"val.accuracy":72.58064516129032,"val.EO_age":27.77777777777778,"agg/test.recall_mean":32.142857142857146,"agg/val.val_score_bestthr_mean":96.1876998712862,"agg/seed_mean":0,"agg/val.val_score_std":0,"test.recall":32.142857142857146,"agg/fold_id_mean":0}