{"fold":0,"val.accuracy":70.96774193548387,"agg/val.accuracy_std":0,"val.EO_age":66.66666666666667,"val.roc_auc":64.77146042363432,"agg/val.val_score_bestthr_std":0,"test.accuracy":66.88311688311688,"test.EO_sex":0,"test.SP_sex":2.6666666666666643,"test.SP_age":17.181467181467184,"agg/val.SP_sex_std":0,"_wandb":{"runtime":159},"test.EO_age":41.17647058823529,"test.roc_auc":60.25874635568513,"agg/best_epoch_mean":38,"_timestamp":1.7672385120114255e+09,"seed":0,"agg/test.EO_sex_mean":0,"val.SP_age":27.77777777777778,"_runtime":159.393255738,"agg/test.precision_mean":60.86956521739131,"agg/test.accuracy_mean":66.88311688311688,"agg/val.val_score_bestthr_mean":99.61858789259581,"agg/val.EO_sex_mean":59.80392156862745,"agg/val.val_score_mean":99.61858789259581,"val.SP_sex":24.14529914529914,"agg/test.SP_sex_mean":2.6666666666666643,"agg/test.SP_sex_std":0,"agg/val.EO_sex_std":0,"agg/val.EO_age_mean":66.66666666666667,"agg/test.recall_std":0,"agg/test.precision_std":0,"agg/test.SP_age_std":0,"agg/val.val_score_std":0,"agg/test.EO_age_std":0,"agg/val.accuracy_mean":70.96774193548387,"agg/val.f1_score_mean":60.86956521739131,"agg/val.roc_auc_std":0,"agg/test.accuracy_std":0,"agg/fold_id_std":0,"agg/test.f1_score_mean":35.44303797468354,"agg/seed_mean":0,"agg/val.SP_age_mean":27.77777777777778,"val.val_score":99.61858789259581,"agg/val.f1_score_std":0,"val.EO_sex":59.80392156862745,"agg/test.recall_mean":25,"agg/test.roc_auc_mean":60.25874635568513,"test.precision":60.86956521739131,"test.recall":25,"agg/test.SP_age_mean":17.181467181467184,"agg/test.EO_sex_std":0,"test.f1_score":35.44303797468354,"agg/seed_std":0,"agg/val.SP_sex_mean":24.14529914529914,"agg/val.SP_age_std":0,"agg/best_epoch_std":0,"agg/val.roc_auc_mean":64.77146042363432,"agg/test.roc_auc_std":0,"agg/test.EO_age_mean":41.17647058823529,"agg/fold_id_mean":0,"agg/val.EO_age_std":0,"_step":1,"val.val_score_bestthr":99.61858789259581,"val.f1_score":60.86956521739131,"agg/test.f1_score_std":0}