{"agg/test.f1_score_mean":48.951048951048946,"agg/test.val_score_mean":76.21647649132943,"seed":0,"val.f1_score":65.38461538461539,"agg/val.f1_score_std":0,"agg/test.SP_sex_mean":4.296296296296287,"agg/test.EO_sex_mean":14.583333333333337,"fold":0,"agg/test.best_thr_f1_std":0,"agg/val.SP_sex_mean":1.0683760683760646,"test.roc_auc":60.05830903790087,"agg/val.val_score_std":0,"agg/val.EO_age_std":0,"agg/test.precision_std":0,"test.accuracy":52.5974025974026,"agg/test.accuracy_std":0,"agg/test.SP_age_std":0,"val.roc_auc":69.45373467112597,"_timestamp":1.767082169293081e+09,"agg/seed_mean":0,"agg/test.best_accuracy_mean":50.649350649350644,"val.accuracy":70.96774193548387,"agg/val.val_score_bestthr_mean":101.03262048672391,"agg/val.accuracy_std":0,"val.val_score":102.75965998475486,"agg/test.SP_sex_std":0,"_step":1,"test.f1_score":48.951048951048946,"agg/val.val_score_bestthr_std":0,"agg/test.best_f1_mean":54.21686746987952,"agg/test.roc_auc_std":0,"agg/test.EO_sex_std":0,"agg/test.best_thr_f1_mean":0.4599999999999999,"agg/val.val_score_mean":102.75965998475486,"agg/val.roc_auc_std":0,"agg/test.EO_age_mean":49.19786096256684,"agg/fold_id_std":0,"agg/val.SP_sex_std":0,"agg/test.accuracy_mean":52.5974025974026,"agg/test.best_accuracy_std":0,"agg/test.val_score_bestthr_mean":77.16553170380243,"agg/val.EO_sex_mean":9.80392156862745,"agg/val.SP_age_mean":29.166666666666668,"agg/val.f1_score_mean":65.38461538461539,"agg/test.val_score_bestthr_std":0,"agg/best_epoch_mean":12,"agg/test.precision_mean":40.229885057471265,"agg/fold_id_mean":0,"agg/test.EO_age_std":0,"agg/val.EO_age_mean":50,"agg/seed_std":0,"agg/val.roc_auc_mean":69.45373467112597,"agg/test.best_f1_std":0,"_runtime":162.236503766,"agg/test.SP_age_mean":17.567567567567565,"agg/val.accuracy_mean":70.96774193548387,"agg/val.SP_age_std":0,"agg/test.recall_mean":62.5,"agg/test.val_score_std":0,"_wandb":{"runtime":162},"agg/best_epoch_std":0,"agg/test.f1_score_std":0,"agg/val.EO_sex_std":0,"agg/test.recall_std":0,"agg/test.roc_auc_mean":60.05830903790087}