{"agg/val.accuracy_mean":70.96774193548387,"agg/seed_mean":0,"val.val_score":102.46793047243712,"agg/test.EO_age_mean":31.01604278074866,"agg/val.val_score_bestthr_mean":103.2900458570525,"agg/val.SP_sex_mean":7.6923076923076925,"val.val_score_bestthr":103.2900458570525,"agg/test.recall_mean":66.07142857142857,"agg/test.EO_age_std":0,"agg/test.SP_sex_mean":5.296296296296288,"agg/val.EO_sex_mean":32.35294117647059,"agg/fold_id_std":0,"agg/test.roc_auc_std":0,"_timestamp":1.7670599540079744e+09,"agg/seed_std":0,"agg/val.SP_age_mean":29.166666666666668,"agg/test.accuracy_mean":54.54545454545454,"agg/test.SP_age_std":0,"agg/val.val_score_mean":102.46793047243712,"agg/test.f1_score_std":0,"agg/test.best_f1_std":0,"agg/val.roc_auc_std":0,"val.accuracy":70.96774193548387,"agg/test.SP_sex_std":0,"agg/val.accuracy_std":0,"agg/test.best_accuracy_std":0,"agg/test.best_thr_f1_mean":0.32499999999999996,"val.roc_auc":70.79152731326644,"agg/val.SP_age_std":0,"agg/test.val_score_mean":79.5969332567862,"_step":1,"agg/test.EO_sex_std":0,"agg/fold_id_mean":0,"agg/test.f1_score_mean":51.388888888888886,"test.roc_auc":59.566326530612244,"agg/best_epoch_std":0,"agg/val.SP_sex_std":0,"agg/test.precision_std":0,"agg/test.best_thr_f1_std":0,"agg/test.SP_age_mean":17.567567567567565,"_wandb":{"runtime":91},"fold":0,"test.accuracy":54.54545454545454,"agg/test.EO_sex_mean":10.416666666666663,"agg/best_epoch_mean":25,"agg/test.roc_auc_mean":59.566326530612244,"agg/val.EO_age_mean":50,"agg/val.EO_age_std":0,"agg/test.val_score_std":0,"seed":0,"agg/test.best_accuracy_mean":42.2077922077922,"agg/test.val_score_bestthr_mean":68.68644062204227,"agg/val.f1_score_mean":65.38461538461539,"agg/test.precision_mean":42.04545454545455,"_runtime":91.456661737,"agg/val.roc_auc_mean":70.79152731326644,"agg/test.best_f1_mean":53.8860103626943,"agg/val.f1_score_std":0,"agg/test.val_score_bestthr_std":0,"agg/val.EO_sex_std":0,"agg/val.val_score_std":0,"test.f1_score":51.388888888888886,"agg/val.val_score_bestthr_std":0,"agg/test.recall_std":0,"agg/test.accuracy_std":0,"val.f1_score":65.38461538461539}