{"agg/val.val_score_std":0,"test.SP_sex":2.2222222222222197,"agg/val.accuracy_mean":70.96774193548387,"agg/val.val_score_bestthr_mean":103.86438777330618,"test.f1_score":49.50495049504951,"val.val_score":99.71835610889217,"agg/best_epoch_mean":32,"agg/test.roc_auc_mean":61.698250728862966,"agg/val.roc_auc_std":0,"agg/test.roc_auc_std":0,"agg/test.SP_sex_std":0,"agg/val.SP_age_std":0,"agg/fold_id_mean":0,"agg/test.accuracy_std":0,"agg/test.precision_mean":55.55555555555556,"agg/test.accuracy_mean":66.88311688311688,"agg/best_epoch_std":0,"agg/val.accuracy_std":0,"agg/val.EO_sex_std":0,"seed":0,"val.roc_auc":70.68004459308807,"agg/val.val_score_mean":99.71835610889217,"agg/seed_std":0,"test.recall":44.642857142857146,"agg/val.SP_sex_std":0,"test.accuracy":66.88311688311688,"agg/val.EO_age_mean":33.333333333333336,"val.f1_score":67.85714285714286,"agg/val.val_score_bestthr_std":0,"agg/val.EO_age_std":0,"test.SP_age":31.660231660231663,"test.precision":55.55555555555556,"agg/test.recall_std":0,"fold":0,"agg/test.EO_sex_std":0,"agg/test.recall_mean":44.642857142857146,"_step":1,"_wandb":{"runtime":50},"val.EO_sex":21.568627450980394,"test.EO_sex":6.25,"val.accuracy":70.96774193548387,"agg/test.EO_age_mean":55.61497326203209,"agg/val.EO_sex_mean":21.568627450980394,"agg/val.SP_sex_mean":12.17948717948718,"_timestamp":1.767238572660275e+09,"agg/fold_id_std":0,"test.EO_age":55.61497326203209,"val.EO_age":33.333333333333336,"agg/test.SP_sex_mean":2.2222222222222197,"val.SP_age":36.11111111111111,"agg/val.f1_score_mean":67.85714285714286,"agg/test.precision_std":0,"agg/test.EO_sex_mean":6.25,"agg/val.roc_auc_mean":70.68004459308807,"val.val_score_bestthr":103.86438777330618,"agg/test.SP_age_std":0,"agg/test.SP_age_mean":31.660231660231663,"agg/seed_mean":0,"_runtime":50.083845984,"agg/test.f1_score_std":0,"val.SP_sex":12.17948717948718,"agg/test.f1_score_mean":49.50495049504951,"agg/val.SP_age_mean":36.11111111111111,"test.roc_auc":61.698250728862966,"agg/test.EO_age_std":0,"agg/val.f1_score_std":0}