{"test.recall":19.642857142857142,"agg/test.EO_sex_std":0,"test.EO_sex":8.333333333333334,"agg/val.EO_sex_mean":25.490196078431378,"_timestamp":1.7672388705572052e+09,"test.precision":61.111111111111114,"agg/val.SP_age_std":0,"agg/test.accuracy_std":0,"agg/test.recall_std":0,"test.f1_score":29.72972972972973,"test.roc_auc":62.33600583090379,"agg/test.roc_auc_std":0,"agg/seed_std":0,"agg/val.accuracy_std":0,"agg/val.val_score_std":0,"agg/test.SP_sex_std":0,"agg/val.EO_age_mean":83.33333333333334,"val.SP_age":38.19444444444444,"val.f1_score":57.14285714285715,"agg/fold_id_std":0,"agg/val.f1_score_mean":57.14285714285715,"agg/val.val_score_bestthr_std":0,"val.SP_sex":13.034188034188032,"agg/test.roc_auc_mean":62.33600583090379,"agg/test.precision_std":0,"test.SP_age":11.454311454311455,"agg/test.SP_sex_mean":0.8888888888888891,"agg/val.accuracy_mean":70.96774193548387,"val.val_score":96.96686108272922,"agg/val.SP_age_mean":38.19444444444444,"agg/fold_id_mean":0,"agg/test.EO_age_mean":29.411764705882355,"test.accuracy":66.23376623376623,"agg/test.accuracy_mean":66.23376623376623,"agg/val.SP_sex_mean":13.034188034188032,"test.SP_sex":0.8888888888888891,"_runtime":150.864976425,"_step":1,"test.EO_age":29.411764705882355,"agg/test.recall_mean":19.642857142857142,"agg/val.roc_auc_std":0,"agg/val.SP_sex_std":0,"agg/seed_mean":0,"seed":0,"agg/test.f1_score_mean":29.72972972972973,"fold":0,"agg/test.precision_mean":61.111111111111114,"agg/test.EO_sex_mean":8.333333333333334,"agg/val.EO_age_std":0,"agg/val.f1_score_std":0,"agg/val.val_score_mean":96.96686108272922,"val.val_score_bestthr":97.93864888800849,"val.accuracy":70.96774193548387,"_wandb":{"runtime":150},"agg/test.SP_age_std":0,"agg/best_epoch_mean":30,"agg/val.roc_auc_mean":65.88628762541806,"val.roc_auc":65.88628762541806,"agg/best_epoch_std":0,"val.EO_age":83.33333333333334,"agg/test.EO_age_std":0,"agg/val.val_score_bestthr_mean":97.93864888800849,"agg/test.SP_age_mean":11.454311454311455,"agg/test.f1_score_std":0,"agg/val.EO_sex_std":0,"val.EO_sex":25.490196078431378}