{"agg/test.val_score_std":0,"agg/seed_mean":0,"agg/val.f1_score_std":0,"agg/test.recall_mean":62.5,"_timestamp":1.7670790492710352e+09,"agg/test.EO_sex_std":0,"agg/val.accuracy_std":0,"agg/best_epoch_mean":22,"agg/test.accuracy_mean":57.7922077922078,"agg/test.best_accuracy_std":0,"_wandb":{"runtime":226},"agg/test.val_score_mean":82.81905934582404,"agg/val.SP_age_mean":29.86111111111111,"agg/test.f1_score_std":0,"agg/test.SP_age_mean":13.8996138996139,"agg/test.SP_sex_std":0,"agg/test.precision_mean":44.303797468354425,"agg/test.SP_age_std":0,"seed":0,"agg/val.EO_age_mean":50,"fold":0,"agg/test.recall_std":0,"agg/fold_id_mean":0,"agg/test.best_f1_mean":56.310679611650485,"agg/val.val_score_std":0,"agg/seed_std":0,"agg/val.EO_age_std":0,"agg/test.EO_age_mean":45.98930481283422,"agg/val.val_score_bestthr_mean":103.43383670672571,"val.roc_auc":69.11928651059085,"val.val_score":103.43383670672571,"agg/test.best_thr_f1_mean":0.73,"agg/val.SP_sex_mean":0,"agg/test.val_score_bestthr_std":0,"agg/fold_id_std":0,"agg/val.f1_score_mean":66.66666666666667,"agg/test.best_f1_std":0,"agg/val.roc_auc_mean":69.11928651059085,"agg/val.val_score_bestthr_std":0,"agg/test.precision_std":0,"agg/test.EO_sex_mean":29.166666666666664,"agg/test.f1_score_mean":51.85185185185185,"agg/best_epoch_std":0,"agg/test.SP_sex_mean":0.8518518518518481,"test.roc_auc":63.411078717201164,"val.f1_score":66.66666666666667,"agg/val.roc_auc_std":0,"test.f1_score":51.85185185185185,"agg/test.best_accuracy_mean":70.77922077922078,"agg/val.SP_sex_std":0,"test.accuracy":57.7922077922078,"agg/val.val_score_mean":103.43383670672571,"agg/test.roc_auc_mean":63.411078717201164,"agg/val.EO_sex_std":0,"agg/val.accuracy_mean":70.96774193548387,"val.accuracy":70.96774193548387,"agg/val.EO_sex_mean":6.862745098039225,"agg/test.roc_auc_std":0,"_step":1,"agg/test.val_score_bestthr_mean":97.90796466409573,"agg/test.best_thr_f1_std":0,"agg/test.accuracy_std":0,"agg/val.SP_age_std":0,"agg/test.EO_age_std":0,"_runtime":226.55208308}