{"val.accuracy":72.58064516129032,"val.SP_age":14.583333333333332,"agg/val.EO_age_std":0,"agg/val.SP_age_mean":14.583333333333332,"agg/val.EO_age_mean":33.333333333333336,"agg/test.EO_age_mean":43.85026737967914,"agg/val.roc_auc_mean":74.80490523968784,"test.SP_age":31.01673101673102,"_step":1,"agg/val.val_score_bestthr_mean":105.80217904576816,"agg/val.val_score_mean":101.32510744579056,"test.recall":35.714285714285715,"val.SP_sex":10.470085470085472,"test.SP_sex":9.629629629629626,"agg/val.roc_auc_std":0,"agg/test.precision_std":0,"val.val_score":101.32510744579056,"_timestamp":1.7672435783475628e+09,"agg/val.f1_score_mean":67.9245283018868,"seed":0,"agg/test.SP_sex_mean":9.629629629629626,"val.roc_auc":74.80490523968784,"agg/val.accuracy_std":0,"agg/val.f1_score_std":0,"agg/test.EO_sex_mean":31.25,"_runtime":93.849005914,"agg/test.f1_score_std":0,"agg/seed_std":0,"agg/test.precision_mean":55.55555555555556,"agg/val.val_score_std":0,"agg/test.EO_sex_std":0,"test.EO_age":43.85026737967914,"agg/test.accuracy_mean":66.23376623376623,"agg/test.SP_age_mean":31.01673101673102,"test.precision":55.55555555555556,"agg/best_epoch_mean":24,"agg/val.val_score_bestthr_std":0,"agg/val.SP_age_std":0,"agg/val.accuracy_mean":72.58064516129032,"val.f1_score":67.9245283018868,"test.f1_score":43.47826086956522,"test.EO_sex":31.25,"fold":0,"_wandb":{"runtime":93},"agg/val.EO_sex_std":0,"agg/test.accuracy_std":0,"agg/val.SP_sex_mean":10.470085470085472,"agg/test.f1_score_mean":43.47826086956522,"test.accuracy":66.23376623376623,"agg/test.roc_auc_std":0,"agg/best_epoch_std":0,"agg/val.EO_sex_mean":15.686274509803921,"agg/seed_mean":0,"agg/val.SP_sex_std":0,"agg/test.recall_std":0,"val.EO_age":33.333333333333336,"agg/test.SP_age_std":0,"val.EO_sex":15.686274509803921,"test.roc_auc":63.66618075801749,"val.val_score_bestthr":105.80217904576816,"agg/test.recall_mean":35.714285714285715,"agg/fold_id_mean":0,"agg/test.SP_sex_std":0,"agg/fold_id_std":0,"agg/test.EO_age_std":0,"agg/test.roc_auc_mean":63.66618075801749}