{"test.recall":33.92857142857143,"agg/test.EO_age_std":0,"_timestamp":1.7672449125863142e+09,"agg/val.roc_auc_std":0,"agg/test.roc_auc_std":0,"agg/val.SP_sex_mean":0.21367521367521292,"agg/test.accuracy_mean":67.53246753246754,"_step":1,"agg/val.roc_auc_mean":69.89966555183946,"seed":0,"val.accuracy":70.96774193548387,"val.val_score":98.97984421229204,"val.roc_auc":69.89966555183946,"agg/test.EO_sex_mean":4.166666666666669,"agg/val.val_score_std":0,"val.f1_score":57.14285714285715,"_runtime":83.736609117,"agg/test.SP_age_mean":34.65818759936407,"agg/val.f1_score_mean":57.14285714285715,"agg/val.val_score_mean":98.97984421229204,"agg/test.SP_age_std":0,"agg/seed_std":0,"test.SP_age":34.65818759936407,"_wandb":{"runtime":83},"val.SP_sex":0.21367521367521292,"agg/val.accuracy_std":0,"test.f1_score":43.18181818181819,"agg/test.EO_sex_std":0,"agg/val.accuracy_mean":70.96774193548387,"agg/test.roc_auc_mean":63.68440233236152,"test.SP_sex":6.333333333333336,"agg/test.f1_score_mean":43.18181818181819,"agg/val.EO_age_mean":33.33333333333333,"agg/seed_mean":0,"agg/test.SP_sex_std":0,"agg/test.precision_mean":59.375,"test.EO_age":37.96791443850267,"agg/val.SP_age_mean":19.444444444444446,"agg/val.val_score_bestthr_mean":98.97984421229204,"agg/val.EO_sex_mean":2.941176470588236,"agg/val.EO_sex_std":0,"agg/test.accuracy_std":0,"agg/test.recall_std":0,"test.precision":59.375,"test.roc_auc":63.68440233236152,"val.EO_sex":2.941176470588236,"test.accuracy":67.53246753246754,"agg/test.EO_age_mean":37.96791443850267,"val.EO_age":33.33333333333333,"agg/val.val_score_bestthr_std":0,"agg/best_epoch_std":0,"agg/best_epoch_mean":29,"agg/test.SP_sex_mean":6.333333333333336,"val.SP_age":19.444444444444446,"agg/val.EO_age_std":0,"agg/fold_id_std":0,"fold":0,"agg/test.precision_std":0,"test.EO_sex":4.166666666666669,"agg/test.f1_score_std":0,"agg/fold_id_mean":0,"agg/val.SP_sex_std":0,"val.val_score_bestthr":98.97984421229204,"agg/val.f1_score_std":0,"agg/test.recall_mean":33.92857142857143,"agg/val.SP_age_std":0}