{"test.recall":37.5,"agg/test.SP_age_mean":23.552123552123554,"agg/test.EO_sex_std":0,"agg/best_epoch_mean":19,"agg/val.SP_age_std":0,"agg/val.val_score_std":0,"agg/val.SP_age_mean":22.22222222222222,"agg/test.roc_auc_mean":63.73906705539358,"agg/val.EO_age_mean":66.66666666666667,"test.SP_age":23.552123552123554,"val.EO_sex":14.70588235294118,"agg/val.EO_age_std":0,"agg/val.EO_sex_std":0,"val.val_score":100.25760247278687,"_timestamp":1.767242917434023e+09,"agg/test.SP_age_std":0,"agg/val.f1_score_mean":60.86956521739131,"agg/val.SP_sex_mean":10.897435897435898,"test.f1_score":44.680851063829785,"agg/seed_std":0,"agg/fold_id_std":0,"agg/test.EO_age_mean":43.85026737967914,"val.SP_sex":10.897435897435898,"agg/val.accuracy_std":0,"agg/val.val_score_bestthr_std":0,"agg/val.f1_score_std":0,"agg/test.precision_std":0,"agg/test.accuracy_std":0,"agg/val.EO_sex_mean":14.70588235294118,"test.EO_sex":14.583333333333332,"agg/test.SP_sex_mean":3.77777777777778,"_step":1,"agg/test.EO_age_std":0,"test.precision":55.26315789473685,"agg/test.f1_score_std":0,"test.roc_auc":63.73906705539358,"agg/test.precision_mean":55.26315789473685,"agg/val.val_score_mean":100.25760247278687,"agg/test.recall_mean":37.5,"agg/test.SP_sex_std":0,"val.roc_auc":67.3355629877369,"agg/val.SP_sex_std":0,"agg/seed_mean":0,"test.EO_age":43.85026737967914,"agg/test.f1_score_mean":44.680851063829785,"agg/test.EO_sex_mean":14.583333333333332,"test.SP_sex":3.77777777777778,"agg/test.recall_std":0,"val.SP_age":22.22222222222222,"agg/val.roc_auc_mean":67.3355629877369,"agg/val.roc_auc_std":0,"agg/val.val_score_bestthr_mean":100.25760247278687,"seed":0,"agg/test.roc_auc_std":0,"test.accuracy":66.23376623376623,"val.accuracy":70.96774193548387,"fold":0,"val.f1_score":60.86956521739131,"agg/fold_id_mean":0,"agg/best_epoch_std":0,"agg/test.accuracy_mean":66.23376623376623,"agg/val.accuracy_mean":70.96774193548387,"_wandb":{"runtime":85},"_runtime":85.77053487,"val.val_score_bestthr":100.25760247278687,"val.EO_age":66.66666666666667}