{"sum/agg/test.SP_age_std":0,"sum/agg/test.roc_auc_std":0,"test/EO_sex":20.833333333333336,"sum/agg/val.val_score_std":0,"sum/agg/seed_std":0,"sum/agg/test.SP_age_mean":23.054587688734035,"val/EO_age":46.66666666666667,"sum/agg/test.recall_std":0,"sum/agg/val.roc_auc_std":0,"seed":0,"sum/agg/test.precision_mean":48.93617021276596,"val/SP_age":10.416666666666668,"val/f1":59.57446808510638,"test/acc":62.33766233766234,"test/recall":82.14285714285714,"test/SP_sex":8.444444444444443,"test/EO_age":23.529411764705877,"sum/agg/val.EO_age_std":0,"sum/agg/test.f1_score_mean":61.33333333333333,"sum/agg/val.val_score_bestthr_std":0,"sum/agg/test.SP_sex_std":0,"sum/agg/test.precision_std":0,"test/precision":48.93617021276596,"sum/agg/val.EO_sex_std":0,"test/SP_age":23.054587688734035,"sum/agg/test.roc_auc_mean":65.4701166180758,"val/auc":60.53511705685618,"sum/agg/test.EO_age_mean":23.529411764705877,"sum/agg/val.val_score_mean":96.1586587116236,"test/f1":61.33333333333333,"val/EO_sex":14.70588235294118,"sum/agg/test.f1_score_std":0,"_runtime":86.644858445,"sum/agg/fold_id_std":0,"sum/agg/val.accuracy_std":0,"sum/agg/test.accuracy_std":0,"sum/agg/seed_mean":0,"val/SP_sex":7.051282051282054,"sum/agg/val.SP_sex_mean":7.051282051282054,"sum/agg/test.SP_sex_mean":8.444444444444443,"sum/agg/val.f1_score_mean":59.57446808510638,"sum/agg/val.EO_age_mean":46.66666666666667,"sum/agg/best_epoch_mean":53,"sum/agg/val.roc_auc_mean":60.53511705685618,"sum/agg/test.EO_sex_std":0,"test/auc":65.4701166180758,"sum/agg/test.EO_age_std":0,"_timestamp":1.7673264195081093e+09,"sum/agg/test.EO_sex_mean":20.833333333333336,"sum/agg/fold_id_mean":0,"sum/agg/val.SP_sex_std":0,"val/val_score_bestthr":98.35366777485505,"sum/agg/test.recall_mean":82.14285714285714,"sum/agg/val.SP_age_std":0,"val/val_score":96.1586587116236,"sum/agg/val.SP_age_mean":10.416666666666668,"sum/agg/best_epoch_std":0,"sum/agg/val.accuracy_mean":69.35483870967742,"sum/agg/val.f1_score_std":0,"val/acc":69.35483870967742,"_wandb":{"runtime":86},"sum/agg/val.EO_sex_mean":14.70588235294118,"sum/agg/val.val_score_bestthr_mean":98.35366777485505,"_step":1,"sum/agg/test.accuracy_mean":62.33766233766234,"fold":0}