{"warmup/val/label_pos_rate":37.096774193548384,"warmup/val/eval_use_best_thr":1,"warmup/val/best_acc":62.903225806451616,"warmup/val/EO_sex":0,"gradients/encoder_c.convs.1.bias":{"_type":"histogram","values":[1,0,0,0,1,0,1,0,1,1,2,0,0,0,0,2,1,1,2,1,2,0,0,3,1,1,1,2,5,2,2,0,0,0,1,1,2,1,1,0,1,2,1,1,2,2,2,2,0,0,1,2,0,1,2,0,1,1,2,1,0,0,0,1],"bins":[-0.021082790568470955,-0.02046695165336132,-0.019851112738251686,-0.01923527382314205,-0.018619434908032417,-0.018003595992922783,-0.01738775707781315,-0.016771918162703514,-0.01615607924759388,-0.015540240332484245,-0.014924401417374611,-0.014308562502264977,-0.013692723587155342,-0.013076884672045708,-0.012461045756936073,-0.011845206841826439,-0.011229368858039379,-0.010613529942929745,-0.00999769102782011,-0.009381852112710476,-0.008766013197600842,-0.008150174282491207,-0.00753433583304286,-0.006918496917933226,-0.006302658002823591,-0.005686819087713957,-0.005070980172604322,-0.004455141723155975,-0.0038393025752156973,-0.003223463660106063,-0.002607624977827072,-0.0019917860627174377,-0.0013759471476078033,-0.0007601082907058299,-0.00014426943380385637,0.0004715693648904562,0.0010874082800000906,0.001703247195109725,0.0023190858773887157,0.00293492479249835,0.0035507637076079845,0.004166602622717619,0.004782441537827253,0.0053982799872756,0.006014118902385235,0.006629957817494869,0.007245796732604504,0.007861635647714138,0.008477474562823772,0.009093313477933407,0.009709152393043041,0.010324991308152676,0.01094083022326231,0.011556669138371944,0.012172507122159004,0.012788346037268639,0.013404184952378273,0.014020023867487907,0.014635862782597542,0.015251701697707176,0.01586754061281681,0.016483379527926445,0.01709921844303608,0.017715057358145714,0.018330896273255348]},"warmup/val/loss":0.6591820005447634,"warmup/val/best_thr_acc":0.49999999999999994,"_runtime":9.348023861,"warmup/val/f1_score":0,"gradients/encoder_c.convs.0.bias":{"bins":[-0.02460421621799469,-0.024034330621361732,-0.023464445024728775,-0.022894559428095818,-0.02232467383146286,-0.021754790097475052,-0.021184904500842094,-0.020615018904209137,-0.02004513330757618,-0.019475247710943222,-0.018905362114310265,-0.018335476517677307,-0.0177655927836895,-0.01719570718705654,-0.016625821590423584,-0.016055935993790627,-0.015486050397157669,-0.014916164800524712,-0.014346279203891754,-0.013776394538581371,-0.013206508941948414,-0.012636623345315456,-0.012066738680005074,-0.011496853083372116,-0.010926967486739159,-0.010357081890106201,-0.009787196293473244,-0.009217311628162861,-0.008647426031529903,-0.008077540434896946,-0.007507655303925276,-0.006937770172953606,-0.006367884576320648,-0.005797998979687691,-0.005228113848716021,-0.00465822871774435,-0.004088343121111393,-0.003518457757309079,-0.0029485723935067654,-0.002378687262535095,-0.0018088016659021378,-0.001238916302099824,-0.0006690309382975101,-9.914557449519634e-05,0.00047073978930711746,0.0010406251531094313,0.001610510516911745,0.0021803956478834152,0.0027502812445163727,0.0033201666083186865,0.0038900519721210003,0.0044599371030926704,0.005029822699725628,0.005599708296358585,0.0061695934273302555,0.006739478558301926,0.007309364154934883,0.00787924975156784,0.008449135348200798,0.009019020013511181,0.009588905610144138,0.010158791206777096,0.010728675872087479,0.011298561468720436,0.011868447065353394],"_type":"histogram","values":[1,0,0,0,0,0,0,0,0,0,0,0,0,0,0,0,0,1,1,0,0,0,1,1,2,1,2,0,4,1,1,3,6,5,3,3,2,2,0,2,2,2,1,2,3,1,2,0,1,2,0,0,0,1,1,0,0,0,2,1,0,0,0,1]},"gradients/encoder_c.convs.1.weight":{"_type":"histogram","values":[1,1,1,0,2,2,2,0,5,4,7,9,5,10,9,14,23,21,25,28,44,38,37,68,72,84,94,101,144,155,243,286,325,235,219,284,237,189,171,142,129,121,86,76,59,54,44,36,36,20,24,21,11,7,8,8,5,4,4,2,1,1,1,1],"bins":[-0.003630915889516473,-0.0035248559433966875,-0.003418795997276902,-0.0033127358183264732,-0.003206675872206688,-0.0031006159260869026,-0.0029945559799671173,-0.002888496033847332,-0.0027824360877275467,-0.0026763761416077614,-0.002570316195487976,-0.0024642562493681908,-0.002358196070417762,-0.0022521361242979765,-0.002146076178178191,-0.002040016232058406,-0.001933956053107977,-0.0018278961069881916,-0.0017218360444530845,-0.0016157760983332992,-0.001509716035798192,-0.0014036560896784067,-0.0012975961435586214,-0.001191536197438836,-0.001085476134903729,-0.0009794161887839437,-0.0008733561262488365,-0.0007672961801290512,-0.000661236175801605,-0.0005551761714741588,-0.00044911622535437346,-0.00034305622102692723,-0.000236996216699481,-0.00013093622692395002,-2.4876237148419023e-05,8.118373807519674e-05,0.00018724374240264297,0.0002933037467300892,0.0003993636928498745,0.0005054236971773207,0.0006114837015047669,0.0007175437058322132,0.0008236037101596594,0.0009296636562794447,0.00103572360239923,0.0011417836649343371,0.0012478436110541224,0.0013539036735892296,0.001459963619709015,0.0015660235658288002,0.0016720836283639073,0.0017781435744836926,0.0018842036370187998,0.001990263583138585,0.0020963235292583704,0.0022023834753781557,0.0023084436543285847,0.00241450360044837,0.0025205635465681553,0.0026266234926879406,0.0027326836716383696,0.002838743617758155,0.00294480356387794,0.0030508635099977255,0.003156923456117511]},"warmup/train/loss":0.6523592973100967,"warmup/val/SP_age":0,"warmup/val/SP_sex":0,"_step":20,"warmup/train/acc":63.58695652173913,"warmup/val/thr_used":0.49999999999999994,"warmup/val/best_f1":56.79012345679012,"warmup/val/val_score":62.903225806451616,"gradients/encoder_c.convs.0.weight":{"values":[1,0,1,4,1,4,5,5,6,7,2,14,14,20,13,28,37,35,43,56,88,99,119,164,194,255,294,334,405,548,936,1031,572,411,327,282,256,195,125,111,95,55,65,36,39,23,16,12,12,5,4,3,4,0,4,1,0,2,1,1,1,1,0,2],"bins":[-0.0035168728791177273,-0.003403986571356654,-0.003291100263595581,-0.0031782141886651516,-0.0030653278809040785,-0.0029524415731430054,-0.002839555498212576,-0.002726669190451503,-0.0026137828826904297,-0.0025008965749293566,-0.0023880102671682835,-0.002275124192237854,-0.002162237884476781,-0.0020493515767157078,-0.0019364653853699565,-0.0018235791940242052,-0.001710692886263132,-0.001597806578502059,-0.0014849203871563077,-0.0013720341958105564,-0.0012591478880494833,-0.0011462615802884102,-0.001033375388942659,-0.0009204891393892467,-0.0008076028898358345,-0.0006947166402824223,-0.0005818303907290101,-0.0004689441411755979,-0.0003560578916221857,-0.0002431716420687735,-0.0001302853925153613,-1.739914296194911e-05,9.548710659146309e-05,0.0002083733561448753,0.0003212596056982875,0.0004341458552516997,0.0005470321048051119,0.0006599183543585241,0.0007728046039119363,0.0008856908534653485,0.0009985771030187607,0.0011114634107798338,0.001224349602125585,0.0013372357934713364,0.0014501221012324095,0.0015630084089934826,0.0016758946003392339,0.0017887807916849852,0.0019016670994460583,0.0020145534072071314,0.0021274397149682045,0.002240325789898634,0.002353212097659707,0.00246609840542078,0.0025789844803512096,0.0026918707881122828,0.002804757095873356,0.002917643403634429,0.003030529711395502,0.0031434157863259315,0.0032563020940870047,0.0033691884018480778,0.0034820744767785072,0.0035949607845395803,0.0037078470923006535],"_type":"histogram"},"warmup/val/roc_auc":50.16722408026756,"warmup/val/best_thr_f1":0.3499999999999999,"warmup/val/accuracy":62.903225806451616,"warmup/val/recall":0,"warmup/val/EO_age":0,"warmup/val/fixed_thr":0.5,"warmup/val/precision":0,"gradients/classifier_disease.weight":{"_type":"histogram","values":[1,0,0,1,0,0,0,0,0,1,2,0,0,1,1,2,3,4,3,4,2,6,9,13,5,8,9,8,12,10,12,11,11,12,10,12,8,9,8,5,13,9,6,2,4,3,4,3,2,1,1,0,0,2,1,0,0,0,0,0,1,0,0,1],