{"agg/val.roc_auc_mean":71.12597547380156,"agg/val.EO_age_std":0,"agg/test.SP_sex_mean":9.481481481481485,"test.recall":37.5,"val.SP_age":22.916666666666668,"agg/val.roc_auc_std":0,"test.accuracy":66.23376623376623,"val.f1_score":66.66666666666666,"agg/test.roc_auc_mean":57.78061224489795,"agg/test.SP_age_std":0,"val.accuracy":72.58064516129032,"agg/val.f1_score_std":0,"agg/test.EO_age_std":0,"val.EO_sex":12.745098039215685,"agg/test.EO_sex_mean":14.583333333333332,"agg/fold_id_mean":0,"agg/test.f1_score_std":0,"agg/val.EO_sex_mean":12.745098039215685,"_timestamp":1.7672383412127726e+09,"agg/val.val_score_std":0,"_step":1,"agg/val.val_score_mean":101.23875684874203,"agg/test.precision_std":0,"agg/val.SP_sex_std":0,"agg/best_epoch_mean":38,"_runtime":47.680374215,"agg/test.accuracy_mean":66.23376623376623,"agg/val.SP_sex_mean":11.538461538461537,"agg/val.EO_age_mean":66.66666666666667,"seed":0,"agg/test.EO_age_mean":58.82352941176471,"agg/test.precision_mean":55.26315789473685,"agg/test.accuracy_std":0,"test.SP_age":31.338481338481337,"agg/test.SP_age_mean":31.338481338481337,"agg/test.recall_mean":37.5,"val.EO_age":66.66666666666667,"agg/test.f1_score_mean":44.680851063829785,"agg/fold_id_std":0,"test.EO_age":58.82352941176471,"agg/val.val_score_bestthr_std":0,"agg/val.EO_sex_std":0,"agg/val.SP_age_mean":22.916666666666668,"agg/val.val_score_bestthr_mean":104.77530956551354,"val.SP_sex":11.538461538461537,"test.SP_sex":9.481481481481485,"test.precision":55.26315789473685,"agg/val.accuracy_mean":72.58064516129032,"test.f1_score":44.680851063829785,"fold":0,"agg/test.EO_sex_std":0,"val.val_score":101.23875684874203,"agg/seed_std":0,"_wandb":{"runtime":47},"agg/seed_mean":0,"test.roc_auc":57.78061224489795,"agg/val.f1_score_mean":66.66666666666666,"test.EO_sex":14.583333333333332,"agg/val.SP_age_std":0,"agg/best_epoch_std":0,"agg/test.recall_std":0,"agg/test.SP_sex_std":0,"val.roc_auc":71.12597547380156,"agg/val.accuracy_std":0,"val.val_score_bestthr":104.77530956551354,"agg/test.roc_auc_std":0}