{"agg/test.accuracy_mean":67.53246753246754,"agg/fold_id_std":0,"_step":1,"val.SP_sex":4.487179487179488,"agg/val.accuracy_mean":70.96774193548387,"agg/test.precision_mean":87.5,"_runtime":72.853547968,"agg/val.val_score_std":0,"test.SP_sex":2.2962962962962963,"agg/test.EO_age_mean":23.52941176470588,"agg/test.recall_std":0,"agg/val.EO_age_std":0,"agg/test.EO_age_std":0,"val.val_score_bestthr":101.84076229747483,"val.f1_score":63.99999999999999,"test.SP_age":7.375145180023229,"agg/val.accuracy_std":0,"val.val_score":101.84076229747483,"fold":0,"agg/test.accuracy_std":0,"agg/val.val_score_mean":101.84076229747483,"_timestamp":1.7672446431374693e+09,"test.EO_age":23.52941176470588,"test.precision":87.5,"test.recall":12.5,"agg/test.SP_age_std":0,"agg/test.f1_score_std":0,"agg/best_epoch_mean":17,"agg/val.f1_score_std":0,"agg/test.SP_age_mean":7.375145180023229,"agg/val.EO_sex_mean":18.627450980392158,"agg/fold_id_mean":0,"agg/test.EO_sex_mean":0,"agg/test.roc_auc_mean":59.73032069970845,"_wandb":{"runtime":72},"agg/val.EO_sex_std":0,"agg/test.SP_sex_mean":2.2962962962962963,"val.roc_auc":71.23745819397993,"agg/seed_std":0,"test.roc_auc":59.73032069970845,"agg/val.SP_age_std":0,"agg/val.EO_age_mean":66.66666666666667,"agg/val.val_score_bestthr_mean":101.84076229747483,"val.EO_sex":18.627450980392158,"val.EO_age":66.66666666666667,"agg/seed_mean":0,"agg/val.SP_sex_mean":4.487179487179488,"agg/val.roc_auc_std":0,"agg/test.EO_sex_std":0,"val.accuracy":70.96774193548387,"agg/val.roc_auc_mean":71.23745819397993,"seed":0,"agg/val.val_score_bestthr_std":0,"agg/test.SP_sex_std":0,"test.accuracy":67.53246753246754,"agg/test.roc_auc_std":0,"agg/test.f1_score_mean":21.875,"agg/test.recall_mean":12.5,"agg/val.SP_age_mean":22.916666666666668,"val.SP_age":22.916666666666668,"test.f1_score":21.875,"agg/val.SP_sex_std":0,"agg/val.f1_score_mean":63.99999999999999,"test.EO_sex":0,"agg/best_epoch_std":0,"agg/test.precision_std":0}