{"agg/test.f1_score_mean":55.70803218528592,"test/SP_age":11.111111111111116,"_step":5,"agg/val.SP_sex_mean":17.100369061270246,"val/EO_sex":8.888888888888879,"agg/best_epoch_mean":45.8,"agg/val.EO_sex_mean":5.96766425868593,"agg/test.precision_std":4.2519202247471215,"val/SP_age":21.42857142857143,"agg/val.SP_sex_std":11.690928123862458,"val/val_score":81.01598846195405,"agg/test.roc_auc_std":3.2834796560717847,"agg/test.accuracy_std":9.513563649915687,"val/acc":56.451612903225815,"test/precision":36.734693877551024,"_runtime":377.019019876,"agg/best_epoch_std":11.01635148313633,"agg/val.accuracy_mean":55.16129032258065,"test/recall":98.18181818181819,"agg/val.SP_age_std":9.58488002458916,"test/EO_sex":2.3809523809523836,"agg/test.recall_mean":86.06493506493507,"agg/val.SP_age_mean":21.415143250282572,"agg/test.precision_mean":42.021705479504234,"agg/fold_id_std":1.4142135623730951,"agg/test.EO_age_std":13.751329288201756,"test/SP_sex":2.1381578947368474,"agg/test.EO_sex_mean":7.878571428571431,"val/SP_sex":11.260709914320689,"agg/fold_id_mean":2,"agg/val.EO_age_std":22.83729296815581,"agg/val.roc_auc_mean":61.09253065774804,"agg/test.EO_sex_std":8.127360637359782,"agg/val.val_score_bestthr_mean":84.6387454046668,"agg/seed_mean":2,"agg/val.roc_auc_std":7.230064823674904,"test/acc":38.56209150326798,"agg/val.f1_score_std":3.422555488351469,"_wandb":{"runtime":377},"agg/test.SP_age_std":8.644129682082733,"agg/val.val_score_bestthr_std":11.34996960293096,"test/auc":58.7012987012987,"seed":4,"agg/test.SP_sex_mean":6.730966849147785,"agg/val.EO_sex_std":3.445781404277455,"agg/test.SP_age_mean":15.080724927189987,"val/EO_age":33.333333333333336,"test/EO_age":8.333333333333337,"agg/val.val_score_std":8.5631406401039,"val/auc":60.758082497212925,"val/val_score_bestthr":85.55324413623138,"val/f1":59.70149253731344,"agg/val.EO_age_mean":26.190476190476193,"agg/val.f1_score_mean":60.3683832193866,"agg/test.roc_auc_mean":60.42034149313762,"agg/test.accuracy_mean":49.91087344028521,"test/f1":53.46534653465347,"agg/test.f1_score_std":1.8245429032356504,"agg/test.recall_std":12.691215820992523,"agg/seed_std":1.4142135623730951,"agg/test.SP_sex_std":4.375945709282636,"_timestamp":1.7673213218255248e+09,"agg/test.EO_age_mean":18.230494995200882,"agg/val.val_score_mean":86.4817614915728,"agg/val.accuracy_std":10.067410667307895,"fold":4}