{"agg/val.val_score_std":0,"agg/test.val_score_bestthr_std":0,"agg/val.val_score_bestthr_std":0,"fold":0,"agg/test.val_score_bestthr_mean":78.52287332200228,"agg/val.roc_auc_std":0,"agg/val.EO_sex_std":0,"agg/test.EO_age_std":0,"agg/val.SP_age_std":0,"agg/val.SP_sex_std":0,"test.f1_score":52.85714285714285,"agg/test.val_score_mean":82.83677972663266,"_runtime":49.09280656,"agg/test.EO_age_mean":31.01604278074866,"agg/test.best_thr_f1_mean":0.39499999999999996,"agg/test.SP_sex_mean":6.999999999999995,"agg/fold_id_mean":0,"agg/seed_std":0,"val.accuracy":69.35483870967742,"agg/test.precision_mean":44.047619047619044,"agg/fold_id_std":0,"_timestamp":1.7670581788123708e+09,"test.roc_auc":60.56851311953352,"agg/val.f1_score_std":0,"agg/val.SP_age_mean":16.666666666666668,"val.roc_auc":65.99777034559644,"agg/val.SP_sex_mean":5.9829059829059785,"agg/test.EO_sex_mean":10.416666666666663,"agg/test.roc_auc_std":0,"agg/val.val_score_mean":98.86803886153304,"agg/val.f1_score_mean":61.224489795918366,"agg/test.best_f1_mean":55.62130177514793,"_step":1,"_wandb":{"runtime":49},"agg/val.roc_auc_mean":65.99777034559644,"agg/best_epoch_std":0,"seed":0,"agg/val.val_score_bestthr_mean":98.86803886153304,"agg/test.best_accuracy_std":0,"agg/seed_mean":0,"agg/best_epoch_mean":19,"agg/test.SP_age_std":0,"agg/test.precision_std":0,"agg/test.SP_sex_std":0,"agg/val.accuracy_mean":69.35483870967742,"agg/val.accuracy_std":0,"agg/test.SP_age_mean":25.032175032175036,"agg/test.f1_score_std":0,"agg/test.best_f1_std":0,"agg/val.EO_sex_mean":20.588235294117652,"agg/val.EO_age_std":0,"test.accuracy":57.14285714285714,"agg/test.best_thr_f1_std":0,"agg/test.f1_score_mean":52.85714285714285,"agg/test.accuracy_mean":57.14285714285714,"agg/test.accuracy_std":0,"agg/test.roc_auc_mean":60.56851311953352,"agg/test.recall_mean":66.07142857142857,"agg/test.EO_sex_std":0,"agg/test.best_accuracy_mean":51.298701298701296,"val.f1_score":61.224489795918366,"agg/test.recall_std":0,"agg/val.EO_age_mean":66.66666666666667,"agg/test.val_score_std":0}