{"agg/test.val_score_mean":79.93249881661646,"agg/test.best_thr_f1_mean":0.37999999999999995,"agg/test.best_f1_mean":54.21686746987952,"agg/val.val_score_mean":111.18128731515623,"agg/val.EO_sex_std":0,"agg/test.f1_score_std":0,"agg/val.EO_age_mean":38.888888888888886,"agg/val.accuracy_mean":77.41935483870968,"agg/val.EO_sex_mean":18.627450980392158,"agg/seed_std":0,"agg/val.SP_age_std":0,"agg/val.roc_auc_std":0,"agg/test.EO_sex_std":0,"fold":0,"agg/test.recall_mean":41.07142857142857,"_step":1,"agg/test.SP_age_mean":35.00643500643501,"agg/val.SP_sex_std":0,"agg/val.accuracy_std":0,"_wandb":{"runtime":66},"agg/test.best_accuracy_mean":50.649350649350644,"agg/test.EO_sex_mean":25,"_runtime":66.372988132,"agg/test.accuracy_std":0,"seed":0,"agg/val.roc_auc_mean":73.69007803790413,"agg/test.val_score_std":0,"agg/val.val_score_bestthr_mean":111.18128731515623,"agg/test.best_accuracy_std":0,"agg/test.best_f1_std":0,"agg/fold_id_mean":0,"agg/test.EO_age_mean":49.73262032085562,"agg/test.precision_mean":44.230769230769226,"agg/test.val_score_bestthr_std":0,"test.f1_score":42.592592592592595,"agg/fold_id_std":0,"agg/test.val_score_bestthr_mean":76.97220042179468,"agg/test.roc_auc_std":0,"agg/test.EO_age_std":0,"val.val_score":111.18128731515623,"agg/seed_mean":0,"val.accuracy":77.41935483870968,"agg/val.SP_age_mean":40.27777777777778,"agg/val.f1_score_mean":69.56521739130434,"agg/val.EO_age_std":0,"agg/test.recall_std":0,"test.roc_auc":60.33163265306123,"agg/test.SP_sex_mean":0.666666666666671,"agg/test.SP_sex_std":0,"agg/best_epoch_std":0,"agg/test.f1_score_mean":42.592592592592595,"agg/test.roc_auc_mean":60.33163265306123,"agg/test.precision_std":0,"agg/test.best_thr_f1_std":0,"agg/best_epoch_mean":25,"val.f1_score":69.56521739130434,"agg/val.f1_score_std":0,"agg/val.SP_sex_mean":4.273504273504275,"_timestamp":1.767072390818659e+09,"agg/val.val_score_bestthr_std":0,"test.accuracy":59.74025974025974,"agg/test.accuracy_mean":59.74025974025974,"agg/val.val_score_std":0,"agg/test.SP_age_std":0,"val.roc_auc":73.69007803790413}