{"agg/test.best_thr_f1_std":0,"agg/test.val_score_bestthr_mean":76.0876234049311,"agg/test.best_accuracy_mean":50,"agg/test.SP_sex_mean":2.925925925925929,"agg/test.EO_sex_mean":8.333333333333332,"agg/val.EO_age_std":0,"agg/val.roc_auc_mean":66.1092530657748,"agg/test.roc_auc_std":0,"_wandb":{"runtime":61},"_timestamp":1.7670598552633364e+09,"agg/val.val_score_bestthr_mean":74.80288707708061,"agg/test.SP_age_mean":28.95752895752896,"test.accuracy":61.038961038961034,"agg/seed_std":0,"agg/seed_mean":0,"agg/test.recall_std":0,"agg/test.f1_score_mean":37.5,"agg/test.best_accuracy_std":0,"agg/val.accuracy_std":0,"agg/val.SP_age_std":0,"agg/test.roc_auc_mean":58.74635568513119,"agg/val.roc_auc_std":0,"test.f1_score":37.5,"agg/test.EO_age_mean":47.05882352941176,"fold":0,"agg/test.accuracy_std":0,"agg/best_epoch_mean":28,"agg/best_epoch_std":0,"agg/val.f1_score_mean":53.65853658536586,"agg/test.precision_mean":45,"val.accuracy":69.35483870967742,"agg/val.val_score_bestthr_std":0,"agg/val.SP_age_mean":38.88888888888889,"agg/val.EO_sex_mean":25.49019607843137,"test.roc_auc":58.74635568513119,"agg/val.val_score_std":0,"agg/test.best_f1_std":0,"val.f1_score":53.65853658536586,"val.roc_auc":66.1092530657748,"agg/test.best_thr_f1_mean":0.4799999999999999,"agg/val.EO_sex_std":0,"agg/test.f1_score_std":0,"seed":0,"agg/fold_id_mean":0,"agg/val.SP_sex_mean":2.991452991452992,"agg/fold_id_std":0,"agg/test.SP_sex_std":0,"_runtime":61.786822163,"agg/test.EO_age_std":0,"agg/val.f1_score_std":0,"_step":1,"val.val_score_bestthr":74.80288707708061,"agg/test.val_score_std":0,"agg/val.accuracy_mean":69.35483870967742,"agg/test.val_score_bestthr_std":0,"agg/test.accuracy_mean":61.038961038961034,"agg/val.val_score_mean":94.87706828943928,"agg/test.val_score_mean":78.91620492149903,"agg/val.EO_age_mean":63.33333333333334,"agg/test.best_f1_mean":54.437869822485204,"agg/test.SP_age_std":0,"agg/val.SP_sex_std":0,"agg/test.recall_mean":32.142857142857146,"agg/test.precision_std":0,"val.val_score":94.87706828943928,"agg/test.EO_sex_std":0}