{"agg/val.val_score_bestthr_mean":102.02892099816054,"agg/val.EO_sex_std":0,"val.val_score_bestthr":102.02892099816054,"agg/val.roc_auc_mean":73.57859531772574,"test.SP_age":22.779922779922778,"agg/best_epoch_std":0,"agg/test.roc_auc_std":0,"agg/test.EO_age_std":0,"test.precision":58.620689655172406,"agg/val.f1_score_mean":60.46511627906976,"agg/test.precision_std":0,"test.f1_score":59.64912280701754,"agg/fold_id_std":0,"agg/val.EO_age_std":0,"val.EO_sex":8.823529411764708,"agg/test.roc_auc_mean":62.244897959183675,"agg/val.SP_sex_mean":9.18803418803419,"test.SP_sex":3.8148148148148153,"agg/seed_mean":0,"_step":1,"val.SP_age":27.083333333333336,"agg/test.f1_score_std":0,"agg/val.roc_auc_std":0,"agg/test.precision_mean":58.620689655172406,"val.EO_age":33.33333333333333,"agg/val.val_score_std":0,"agg/seed_std":0,"agg/val.EO_age_mean":33.33333333333333,"agg/test.EO_sex_mean":31.25,"_runtime":94.602071358,"agg/test.SP_sex_mean":3.8148148148148153,"val.SP_sex":9.18803418803419,"val.accuracy":72.58064516129032,"agg/val.SP_age_mean":27.083333333333336,"agg/test.SP_sex_std":0,"val.f1_score":60.46511627906976,"test.EO_sex":31.25,"test.recall":60.71428571428571,"test.accuracy":70.12987012987013,"agg/test.recall_std":0,"agg/val.SP_age_std":0,"agg/fold_id_mean":0,"agg/val.EO_sex_mean":8.823529411764708,"_timestamp":1.7672454135872765e+09,"agg/val.f1_score_std":0,"agg/test.EO_age_mean":34.224598930481285,"agg/test.accuracy_std":0,"agg/val.val_score_mean":102.02892099816054,"val.val_score":102.02892099816054,"agg/test.recall_mean":60.71428571428571,"agg/test.EO_sex_std":0,"test.roc_auc":62.244897959183675,"test.EO_age":34.224598930481285,"agg/best_epoch_mean":38,"val.roc_auc":73.57859531772574,"fold":0,"agg/val.val_score_bestthr_std":0,"agg/test.accuracy_mean":70.12987012987013,"agg/val.accuracy_mean":72.58064516129032,"agg/val.SP_sex_std":0,"agg/test.SP_age_mean":22.779922779922778,"seed":0,"_wandb":{"runtime":94},"agg/test.SP_age_std":0,"agg/val.accuracy_std":0,"agg/test.f1_score_mean":59.64912280701754}