{"agg/val.SP_sex_mean":9.829059829059828,"agg/test.SP_sex_mean":0.3333333333333355,"agg/seed_std":0,"val.SP_sex":9.829059829059828,"test.recall":30.357142857142854,"agg/test.accuracy_mean":68.83116883116884,"val.accuracy":70.96774193548387,"val.SP_age":16.666666666666668,"test.accuracy":68.83116883116884,"test.EO_sex":8.333333333333332,"agg/val.SP_sex_std":0,"agg/fold_id_mean":0,"val.EO_sex":20.588235294117652,"agg/test.SP_sex_std":0,"agg/val.f1_score_std":0,"agg/test.roc_auc_std":0,"agg/test.EO_sex_std":0,"agg/val.accuracy_std":0,"agg/val.val_score_bestthr_std":0,"_timestamp":1.767236680302823e+09,"agg/test.roc_auc_mean":61.078717201166185,"agg/test.recall_std":0,"agg/test.SP_age_mean":24.96782496782497,"agg/test.f1_score_std":0,"agg/best_epoch_std":0,"agg/val.SP_age_std":0,"val.val_score":100.25760247278687,"agg/test.SP_age_std":0,"agg/test.precision_std":0,"agg/fold_id_std":0,"test.roc_auc":61.078717201166185,"seed":0,"agg/test.accuracy_std":0,"agg/val.val_score_std":0,"fold":0,"agg/val.roc_auc_std":0,"agg/val.EO_sex_mean":20.588235294117652,"test.f1_score":41.46341463414634,"agg/val.EO_age_std":0,"agg/seed_mean":0,"agg/val.roc_auc_mean":67.22408026755853,"val.val_score_bestthr":101.24690231758544,"agg/val.accuracy_mean":70.96774193548387,"agg/test.recall_mean":30.357142857142854,"agg/best_epoch_mean":27,"_runtime":36.496310908,"agg/val.EO_age_mean":50,"test.precision":65.38461538461539,"agg/val.f1_score_mean":62.500000000000014,"_wandb":{"runtime":36},"agg/test.EO_age_mean":47.05882352941176,"agg/val.SP_age_mean":16.666666666666668,"val.EO_age":50,"agg/val.val_score_bestthr_mean":101.24690231758544,"agg/val.EO_sex_std":0,"test.SP_sex":0.3333333333333355,"agg/test.EO_sex_mean":8.333333333333332,"test.EO_age":47.05882352941176,"agg/test.precision_mean":65.38461538461539,"val.f1_score":62.500000000000014,"agg/test.EO_age_std":0,"agg/val.val_score_mean":100.25760247278687,"agg/test.f1_score_mean":41.46341463414634,"_step":1,"val.roc_auc":67.22408026755853,"test.SP_age":24.96782496782497}