{"agg/test.f1_score_mean":54.38596491228069,"agg/test.roc_auc_mean":62.60932944606413,"agg/fold_id_std":0,"agg/test.accuracy_std":0,"_wandb":{"runtime":50},"agg/test.precision_std":0,"val.EO_age":66.66666666666667,"agg/test.EO_sex_std":0,"test.roc_auc":62.60932944606413,"agg/test.roc_auc_std":0,"agg/test.precision_mean":53.44827586206896,"fold":0,"agg/val.accuracy_mean":69.35483870967742,"agg/test.EO_age_mean":34.224598930481285,"val.EO_sex":43.13725490196078,"agg/val.EO_age_std":0,"agg/test.accuracy_mean":66.23376623376623,"agg/val.val_score_std":0,"agg/val.EO_age_mean":66.66666666666667,"agg/val.SP_age_mean":22.22222222222222,"agg/val.val_score_bestthr_mean":98.52075379365974,"agg/test.SP_sex_mean":15.22222222222222,"agg/val.SP_age_std":0,"test.f1_score":54.38596491228069,"agg/test.EO_sex_mean":6.25,"agg/test.EO_age_std":0,"test.EO_age":34.224598930481285,"val.SP_age":22.22222222222222,"test.precision":53.44827586206896,"agg/val.roc_auc_mean":63.099219620958756,"val.SP_sex":12.606837606837606,"val.accuracy":69.35483870967742,"val.val_score":98.52075379365974,"agg/val.val_score_bestthr_std":0,"agg/seed_mean":0,"agg/val.f1_score_mean":61.224489795918366,"test.SP_age":12.950058072009291,"agg/test.SP_sex_std":0,"_step":1,"agg/val.roc_auc_std":0,"agg/test.recall_std":0,"agg/val.EO_sex_std":0,"agg/test.SP_age_mean":12.950058072009291,"agg/fold_id_mean":0,"seed":0,"agg/seed_std":0,"val.f1_score":61.224489795918366,"_timestamp":1.7672342977462223e+09,"agg/val.SP_sex_std":0,"test.EO_sex":6.25,"agg/val.EO_sex_mean":43.13725490196078,"agg/test.recall_mean":55.35714285714286,"_runtime":50.432022444,"agg/test.SP_age_std":0,"agg/best_epoch_std":0,"agg/val.f1_score_std":0,"agg/test.f1_score_std":0,"agg/val.accuracy_std":0,"test.recall":55.35714285714286,"val.val_score_bestthr":98.52075379365974,"agg/best_epoch_mean":55,"test.accuracy":66.23376623376623,"agg/val.val_score_mean":98.52075379365974,"val.roc_auc":63.099219620958756,"agg/val.SP_sex_mean":12.606837606837606,"test.SP_sex":15.22222222222222}