{"_runtime":36.282784397,"agg/val.f1_score_mean":62.745098039215684,"val.f1_score":62.745098039215684,"agg/test.precision_mean":65.21739130434783,"agg/test.f1_score_std":0,"agg/test.EO_age_std":0,"test.recall":26.785714285714285,"agg/test.SP_age_std":0,"test.EO_age":41.17647058823529,"agg/test.f1_score_mean":37.9746835443038,"_wandb":{"runtime":36},"agg/fold_id_std":0,"fold":0,"agg/test.recall_mean":26.785714285714285,"agg/val.SP_age_mean":22.916666666666668,"test.roc_auc":60.14941690962099,"test.EO_sex":2.0833333333333313,"agg/best_epoch_std":0,"agg/test.SP_sex_mean":5.888888888888891,"test.SP_age":19.884169884169886,"val.val_score_bestthr":99.94191135925007,"agg/val.SP_sex_mean":1.7094017094017144,"test.SP_sex":5.888888888888891,"agg/val.EO_sex_std":0,"val.accuracy":69.35483870967742,"agg/fold_id_mean":0,"seed":0,"agg/best_epoch_mean":19,"val.val_score":99.10773217475577,"_step":1,"agg/val.SP_sex_std":0,"val.SP_age":22.916666666666668,"agg/val.SP_age_std":0,"agg/seed_mean":0,"agg/test.accuracy_std":0,"agg/val.EO_age_mean":50,"agg/val.accuracy_std":0,"agg/test.EO_age_mean":41.17647058823529,"agg/test.roc_auc_std":0,"agg/test.accuracy_mean":68.18181818181817,"agg/test.EO_sex_mean":2.0833333333333313,"agg/test.EO_sex_std":0,"agg/val.val_score_bestthr_std":0,"agg/test.SP_sex_std":0,"agg/val.val_score_mean":99.10773217475577,"val.EO_sex":3.9215686274509887,"agg/test.recall_std":0,"agg/val.EO_age_std":0,"agg/test.SP_age_mean":19.884169884169886,"agg/val.roc_auc_mean":70.23411371237458,"val.roc_auc":70.23411371237458,"agg/val.f1_score_std":0,"agg/val.val_score_bestthr_mean":99.94191135925007,"agg/val.val_score_std":0,"agg/seed_std":0,"val.SP_sex":1.7094017094017144,"agg/val.EO_sex_mean":3.9215686274509887,"val.EO_age":50,"agg/test.roc_auc_mean":60.14941690962099,"agg/test.precision_std":0,"test.precision":65.21739130434783,"agg/val.roc_auc_std":0,"_timestamp":1.7672337250003405e+09,"test.accuracy":68.18181818181817,"test.f1_score":37.9746835443038,"agg/val.accuracy_mean":69.35483870967742}