{"agg/val.EO_sex_mean":6.862745098039225,"agg/test.SP_age_std":0,"agg/test.precision_mean":44.642857142857146,"agg/test.f1_score_std":0,"agg/val.EO_age_std":0,"agg/test.accuracy_std":0,"test.recall":44.642857142857146,"agg/best_epoch_std":0,"val.SP_age":31.25,"agg/val.roc_auc_mean":71.96209587513935,"fold":0,"agg/best_epoch_mean":55,"agg/test.SP_age_mean":22.45817245817246,"val.val_score_bestthr":107.35088247457792,"_timestamp":1.7672457336022148e+09,"test.EO_age":25.668449197860966,"agg/val.f1_score_mean":69.23076923076923,"agg/test.roc_auc_std":0,"test.accuracy":59.74025974025974,"agg/val.EO_age_mean":100,"val.EO_sex":6.862745098039225,"agg/test.EO_age_mean":25.668449197860966,"agg/test.SP_sex_std":0,"agg/val.val_score_mean":104.4248822150862,"agg/val.SP_age_std":0,"_wandb":{"runtime":129},"agg/test.f1_score_mean":44.642857142857146,"val.f1_score":69.23076923076923,"agg/fold_id_std":0,"agg/val.val_score_bestthr_std":0,"agg/val.val_score_std":0,"agg/val.SP_age_mean":31.25,"test.SP_sex":13.222222222222218,"val.SP_sex":7.6923076923076925,"val.roc_auc":71.96209587513935,"agg/test.roc_auc_mean":58.78279883381925,"agg/test.recall_mean":44.642857142857146,"agg/test.recall_std":0,"agg/val.accuracy_std":0,"test.roc_auc":58.78279883381925,"test.f1_score":44.642857142857146,"test.SP_age":22.45817245817246,"val.accuracy":74.19354838709677,"agg/val.EO_sex_std":0,"agg/val.f1_score_std":0,"agg/val.SP_sex_mean":7.6923076923076925,"test.precision":44.642857142857146,"seed":0,"agg/seed_mean":0,"val.val_score":104.4248822150862,"agg/seed_std":0,"agg/test.accuracy_mean":59.74025974025974,"agg/val.val_score_bestthr_mean":107.35088247457792,"agg/test.EO_sex_std":0,"_runtime":129.26447352,"val.EO_age":100,"agg/test.precision_std":0,"agg/fold_id_mean":0,"agg/val.accuracy_mean":74.19354838709677,"agg/val.SP_sex_std":0,"test.EO_sex":6.25,"agg/test.SP_sex_mean":13.222222222222218,"agg/test.EO_sex_mean":6.25,"agg/val.roc_auc_std":0,"agg/test.EO_age_std":0,"_step":1}