{"agg/seed_std":0,"agg/test.roc_auc_std":0,"val.accuracy":70.96774193548387,"agg/test.val_score_std":0,"agg/fold_id_mean":0,"agg/val.val_score_std":0,"agg/val.roc_auc_mean":68.22742474916387,"agg/val.EO_sex_mean":30.3921568627451,"agg/test.best_accuracy_mean":52.5974025974026,"agg/val.SP_sex_std":0,"val.val_score":100.38482092427003,"agg/val.roc_auc_std":0,"_wandb":{"runtime":59},"test.f1_score":50.48543689320388,"agg/best_epoch_mean":25,"agg/test.best_thr_f1_mean":0.4699999999999999,"agg/test.best_thr_f1_std":0,"agg/test.f1_score_std":0,"_runtime":59.970517991,"agg/test.SP_age_mean":45.173745173745175,"agg/test.recall_std":0,"agg/val.EO_age_mean":37.77777777777778,"agg/test.best_f1_std":0,"agg/test.roc_auc_mean":64.06705539358602,"agg/val.SP_age_mean":31.25,"val.roc_auc":68.22742474916387,"agg/val.accuracy_std":0,"agg/test.val_score_bestthr_std":0,"agg/test.recall_mean":46.42857142857143,"agg/test.SP_sex_mean":4.222222222222221,"agg/val.SP_sex_mean":2.350427350427353,"agg/test.f1_score_mean":50.48543689320388,"agg/val.f1_score_mean":60.86956521739131,"agg/val.val_score_mean":100.38482092427003,"_timestamp":1.7670739135283737e+09,"agg/test.EO_age_std":0,"agg/test.val_score_bestthr_mean":79.1135853619136,"agg/test.EO_age_mean":61.49732620320856,"fold":0,"agg/test.precision_std":0,"agg/val.SP_age_std":0,"agg/val.EO_age_std":0,"agg/val.val_score_bestthr_mean":100.38482092427003,"test.roc_auc":64.06705539358602,"seed":0,"agg/test.val_score_mean":90.82940239372707,"agg/val.val_score_bestthr_std":0,"val.f1_score":60.86956521739131,"agg/test.accuracy_std":0,"agg/test.accuracy_mean":66.88311688311688,"agg/val.accuracy_mean":70.96774193548387,"test.accuracy":66.88311688311688,"agg/best_epoch_std":0,"agg/test.best_f1_mean":55.21472392638037,"agg/test.SP_age_std":0,"agg/test.best_accuracy_std":0,"agg/seed_mean":0,"agg/test.EO_sex_mean":18.75,"agg/test.precision_mean":55.319148936170215,"agg/val.EO_sex_std":0,"agg/val.f1_score_std":0,"agg/test.SP_sex_std":0,"_step":1,"agg/test.EO_sex_std":0,"agg/fold_id_std":0}