{"agg/val.f1_score_mean":65.21739130434783,"test.SP_sex":0.666666666666671,"_timestamp":1.7672468487210982e+09,"agg/val.EO_sex_std":0,"test.roc_auc":57.14285714285714,"agg/val.val_score_bestthr_std":0,"agg/fold_id_mean":0,"agg/val.val_score_mean":99.56951945376993,"val.accuracy":74.19354838709677,"test.EO_age":27.27272727272727,"val.roc_auc":68.78483835005574,"agg/test.precision_mean":46.15384615384615,"agg/test.roc_auc_mean":57.14285714285714,"agg/val.SP_age_std":0,"agg/test.EO_age_std":0,"agg/test.f1_score_std":0,"agg/test.SP_sex_std":0,"_wandb":{"runtime":90},"_step":1,"agg/val.EO_age_mean":66.66666666666667,"agg/val.val_score_bestthr_mean":105.18497405435363,"agg/seed_std":0,"agg/test.f1_score_mean":44.44444444444445,"val.SP_sex":24.14529914529914,"agg/seed_mean":0,"agg/val.accuracy_mean":74.19354838709677,"val.val_score":99.56951945376993,"agg/test.SP_age_std":0,"test.f1_score":44.44444444444445,"agg/test.accuracy_std":0,"test.accuracy":61.038961038961034,"agg/test.SP_age_mean":14.671814671814676,"fold":0,"agg/test.recall_std":0,"agg/best_epoch_mean":39,"test.SP_age":14.671814671814676,"agg/val.EO_sex_mean":43.13725490196078,"agg/test.precision_std":0,"test.recall":42.857142857142854,"agg/val.roc_auc_mean":68.78483835005574,"agg/val.val_score_std":0,"agg/val.SP_sex_std":0,"agg/val.accuracy_std":0,"val.EO_sex":43.13725490196078,"agg/val.f1_score_std":0,"agg/val.SP_age_mean":27.77777777777778,"test.precision":46.15384615384615,"agg/val.EO_age_std":0,"val.SP_age":27.77777777777778,"agg/test.EO_sex_mean":22.916666666666668,"val.EO_age":66.66666666666667,"agg/best_epoch_std":0,"val.f1_score":65.21739130434783,"agg/test.EO_sex_std":0,"_runtime":90.965891989,"agg/test.accuracy_mean":61.038961038961034,"agg/test.SP_sex_mean":0.666666666666671,"test.EO_sex":22.916666666666668,"agg/val.roc_auc_std":0,"agg/test.EO_age_mean":27.27272727272727,"agg/fold_id_std":0,"agg/test.roc_auc_std":0,"agg/val.SP_sex_mean":24.14529914529914,"val.val_score_bestthr":105.18497405435363,"agg/test.recall_mean":42.857142857142854,"seed":0}