{"agg/test.SP_sex_std":0,"test.SP_sex":3.77777777777778,"test.recall":37.5,"agg/val.accuracy_mean":74.19354838709677,"agg/val.SP_sex_mean":11.965811965811968,"val.accuracy":74.19354838709677,"val.EO_age":46.66666666666667,"agg/val.SP_sex_std":0,"agg/val.EO_sex_mean":7.843137254901955,"agg/val.SP_age_mean":27.083333333333336,"val.EO_sex":7.843137254901955,"test.EO_age":52.94117647058824,"agg/fold_id_std":0,"val.SP_age":27.083333333333336,"agg/val.val_score_bestthr_std":0,"agg/val.val_score_mean":105.07614071307145,"agg/fold_id_mean":0,"agg/test.recall_mean":37.5,"agg/test.EO_sex_mean":14.583333333333332,"agg/test.precision_std":0,"agg/test.EO_age_mean":52.94117647058824,"agg/test.accuracy_mean":66.23376623376623,"fold":0,"agg/test.SP_sex_mean":3.77777777777778,"agg/test.SP_age_std":0,"agg/seed_mean":0,"agg/best_epoch_mean":58,"agg/test.roc_auc_mean":63.01020408163265,"agg/test.precision_mean":55.26315789473685,"agg/test.EO_sex_std":0,"agg/val.accuracy_std":0,"val.val_score_bestthr":105.07614071307145,"agg/val.EO_age_std":0,"agg/test.f1_score_std":0,"agg/val.val_score_std":0,"test.f1_score":44.680851063829785,"_wandb":{"runtime":111},"_timestamp":1.7672482170602832e+09,"agg/test.recall_std":0,"agg/best_epoch_std":0,"test.SP_age":39.82511923688394,"test.EO_sex":14.583333333333332,"val.val_score":105.07614071307145,"_step":1,"val.roc_auc":74.13600891861762,"val.f1_score":63.63636363636365,"_runtime":111.804119425,"agg/val.EO_age_mean":46.66666666666667,"agg/test.EO_age_std":0,"agg/val.EO_sex_std":0,"agg/val.roc_auc_std":0,"agg/test.f1_score_mean":44.680851063829785,"agg/val.f1_score_mean":63.63636363636365,"test.precision":55.26315789473685,"agg/seed_std":0,"agg/val.val_score_bestthr_mean":105.07614071307145,"agg/val.SP_age_std":0,"agg/val.roc_auc_mean":74.13600891861762,"test.accuracy":66.23376623376623,"agg/test.accuracy_std":0,"test.roc_auc":63.01020408163265,"agg/val.f1_score_std":0,"val.SP_sex":11.965811965811968,"agg/test.SP_age_mean":39.82511923688394,"agg/test.roc_auc_std":0,"seed":0}