{"agg/val.SP_age_mean":29.166666666666668,"agg/test.SP_sex_std":0,"agg/val.roc_auc_mean":67.00111482720179,"agg/val.val_score_bestthr_mean":102.75965998475486,"agg/test.val_score_bestthr_mean":92.88177333005932,"agg/best_epoch_std":0,"agg/val.f1_score_std":0,"agg/test.val_score_bestthr_std":0,"agg/test.EO_sex_std":0,"_runtime":90.795946205,"agg/test.EO_sex_mean":14.583333333333337,"agg/val.EO_age_std":0,"agg/test.best_f1_std":0,"agg/val.f1_score_mean":65.38461538461539,"agg/test.accuracy_mean":56.493506493506494,"agg/test.f1_score_std":0,"agg/seed_std":0,"agg/val.EO_age_mean":50,"agg/val.val_score_bestthr_std":0,"agg/test.best_thr_f1_mean":0.615,"agg/fold_id_mean":0,"seed":0,"agg/test.SP_age_mean":22.007722007722013,"agg/val.roc_auc_std":0,"agg/test.best_f1_mean":55.17241379310344,"agg/test.EO_age_mean":25.1336898395722,"agg/test.f1_score_mean":51.09489051094891,"agg/test.best_accuracy_std":0,"agg/val.val_score_mean":102.75965998475486,"val.val_score":102.75965998475486,"val.roc_auc":67.00111482720179,"val.accuracy":70.96774193548387,"agg/test.best_accuracy_mean":66.23376623376623,"agg/val.SP_age_std":0,"agg/test.precision_std":0,"agg/val.val_score_std":0,"agg/val.accuracy_mean":70.96774193548387,"agg/val.SP_sex_mean":1.0683760683760646,"agg/best_epoch_mean":25,"agg/test.EO_age_std":0,"val.val_score_bestthr":102.75965998475486,"agg/seed_mean":0,"agg/fold_id_std":0,"test.roc_auc":61.552478134110785,"_timestamp":1.7670601505922592e+09,"_wandb":{"runtime":90},"agg/test.SP_sex_mean":1.1481481481481537,"agg/test.accuracy_std":0,"test.f1_score":51.09489051094891,"agg/val.SP_sex_std":0,"agg/test.best_thr_f1_std":0,"fold":0,"agg/test.val_score_std":0,"agg/val.EO_sex_std":0,"agg/test.precision_mean":43.20987654320987,"agg/test.roc_auc_std":0,"_step":1,"agg/val.EO_sex_mean":9.80392156862745,"agg/val.accuracy_std":0,"agg/test.recall_mean":62.5,"val.f1_score":65.38461538461539,"agg/test.roc_auc_mean":61.552478134110785,"agg/test.SP_age_std":0,"test.accuracy":56.493506493506494,"agg/test.recall_std":0,"agg/test.val_score_mean":81.41222281569318}