{"agg/test.f1_score_std":0,"agg/val.roc_auc_mean":71.23745819397993,"agg/val.f1_score_mean":69.23076923076923,"agg/test.precision_mean":47.76119402985074,"agg/test.SP_sex_std":0,"agg/fold_id_mean":0,"agg/val.SP_age_std":0,"agg/test.precision_std":0,"test.f1_score":52.032520325203244,"seed":0,"agg/test.EO_age_mean":34.224598930481285,"agg/val.accuracy_std":0,"_timestamp":1.767078709224651e+09,"agg/seed_std":0,"agg/test.val_score_std":0,"agg/test.best_accuracy_std":0,"_step":1,"agg/val.val_score_bestthr_std":0,"val.val_score":107.819899568595,"test.accuracy":61.68831168831169,"agg/test.best_accuracy_mean":39.61038961038961,"agg/val.EO_age_mean":50,"agg/val.accuracy_mean":74.19354838709677,"agg/test.val_score_bestthr_std":0,"agg/fold_id_std":0,"agg/val.EO_sex_std":0,"agg/test.val_score_mean":86.736041362824,"agg/test.EO_age_std":0,"agg/val.EO_age_std":0,"agg/val.f1_score_std":0,"agg/test.best_thr_f1_std":0,"agg/val.roc_auc_std":0,"agg/test.recall_std":0,"agg/test.best_f1_mean":54.187192118226605,"agg/val.val_score_mean":107.819899568595,"agg/test.val_score_bestthr_mean":66.50940688134808,"_runtime":78.548517576,"agg/test.EO_sex_mean":35.416666666666664,"agg/test.f1_score_mean":52.032520325203244,"agg/val.SP_sex_std":0,"agg/test.best_f1_std":0,"_wandb":{"runtime":78},"val.f1_score":69.23076923076923,"agg/val.val_score_std":0,"fold":0,"agg/test.recall_mean":57.14285714285714,"agg/val.EO_sex_mean":6.862745098039225,"agg/test.roc_auc_mean":60.65962099125365,"agg/test.accuracy_mean":61.68831168831169,"agg/seed_mean":0,"agg/test.EO_sex_std":0,"agg/best_epoch_mean":14,"val.roc_auc":71.23745819397993,"agg/test.SP_age_mean":25.804375804375802,"agg/val.SP_sex_mean":1.0683760683760646,"agg/best_epoch_std":0,"agg/val.SP_age_mean":40.97222222222222,"agg/val.val_score_bestthr_mean":107.819899568595,"val.accuracy":74.19354838709677,"agg/test.SP_age_std":0,"agg/test.roc_auc_std":0,"agg/test.best_thr_f1_mean":0.15999999999999998,"agg/test.SP_sex_mean":1.4074074074074072,"agg/test.accuracy_std":0,"test.roc_auc":60.65962099125365}