{"agg/test.EO_sex_mean":14.583333333333334,"val.roc_auc":70.01114827201785,"test.EO_sex":14.583333333333334,"agg/best_epoch_mean":15,"seed":0,"agg/test.SP_sex_std":0,"agg/test.EO_sex_std":0,"agg/test.roc_auc_mean":61.0969387755102,"test.roc_auc":61.0969387755102,"val.EO_age":66.66666666666667,"agg/val.val_score_bestthr_mean":103.46097367021707,"agg/val.EO_age_mean":66.66666666666667,"test.SP_sex":1.6666666666666663,"agg/test.accuracy_std":0,"test.precision":58.333333333333336,"agg/val.EO_sex_std":0,"val.EO_sex":1.9607843137254832,"agg/test.f1_score_std":0,"agg/test.recall_mean":25,"agg/seed_std":0,"test.EO_age":26.203208556149736,"val.f1_score":63.829787234042556,"agg/seed_mean":0,"agg/best_epoch_std":0,"agg/val.val_score_std":0,"agg/val.val_score_mean":100.59941368445102,"agg/test.SP_age_std":0,"_runtime":70.650163876,"agg/val.EO_sex_mean":1.9607843137254832,"agg/val.f1_score_std":0,"agg/test.precision_mean":58.333333333333336,"test.SP_age":22.586872586872587,"_timestamp":1.76725005603857e+09,"agg/test.EO_age_mean":26.203208556149736,"agg/fold_id_mean":0,"agg/val.f1_score_mean":63.829787234042556,"agg/val.accuracy_mean":72.58064516129032,"agg/test.SP_age_mean":22.586872586872587,"_step":1,"agg/test.f1_score_mean":35,"agg/val.SP_sex_mean":7.051282051282054,"agg/val.accuracy_std":0,"agg/val.roc_auc_mean":70.01114827201785,"agg/test.recall_std":0,"test.recall":25,"val.val_score":100.59941368445102,"agg/test.accuracy_mean":66.23376623376623,"agg/val.SP_sex_std":0,"agg/fold_id_std":0,"agg/test.SP_sex_mean":1.6666666666666663,"val.SP_age":27.77777777777778,"agg/test.EO_age_std":0,"val.SP_sex":7.051282051282054,"agg/val.EO_age_std":0,"test.f1_score":35,"agg/test.roc_auc_std":0,"agg/val.SP_age_mean":27.77777777777778,"_wandb":{"runtime":70},"val.val_score_bestthr":103.46097367021707,"agg/val.roc_auc_std":0,"agg/val.val_score_bestthr_std":0,"agg/test.precision_std":0,"fold":0,"agg/val.SP_age_std":0,"val.accuracy":72.58064516129032,"test.accuracy":66.23376623376623}