{"agg/fold_id_mean":0,"agg/seed_mean":0,"agg/val.val_score_std":0,"agg/test.EO_sex_mean":25,"_runtime":86.162772705,"agg/val.SP_sex_mean":2.1367521367521345,"agg/val.EO_sex_std":0,"val.f1_score":60,"agg/val.roc_auc_mean":66.22073578595318,"agg/test.f1_score_mean":44.66019417475728,"test.SP_age":19.952305246422895,"test.roc_auc":60.36807580174928,"agg/test.EO_age_mean":55.61497326203209,"test.recall":41.07142857142857,"val.accuracy":67.74193548387096,"seed":0,"agg/val.EO_sex_mean":1.9607843137254832,"agg/test.EO_age_std":0,"agg/test.SP_age_mean":19.952305246422895,"test.EO_age":55.61497326203209,"test.accuracy":62.98701298701299,"val.EO_age":66.66666666666667,"agg/fold_id_std":0,"agg/test.SP_sex_std":0,"_timestamp":1.7672478825472815e+09,"agg/val.SP_age_std":0,"agg/test.roc_auc_mean":60.36807580174928,"agg/val.f1_score_std":0,"agg/best_epoch_mean":38,"_step":1,"agg/val.EO_age_mean":66.66666666666667,"val.EO_sex":1.9607843137254832,"agg/val.accuracy_mean":67.74193548387096,"agg/test.recall_std":0,"agg/val.val_score_bestthr_mean":96.7495712304773,"agg/test.EO_sex_std":0,"val.SP_age":28.47222222222222,"val.val_score":92.94096972263027,"_wandb":{"runtime":86},"agg/val.f1_score_mean":60,"agg/test.SP_age_std":0,"agg/test.accuracy_mean":62.98701298701299,"agg/test.precision_mean":48.93617021276596,"agg/seed_std":0,"agg/test.roc_auc_std":0,"test.f1_score":44.66019417475728,"agg/val.val_score_bestthr_std":0,"test.precision":48.93617021276596,"agg/test.recall_mean":41.07142857142857,"agg/val.SP_age_mean":28.47222222222222,"val.SP_sex":2.1367521367521345,"fold":0,"agg/test.accuracy_std":0,"agg/val.EO_age_std":0,"agg/test.f1_score_std":0,"test.SP_sex":1.3703703703703718,"agg/test.SP_sex_mean":1.3703703703703718,"agg/val.roc_auc_std":0,"val.roc_auc":66.22073578595318,"test.EO_sex":25,"agg/val.SP_sex_std":0,"agg/val.val_score_mean":92.94096972263027,"agg/best_epoch_std":0,"agg/test.precision_std":0,"agg/val.accuracy_std":0,"val.val_score_bestthr":96.7495712304773}