{"agg/test.precision_std":0,"fold":0,"agg/test.best_f1_std":0,"agg/val.f1_score_std":0,"agg/test.f1_score_std":0,"agg/val.accuracy_std":0,"agg/test.val_score_bestthr_std":0,"agg/test.val_score_bestthr_mean":84.77600829580078,"agg/val.val_score_bestthr_mean":96.50799052044307,"agg/val.SP_age_std":0,"_wandb":{"runtime":161},"agg/test.SP_age_mean":13.240418118466907,"agg/val.val_score_mean":104.12070990513658,"agg/val.EO_age_std":0,"test.roc_auc":61.953352769679306,"agg/val.roc_auc_std":0,"_timestamp":1.767072561388692e+09,"seed":0,"agg/fold_id_std":0,"agg/seed_mean":0,"agg/test.best_accuracy_mean":57.7922077922078,"_runtime":161.814245746,"agg/test.EO_age_std":0,"agg/val.EO_age_mean":50,"agg/test.EO_sex_mean":14.583333333333337,"agg/test.best_accuracy_std":0,"agg/test.SP_age_std":0,"agg/val.f1_score_mean":65.3061224489796,"agg/test.recall_mean":62.5,"agg/test.SP_sex_mean":12.407407407407412,"agg/test.f1_score_mean":52.23880597014926,"agg/test.EO_age_mean":40.10695187165775,"val.roc_auc":71.46042363433668,"agg/test.roc_auc_mean":61.953352769679306,"agg/val.val_score_std":0,"agg/val.accuracy_mean":72.58064516129032,"agg/test.accuracy_mean":58.44155844155844,"agg/test.roc_auc_std":0,"test.f1_score":52.23880597014926,"_step":1,"val.accuracy":72.58064516129032,"agg/best_epoch_mean":21,"val.val_score":104.12070990513658,"agg/val.SP_sex_std":0,"agg/test.accuracy_std":0,"agg/test.best_thr_f1_std":0,"agg/val.SP_sex_mean":12.606837606837606,"agg/val.val_score_bestthr_std":0,"agg/test.EO_sex_std":0,"agg/test.precision_mean":44.871794871794876,"val.f1_score":65.3061224489796,"test.accuracy":58.44155844155844,"agg/test.val_score_std":0,"agg/test.val_score_mean":83.75758031932442,"agg/val.EO_sex_std":0,"agg/test.SP_sex_std":0,"agg/test.best_f1_mean":55.17241379310346,"agg/val.EO_sex_mean":26.470588235294112,"agg/test.recall_std":0,"agg/val.SP_age_mean":22.22222222222222,"agg/seed_std":0,"agg/test.best_thr_f1_mean":0.41999999999999993,"agg/best_epoch_std":0,"agg/val.roc_auc_mean":71.46042363433668,"agg/fold_id_mean":0}