{"agg/test.best_thr_f1_std":0,"agg/test.EO_sex_mean":20.833333333333336,"agg/test.val_score_bestthr_std":0,"agg/best_epoch_std":0,"agg/test.best_f1_std":0,"agg/val.SP_age_std":0,"agg/val.val_score_std":0,"val.roc_auc":67.89297658862877,"agg/test.SP_age_std":0,"test.f1_score":51.99999999999999,"_step":1,"test.roc_auc":61.42492711370262,"agg/test.f1_score_mean":51.99999999999999,"agg/val.val_score_bestthr_mean":98.32302732231574,"agg/seed_mean":0,"agg/test.precision_mean":41.48936170212766,"seed":0,"val.f1_score":60.71428571428571,"agg/test.best_f1_mean":57.47126436781609,"agg/val.SP_sex_mean":5.555555555555558,"agg/test.best_accuracy_mean":51.94805194805194,"agg/test.f1_score_std":0,"agg/val.EO_sex_mean":9.80392156862745,"agg/val.EO_age_mean":50,"agg/test.val_score_bestthr_mean":80.1548183645361,"_wandb":{"runtime":51},"agg/val.val_score_bestthr_std":0,"fold":0,"agg/test.best_thr_f1_mean":0.4649999999999999,"_runtime":51.203321206,"agg/val.f1_score_mean":60.71428571428571,"test.accuracy":53.246753246753244,"agg/val.val_score_mean":93.92106600704797,"agg/val.f1_score_std":0,"agg/val.SP_age_mean":29.86111111111111,"agg/val.EO_sex_std":0,"agg/test.recall_std":0,"agg/val.roc_auc_std":0,"agg/test.SP_sex_mean":0.11111111111111738,"agg/test.accuracy_mean":53.246753246753244,"agg/test.val_score_mean":78.49741864477159,"agg/test.EO_age_std":0,"agg/val.EO_age_std":0,"agg/val.SP_sex_std":0,"agg/test.recall_mean":69.64285714285714,"agg/test.SP_sex_std":0,"agg/seed_std":0,"agg/val.accuracy_std":0,"agg/test.val_score_std":0,"agg/fold_id_mean":0,"agg/best_epoch_mean":22,"_timestamp":1.7670583522498085e+09,"val.accuracy":64.51612903225806,"agg/val.accuracy_mean":64.51612903225806,"agg/val.roc_auc_mean":67.89297658862877,"agg/test.SP_age_mean":17.0906200317965,"agg/test.EO_age_mean":36.898395721925134,"agg/test.roc_auc_mean":61.42492711370262,"agg/test.accuracy_std":0,"agg/test.precision_std":0,"agg/test.best_accuracy_std":0,"agg/test.roc_auc_std":0,"agg/test.EO_sex_std":0,"agg/fold_id_std":0}