{"val.f1_score":63.829787234042556,"val.val_score":103.43922279037797,"agg/seed_std":0,"agg/val.EO_sex_std":0,"agg/test.SP_sex_mean":2.592592592592591,"agg/seed_mean":0,"_step":1,"agg/test.SP_age_mean":25.804375804375802,"agg/test.best_f1_std":0,"test.roc_auc":62.91909620991254,"agg/test.best_f1_mean":55.17241379310346,"agg/test.recall_std":0,"agg/test.best_thr_f1_std":0,"agg/test.best_accuracy_std":0,"agg/val.val_score_bestthr_std":0,"val.accuracy":72.58064516129032,"agg/fold_id_mean":0,"agg/val.val_score_mean":103.43922279037797,"agg/val.EO_sex_mean":24.50980392156863,"agg/val.f1_score_mean":63.829787234042556,"agg/test.roc_auc_mean":62.91909620991254,"agg/test.precision_std":0,"agg/val.roc_auc_mean":70.45707915273131,"agg/test.f1_score_std":0,"agg/test.recall_mean":51.78571428571429,"agg/test.EO_age_mean":37.43315508021391,"agg/fold_id_std":0,"agg/val.EO_age_mean":46.66666666666667,"agg/test.precision_mean":46.03174603174603,"agg/val.EO_age_std":0,"agg/test.f1_score_mean":48.739495798319325,"agg/test.accuracy_mean":60.3896103896104,"agg/test.best_accuracy_mean":57.7922077922078,"agg/val.SP_sex_mean":0.42735042735042583,"agg/test.EO_age_std":0,"agg/test.SP_sex_std":0,"agg/test.EO_sex_std":0,"agg/best_epoch_std":0,"test.accuracy":60.3896103896104,"agg/test.val_score_mean":83.8302237206649,"_timestamp":1.7670610082729726e+09,"agg/val.val_score_std":0,"_wandb":{"runtime":73},"agg/val.f1_score_std":0,"agg/best_epoch_mean":14,"_runtime":73.759876999,"agg/val.roc_auc_std":0,"agg/test.EO_sex_mean":27.083333333333332,"agg/val.SP_age_mean":34.02777777777778,"test.f1_score":48.739495798319325,"seed":0,"agg/val.SP_sex_std":0,"agg/val.val_score_bestthr_mean":106.66827815079712,"agg/test.val_score_bestthr_std":0,"agg/val.SP_age_std":0,"agg/test.best_thr_f1_mean":0.4099999999999999,"agg/test.val_score_bestthr_mean":84.70742869703825,"fold":0,"val.roc_auc":70.45707915273131,"agg/test.roc_auc_std":0,"val.val_score_bestthr":106.66827815079712,"agg/test.accuracy_std":0,"agg/val.accuracy_std":0,"agg/test.val_score_std":0,"agg/test.SP_age_std":0,"agg/val.accuracy_mean":72.58064516129032}