{"agg/test.f1_score_mean":45.21739130434782,"agg/test.accuracy_std":0,"agg/test.SP_age_std":0,"test.roc_auc":60.841836734693864,"agg/test.precision_mean":44.06779661016949,"agg/seed_std":0,"test.accuracy":59.09090909090909,"agg/test.val_score_std":0,"agg/test.val_score_bestthr_std":0,"_timestamp":1.7670611088612921e+09,"agg/test.f1_score_std":0,"agg/test.roc_auc_std":0,"val.accuracy":70.96774193548387,"agg/val.EO_sex_mean":18.627450980392158,"agg/val.EO_age_mean":30.000000000000004,"agg/val.f1_score_mean":63.99999999999999,"agg/test.precision_std":0,"agg/test.accuracy_mean":59.09090909090909,"_runtime":94.322113527,"agg/test.EO_age_std":0,"seed":0,"agg/val.val_score_bestthr_mean":102.20742896414149,"fold":0,"agg/test.EO_sex_mean":18.75,"agg/best_epoch_mean":41,"agg/test.best_thr_f1_mean":0.06,"_step":1,"agg/test.roc_auc_mean":60.841836734693864,"agg/val.EO_age_std":0,"agg/test.best_accuracy_std":0,"agg/fold_id_std":0,"agg/test.best_f1_std":0,"val.roc_auc":66.5551839464883,"agg/val.roc_auc_mean":66.5551839464883,"agg/test.SP_sex_mean":0.8888888888888891,"agg/test.EO_sex_std":0,"val.val_score_bestthr":102.20742896414149,"agg/val.SP_sex_std":0,"agg/seed_mean":0,"agg/test.EO_age_mean":31.550802139037437,"agg/test.best_f1_mean":51.35135135135135,"agg/test.val_score_mean":80.88526253035843,"agg/test.SP_age_mean":30.24453024453025,"agg/test.best_thr_f1_std":0,"test.f1_score":45.21739130434782,"agg/val.val_score_mean":102.20742896414149,"agg/val.roc_auc_std":0,"agg/val.SP_age_std":0,"agg/val.val_score_std":0,"agg/val.SP_sex_mean":4.487179487179488,"agg/val.accuracy_std":0,"agg/val.SP_age_mean":22.916666666666668,"agg/val.val_score_bestthr_std":0,"agg/test.val_score_bestthr_mean":77.91307567829806,"_wandb":{"runtime":94},"agg/val.EO_sex_std":0,"agg/val.accuracy_mean":70.96774193548387,"val.val_score":102.20742896414149,"agg/fold_id_mean":0,"agg/best_epoch_std":0,"agg/test.recall_std":0,"agg/test.SP_sex_std":0,"agg/test.recall_mean":46.42857142857143,"agg/test.best_accuracy_mean":53.246753246753244,"agg/val.f1_score_std":0,"val.f1_score":63.99999999999999}