{"agg/val.EO_sex_std":0,"test.accuracy":64.93506493506493,"agg/val.accuracy_std":0,"agg/val.val_score_bestthr_std":0,"test.EO_sex":4.1666666666666625,"agg/fold_id_mean":0,"_runtime":102.626580147,"val.roc_auc":61.98439241917503,"agg/val.roc_auc_std":0,"_step":1,"agg/val.SP_sex_std":0,"agg/test.roc_auc_std":0,"val.EO_age":46.66666666666667,"agg/test.f1_score_mean":54.99999999999999,"agg/test.SP_sex_mean":15.518518518518515,"agg/test.SP_sex_std":0,"seed":0,"val.SP_sex":9.829059829059828,"agg/test.EO_sex_std":0,"agg/test.SP_age_std":0,"agg/fold_id_std":0,"test.SP_age":20.398970398970395,"val.SP_age":16.666666666666668,"val.EO_sex":14.70588235294118,"agg/val.EO_age_std":0,"agg/test.recall_std":0,"agg/test.SP_age_mean":20.398970398970395,"agg/test.roc_auc_mean":60.3862973760933,"agg/test.EO_age_mean":17.647058823529417,"test.roc_auc":60.3862973760933,"agg/val.f1_score_mean":58.333333333333336,"agg/val.val_score_std":0,"val.val_score_bestthr":96.02991939538428,"agg/test.accuracy_mean":64.93506493506493,"test.EO_age":17.647058823529417,"agg/val.val_score_mean":89.11000786584277,"agg/test.accuracy_std":0,"agg/seed_mean":0,"agg/test.f1_score_std":0,"agg/val.roc_auc_mean":61.98439241917503,"agg/val.EO_sex_mean":14.70588235294118,"agg/val.EO_age_mean":46.66666666666667,"agg/val.accuracy_mean":67.74193548387096,"_wandb":{"runtime":102},"agg/best_epoch_mean":42,"test.f1_score":54.99999999999999,"_timestamp":1.767246413023065e+09,"fold":0,"agg/val.SP_age_std":0,"agg/best_epoch_std":0,"agg/val.val_score_bestthr_mean":96.02991939538428,"agg/test.EO_sex_mean":4.1666666666666625,"agg/test.precision_mean":51.5625,"val.f1_score":58.333333333333336,"agg/test.recall_mean":58.92857142857143,"agg/test.precision_std":0,"agg/seed_std":0,"test.SP_sex":15.518518518518515,"val.accuracy":67.74193548387096,"agg/val.f1_score_std":0,"agg/test.EO_age_std":0,"agg/val.SP_age_mean":16.666666666666668,"test.precision":51.5625,"agg/val.SP_sex_mean":9.829059829059828,"test.recall":58.92857142857143,"val.val_score":89.11000786584277}