{"test.f1_score":50.467289719626166,"agg/val.EO_sex_std":0,"test.accuracy":65.5844155844156,"_wandb":{"runtime":57},"agg/val.accuracy_std":0,"agg/best_epoch_std":0,"agg/test.recall_std":0,"agg/seed_mean":0,"_timestamp":1.7672426283272376e+09,"agg/best_epoch_mean":15,"val.EO_sex":1.9607843137254832,"agg/val.SP_age_mean":27.77777777777778,"agg/val.f1_score_mean":63.829787234042556,"val.EO_age":66.66666666666667,"agg/test.SP_age_mean":11.969111969111973,"_runtime":57.507102087,"agg/val.roc_auc_mean":71.3489409141583,"agg/test.precision_mean":52.94117647058824,"agg/val.roc_auc_std":0,"agg/fold_id_mean":0,"agg/test.roc_auc_mean":60.040087463556844,"test.EO_sex":16.666666666666668,"agg/test.SP_sex_std":0,"val.roc_auc":71.3489409141583,"agg/test.SP_sex_mean":2.51851851851852,"agg/test.accuracy_mean":65.5844155844156,"agg/val.SP_sex_std":0,"val.accuracy":72.58064516129032,"agg/val.accuracy_mean":72.58064516129032,"agg/test.SP_age_std":0,"val.SP_age":27.77777777777778,"val.val_score_bestthr":103.46097367021707,"agg/val.EO_sex_mean":1.9607843137254832,"agg/val.f1_score_std":0,"test.EO_age":31.550802139037437,"agg/val.SP_age_std":0,"agg/val.EO_age_std":0,"agg/val.EO_age_mean":66.66666666666667,"val.SP_sex":7.051282051282054,"val.val_score":103.46097367021707,"agg/test.f1_score_std":0,"agg/test.EO_sex_std":0,"agg/val.val_score_bestthr_mean":103.46097367021707,"agg/test.accuracy_std":0,"agg/test.EO_age_std":0,"test.roc_auc":60.040087463556844,"agg/test.recall_mean":48.214285714285715,"agg/val.val_score_std":0,"test.precision":52.94117647058824,"agg/test.roc_auc_std":0,"agg/test.precision_std":0,"agg/val.val_score_mean":103.46097367021707,"test.recall":48.214285714285715,"seed":0,"agg/fold_id_std":0,"agg/test.f1_score_mean":50.467289719626166,"agg/test.EO_age_mean":31.550802139037437,"fold":0,"agg/val.val_score_bestthr_std":0,"val.f1_score":63.829787234042556,"agg/seed_std":0,"_step":1,"agg/test.EO_sex_mean":16.666666666666668,"test.SP_age":11.969111969111973,"agg/val.SP_sex_mean":7.051282051282054,"test.SP_sex":2.51851851851852}