{"agg/test.f1_score_mean":55.676863354117096,"agg/test.roc_auc_std":3.520544654728345,"agg/test.recall_std":12.396517174201044,"agg/val.val_score_mean":85.84470495388074,"agg/test.EO_age_std":14.071353434792972,"_timestamp":1.7673247727862778e+09,"agg/val.SP_age_mean":21.415143250282572,"fold":4,"agg/val.EO_sex_std":3.445781404277455,"agg/test.SP_sex_mean":7.479617215028853,"agg/test.SP_sex_std":5.399178670775435,"agg/test.accuracy_std":9.328498200698231,"agg/test.EO_age_mean":17.321404086109972,"agg/test.EO_sex_std":8.237584624968337,"_step":5,"agg/val.accuracy_mean":55.16129032258065,"test/EO_sex":2.3809523809523836,"test/EO_age":8.333333333333337,"agg/test.precision_std":4.16264764853262,"agg/val.val_score_bestthr_std":11.34996960293096,"val/EO_sex":8.888888888888879,"agg/fold_id_std":1.4142135623730951,"agg/val.val_score_std":7.870783614781085,"agg/val.EO_sex_mean":5.96766425868593,"agg/seed_std":1.4142135623730951,"agg/val.SP_sex_std":11.690928123862458,"agg/val.roc_auc_mean":61.38238573021182,"agg/val.EO_age_mean":26.190476190476193,"agg/test.roc_auc_mean":60.22142201371109,"agg/val.f1_score_mean":60.3683832193866,"agg/best_epoch_std":13.775340286178052,"agg/val.SP_age_std":9.58488002458916,"test/precision":36.734693877551024,"agg/test.SP_age_mean":15.347118273246869,"val/auc":60.75808249721294,"test/f1":53.46534653465347,"agg/test.precision_mean":41.86104547081991,"val/val_score":81.01598846195405,"agg/seed_mean":2,"_runtime":370.094676129,"agg/val.SP_sex_mean":17.100369061270246,"test/recall":98.18181818181819,"agg/val.f1_score_std":3.422555488351469,"agg/test.EO_sex_mean":8.27857142857143,"val/SP_age":21.42857142857143,"val/SP_sex":11.260709914320689,"agg/fold_id_mean":2,"val/acc":56.451612903225815,"test/SP_age":11.111111111111116,"agg/val.val_score_bestthr_mean":84.6387454046668,"agg/best_epoch_mean":43.8,"agg/val.roc_auc_std":6.811439110605663,"_wandb":{"runtime":370},"agg/test.accuracy_mean":49.651133180544946,"test/auc":58.90538033395176,"agg/test.SP_age_std":8.961494255606137,"agg/val.EO_age_std":22.83729296815581,"seed":4,"val/f1":59.70149253731344,"agg/val.accuracy_std":10.067410667307895,"test/SP_sex":2.1381578947368474,"val/val_score_bestthr":85.55324413623138,"agg/test.f1_score_std":1.8206158844869471,"val/EO_age":33.333333333333336,"test/acc":38.56209150326798,"agg/test.recall_mean":86.42207792207793}