{"agg/val.val_score_mean":104.45629939734373,"val.accuracy":74.19354838709677,"agg/seed_std":0,"agg/test.f1_score_std":0,"val.EO_age":50,"agg/val.accuracy_std":0,"agg/test.f1_score_mean":40,"agg/test.EO_age_mean":37.96791443850267,"_timestamp":1.767232510820614e+09,"agg/test.recall_std":0,"seed":0,"test.recall":28.57142857142857,"fold":0,"agg/test.SP_age_std":0,"agg/best_epoch_std":0,"agg/fold_id_std":0,"agg/test.SP_sex_mean":1.1851851851851865,"agg/test.EO_sex_std":0,"agg/val.SP_age_std":0,"agg/val.SP_age_mean":29.166666666666668,"agg/val.EO_sex_mean":6.862745098039225,"agg/fold_id_mean":0,"agg/test.recall_mean":28.57142857142857,"agg/seed_mean":0,"test.accuracy":68.83116883116884,"_runtime":89.855274381,"agg/test.roc_auc_mean":59.58454810495627,"agg/test.precision_mean":66.66666666666666,"test.EO_age":37.96791443850267,"val.roc_auc":74.35897435897436,"agg/test.roc_auc_std":0,"_wandb":{"runtime":89},"agg/val.f1_score_std":0,"test.roc_auc":59.58454810495627,"val.val_score":104.45629939734373,"agg/test.SP_sex_std":0,"agg/test.SP_age_mean":27.99227799227799,"agg/val.val_score_bestthr_mean":107.87171580791124,"val.val_score_bestthr":107.87171580791124,"agg/val.roc_auc_mean":74.35897435897436,"agg/test.precision_std":0,"agg/val.val_score_bestthr_std":0,"test.SP_age":27.99227799227799,"agg/test.accuracy_mean":68.83116883116884,"val.SP_age":29.166666666666668,"agg/val.accuracy_mean":74.19354838709677,"agg/val.EO_sex_std":0,"agg/val.EO_age_mean":50,"test.EO_sex":10.416666666666668,"agg/val.val_score_std":0,"agg/val.EO_age_std":0,"test.precision":66.66666666666666,"agg/best_epoch_mean":14,"agg/val.SP_sex_mean":7.6923076923076925,"val.EO_sex":6.862745098039225,"test.f1_score":40,"agg/test.EO_sex_mean":10.416666666666668,"agg/val.roc_auc_std":0,"val.SP_sex":7.6923076923076925,"test.SP_sex":1.1851851851851865,"agg/val.SP_sex_std":0,"agg/test.EO_age_std":0,"agg/test.accuracy_std":0,"agg/val.f1_score_mean":69.23076923076923,"_step":1,"val.f1_score":69.23076923076923}