{"test.precision":36.60130718954248,"val.EO_age":16.666666666666664,"agg/test.SP_sex_mean":1.851851851851849,"agg/test.f1_score_mean":53.58851674641147,"test.f1_score":53.58851674641147,"agg/val.SP_sex_mean":1.4957264957265015,"agg/seed_std":0,"agg/test.EO_sex_std":0,"test.recall":100,"test.SP_sex":1.851851851851849,"agg/seed_mean":0,"val.roc_auc":54.18060200668896,"_runtime":50.702001375,"test.accuracy":37.01298701298701,"agg/val.EO_age_mean":16.666666666666664,"agg/val.f1_score_std":0,"seed":0,"agg/test.roc_auc_mean":48.41472303206997,"agg/test.accuracy_mean":37.01298701298701,"test.roc_auc":48.41472303206997,"agg/test.EO_sex_mean":0,"agg/val.SP_age_std":0,"agg/test.recall_std":0,"agg/best_epoch_std":0,"agg/fold_id_mean":0,"agg/test.accuracy_std":0,"val.val_score_bestthr":76.90651773421048,"agg/test.roc_auc_std":0,"agg/test.SP_sex_std":0,"test.SP_age":2.4390243902439046,"fold":0,"agg/val.accuracy_std":0,"agg/test.EO_age_std":0,"agg/test.SP_age_mean":2.4390243902439046,"agg/test.precision_std":0,"_timestamp":1.7672658039164524e+09,"agg/val.SP_age_mean":18.75,"agg/test.precision_mean":36.60130718954248,"agg/val.val_score_mean":62.903225806451616,"agg/val.f1_score_mean":57.89473684210527,"val.SP_age":18.75,"agg/test.f1_score_std":0,"agg/fold_id_std":0,"agg/val.EO_sex_std":0,"agg/best_epoch_mean":10,"test.EO_age":0,"agg/val.val_score_bestthr_mean":76.90651773421048,"val.val_score":62.903225806451616,"test.EO_sex":0,"agg/val.EO_sex_mean":5.882352941176472,"agg/test.recall_mean":100,"_wandb":{"runtime":50},"agg/test.SP_age_std":0,"agg/val.val_score_std":0,"val.f1_score":57.89473684210527,"val.accuracy":48.38709677419355,"agg/test.EO_age_mean":0,"_step":1,"val.EO_sex":5.882352941176472,"agg/val.EO_age_std":0,"val.SP_sex":1.4957264957265015,"agg/val.accuracy_mean":48.38709677419355,"agg/val.roc_auc_mean":54.18060200668896,"agg/val.SP_sex_std":0,"agg/val.val_score_bestthr_std":0,"agg/val.roc_auc_std":0}