{"agg/test.precision_mean":43.05555555555556,"agg/val.val_score_std":0,"agg/test.best_f1_std":0,"agg/val.accuracy_std":0,"agg/fold_id_std":0,"agg/fold_id_mean":0,"agg/val.SP_sex_mean":5.9829059829059785,"agg/test.f1_score_std":0,"_timestamp":1.7670819977620735e+09,"agg/val.SP_sex_std":0,"agg/test.best_thr_f1_std":0,"agg/test.best_f1_mean":54.82233502538071,"agg/test.roc_auc_mean":59.49344023323615,"agg/test.SP_age_mean":29.150579150579155,"agg/val.val_score_bestthr_std":0,"seed":0,"agg/val.EO_age_mean":50,"agg/test.EO_sex_std":0,"_runtime":54.509688775,"agg/test.best_accuracy_mean":42.2077922077922,"agg/val.roc_auc_std":0,"agg/val.SP_age_std":0,"agg/test.val_score_std":0,"test.roc_auc":59.49344023323615,"test.f1_score":48.4375,"agg/best_epoch_std":0,"agg/seed_mean":0,"agg/test.EO_sex_mean":8.333333333333337,"agg/val.val_score_bestthr_mean":103.2900458570525,"agg/test.EO_age_std":0,"agg/test.precision_std":0,"val.f1_score":65.3061224489796,"agg/test.recall_mean":55.35714285714286,"agg/test.f1_score_mean":48.4375,"val.val_score":104.34993941745434,"agg/test.val_score_bestthr_mean":69.32260427216872,"agg/val.EO_sex_mean":3.9215686274509887,"agg/test.accuracy_std":0,"agg/test.SP_sex_std":0,"agg/test.val_score_bestthr_std":0,"agg/val.val_score_mean":104.34993941745434,"agg/best_epoch_mean":15,"agg/val.f1_score_std":0,"_wandb":{"runtime":54},"agg/val.EO_sex_std":0,"test.accuracy":57.14285714285714,"val.accuracy":72.58064516129032,"val.roc_auc":70.45707915273132,"agg/test.best_accuracy_std":0,"agg/test.SP_sex_mean":6.4074074074074066,"agg/seed_std":0,"agg/val.EO_age_std":0,"agg/test.recall_std":0,"_step":1,"agg/val.SP_age_mean":28.47222222222222,"agg/test.val_score_mean":80.39862977282094,"agg/val.accuracy_mean":72.58064516129032,"agg/test.roc_auc_std":0,"agg/test.EO_age_mean":52.40641711229947,"agg/test.SP_age_std":0,"agg/val.f1_score_mean":65.3061224489796,"fold":0,"agg/test.best_thr_f1_mean":0.37999999999999995,"agg/val.roc_auc_mean":70.45707915273132,"agg/test.accuracy_mean":57.14285714285714}