{"agg/val.SP_age_std":0,"val.val_score_bestthr":106.66715321364276,"test.EO_sex":6.25,"test.f1_score":41.860465116279066,"val.val_score":102.12243650561962,"agg/test.EO_sex_mean":6.25,"test.EO_age":47.05882352941176,"test.SP_sex":1.4814814814814836,"agg/test.SP_age_std":0,"test.precision":60,"agg/val.EO_age_std":0,"agg/test.f1_score_std":0,"agg/test.SP_sex_mean":1.4814814814814836,"agg/val.accuracy_mean":74.19354838709677,"agg/test.EO_sex_std":0,"seed":0,"agg/test.accuracy_std":0,"agg/test.recall_std":0,"agg/val.SP_sex_std":0,"agg/val.accuracy_std":0,"agg/fold_id_std":0,"test.recall":32.142857142857146,"agg/test.roc_auc_std":0,"val.roc_auc":73.80156075808249,"val.SP_sex":9.829059829059828,"agg/val.EO_sex_mean":3.9215686274509887,"agg/val.val_score_bestthr_mean":106.66715321364276,"val.f1_score":66.66666666666666,"agg/val.EO_age_mean":50,"agg/best_epoch_std":0,"val.EO_sex":3.9215686274509887,"_timestamp":1.7672390527638824e+09,"agg/test.accuracy_mean":67.53246753246754,"agg/val.val_score_bestthr_std":0,"agg/test.precision_mean":60,"agg/test.roc_auc_mean":62.22667638483965,"agg/best_epoch_mean":12,"agg/val.val_score_mean":102.12243650561962,"val.EO_age":50,"agg/test.SP_sex_std":0,"agg/val.roc_auc_std":0,"agg/val.SP_age_mean":22.22222222222222,"fold":0,"agg/val.EO_sex_std":0,"agg/seed_mean":0,"agg/val.SP_sex_mean":9.829059829059828,"agg/fold_id_mean":0,"agg/val.f1_score_std":0,"test.SP_age":25.611325611325615,"agg/test.precision_std":0,"agg/test.SP_age_mean":25.611325611325615,"val.accuracy":74.19354838709677,"agg/test.f1_score_mean":41.860465116279066,"agg/test.EO_age_mean":47.05882352941176,"_runtime":82.655916933,"agg/test.recall_mean":32.142857142857146,"test.roc_auc":62.22667638483965,"agg/val.roc_auc_mean":73.80156075808249,"agg/val.val_score_std":0,"agg/val.f1_score_mean":66.66666666666666,"agg/seed_std":0,"_step":1,"val.SP_age":22.22222222222222,"agg/test.EO_age_std":0,"test.accuracy":67.53246753246754,"_wandb":{"runtime":82}}