{"agg/test.f1_score_mean":50.505050505050505,"_wandb":{"runtime":51},"agg/val.val_score_bestthr_mean":108.55269033447402,"agg/test.SP_age_std":0,"agg/val.roc_auc_mean":74.13600891861762,"agg/test.EO_age_std":0,"agg/fold_id_std":0,"seed":0,"agg/best_epoch_mean":37,"test.EO_sex":6.25,"agg/test.roc_auc_std":0,"agg/val.val_score_mean":105.102102251533,"agg/test.recall_mean":44.642857142857146,"agg/test.recall_std":0,"test.EO_age":55.61497326203209,"val.val_score":105.102102251533,"fold":0,"val.SP_sex":6.623931623931623,"agg/seed_std":0,"test.f1_score":50.505050505050505,"agg/test.accuracy_std":0,"val.EO_age":33.333333333333336,"agg/val.accuracy_std":0,"agg/val.SP_age_std":0,"agg/test.EO_sex_std":0,"agg/test.precision_std":0,"agg/val.EO_age_std":0,"agg/val.f1_score_mean":70.37037037037037,"agg/test.roc_auc_mean":60.73250728862973,"agg/val.SP_sex_mean":6.623931623931623,"test.precision":58.139534883720934,"val.EO_sex":0.9803921568627527,"val.SP_age":41.66666666666667,"test.roc_auc":60.73250728862973,"agg/test.SP_sex_mean":3.0740740740740735,"agg/val.val_score_std":0,"test.accuracy":68.18181818181817,"val.f1_score":70.37037037037037,"agg/test.precision_mean":58.139534883720934,"agg/val.accuracy_mean":74.19354838709677,"agg/val.EO_sex_mean":0.9803921568627527,"agg/seed_mean":0,"val.val_score_bestthr":108.55269033447402,"agg/val.f1_score_std":0,"agg/test.f1_score_std":0,"agg/val.EO_age_mean":33.333333333333336,"agg/val.SP_sex_std":0,"agg/test.SP_sex_std":0,"agg/test.EO_sex_mean":6.25,"agg/fold_id_mean":0,"agg/best_epoch_std":0,"test.SP_sex":3.0740740740740735,"_step":1,"_timestamp":1.7672318704821281e+09,"agg/test.SP_age_mean":34.36293436293437,"agg/test.EO_age_mean":55.61497326203209,"agg/val.val_score_bestthr_std":0,"agg/val.SP_age_mean":41.66666666666667,"agg/val.roc_auc_std":0,"test.recall":44.642857142857146,"val.roc_auc":74.13600891861762,"agg/test.accuracy_mean":68.18181818181817,"test.SP_age":34.36293436293437,"agg/val.EO_sex_std":0,"_runtime":51.229166682,"val.accuracy":74.19354838709677}