{"agg/val.roc_auc_std":0,"agg/val.f1_score_mean":63.99999999999999,"val.SP_sex":8.760683760683758,"agg/test.f1_score_std":0,"val.roc_auc":66.10925306577481,"agg/fold_id_std":0,"test.accuracy":64.28571428571429,"_timestamp":1.7672423982166336e+09,"agg/test.SP_sex_mean":12.222222222222223,"agg/best_epoch_std":0,"test.EO_sex":14.583333333333332,"agg/test.SP_age_mean":9.58815958815959,"_step":1,"test.SP_sex":12.222222222222223,"test.f1_score":50.45045045045045,"val.val_score_bestthr":102.02376254885742,"agg/test.SP_age_std":0,"agg/test.roc_auc_std":0,"agg/val.EO_sex_std":0,"agg/val.SP_age_std":0,"test.precision":50.90909090909091,"agg/test.SP_sex_std":0,"agg/test.EO_age_mean":28.34224598930481,"agg/test.precision_std":0,"agg/test.recall_mean":50,"fold":0,"agg/test.EO_sex_mean":14.583333333333332,"_wandb":{"runtime":98},"agg/test.recall_std":0,"seed":0,"test.recall":50,"agg/val.val_score_bestthr_mean":102.02376254885742,"val.SP_age":29.166666666666668,"agg/test.accuracy_mean":64.28571428571429,"agg/val.val_score_mean":96.26282537829027,"agg/seed_mean":0,"test.roc_auc":62.44533527696793,"agg/val.val_score_bestthr_std":0,"agg/val.val_score_std":0,"agg/seed_std":0,"agg/val.EO_sex_mean":26.470588235294112,"agg/val.accuracy_mean":70.96774193548387,"agg/test.f1_score_mean":50.45045045045045,"val.EO_sex":26.470588235294112,"_runtime":98.780645324,"agg/val.SP_sex_mean":8.760683760683758,"agg/test.precision_mean":50.90909090909091,"val.EO_age":30.000000000000004,"agg/val.roc_auc_mean":66.10925306577481,"agg/best_epoch_mean":35,"test.SP_age":9.58815958815959,"agg/val.SP_age_mean":29.166666666666668,"agg/fold_id_mean":0,"val.f1_score":63.99999999999999,"test.EO_age":28.34224598930481,"agg/val.SP_sex_std":0,"agg/val.EO_age_mean":30.000000000000004,"agg/val.EO_age_std":0,"agg/test.EO_age_std":0,"agg/val.f1_score_std":0,"val.accuracy":70.96774193548387,"agg/test.EO_sex_std":0,"agg/test.accuracy_std":0,"agg/val.accuracy_std":0,"val.val_score":96.26282537829027,"agg/test.roc_auc_mean":62.44533527696793}