{"val.SP_age":34.72222222222222,"agg/test.accuracy_std":0,"agg/seed_std":0,"val.EO_age":30.000000000000004,"agg/test.roc_auc_std":0,"agg/seed_mean":0,"agg/fold_id_std":0,"val.SP_sex":4.487179487179488,"test.roc_auc":60.204081632653065,"agg/best_epoch_mean":53,"agg/test.f1_score_std":0,"agg/val.SP_age_std":0,"test.SP_age":29.252782193958666,"agg/test.precision_std":0,"test.EO_age":52.94117647058824,"agg/val.f1_score_mean":63.99999999999999,"agg/test.EO_sex_mean":18.75,"agg/val.val_score_mean":96.59273201248632,"agg/test.SP_age_mean":29.252782193958666,"agg/test.recall_mean":33.92857142857143,"agg/test.EO_age_std":0,"test.recall":33.92857142857143,"val.EO_sex":18.627450980392158,"agg/val.accuracy_mean":70.96774193548387,"agg/test.SP_age_std":0,"agg/test.SP_sex_std":0,"_timestamp":1.7672373001184988e+09,"_runtime":41.861339399,"agg/val.roc_auc_std":0,"agg/val.SP_sex_std":0,"agg/val.val_score_bestthr_mean":102.08937340858593,"agg/best_epoch_std":0,"agg/test.EO_sex_std":0,"agg/val.SP_sex_mean":4.487179487179488,"agg/val.roc_auc_mean":71.23745819397995,"agg/test.roc_auc_mean":60.204081632653065,"val.f1_score":63.99999999999999,"test.SP_sex":1.370370370370369,"agg/test.recall_std":0,"agg/val.SP_age_mean":34.72222222222222,"_step":1,"agg/val.val_score_bestthr_std":0,"_wandb":{"runtime":41},"val.roc_auc":71.23745819397995,"val.val_score_bestthr":102.08937340858593,"test.precision":63.33333333333333,"val.val_score":96.59273201248632,"agg/val.EO_age_std":0,"agg/val.EO_age_mean":30.000000000000004,"fold":0,"agg/test.SP_sex_mean":1.370370370370369,"agg/test.accuracy_mean":68.83116883116884,"agg/val.accuracy_std":0,"agg/val.EO_sex_mean":18.627450980392158,"agg/val.f1_score_std":0,"agg/fold_id_mean":0,"agg/val.EO_sex_std":0,"seed":0,"test.accuracy":68.83116883116884,"test.f1_score":44.18604651162791,"test.EO_sex":18.75,"agg/test.f1_score_mean":44.18604651162791,"agg/val.val_score_std":0,"val.accuracy":70.96774193548387,"agg/test.precision_mean":63.33333333333333,"agg/test.EO_age_mean":52.94117647058824}