{"_timestamp":1.7670785087287066e+09,"agg/val.EO_age_std":0,"agg/val.accuracy_std":0,"agg/test.val_score_std":0,"test.accuracy":65.5844155844156,"fold":0,"agg/test.f1_score_std":0,"agg/fold_id_mean":0,"agg/val.SP_age_std":0,"agg/test.EO_sex_std":0,"val.f1_score":68.08510638297872,"agg/test.precision_std":0,"agg/val.SP_age_mean":40.27777777777778,"agg/test.SP_age_mean":37.38738738738739,"agg/test.roc_auc_mean":63.50218658892128,"agg/val.val_score_bestthr_mean":108.8667901236485,"agg/test.best_thr_f1_mean":0.33999999999999997,"_wandb":{"runtime":229},"agg/val.val_score_bestthr_std":0,"agg/val.roc_auc_mean":72.90969899665552,"agg/test.accuracy_std":0,"agg/val.EO_sex_mean":18.627450980392158,"agg/test.f1_score_mean":49.523809523809526,"agg/test.recall_std":0,"agg/val.SP_sex_mean":0.42735042735042583,"agg/val.EO_sex_std":0,"agg/test.val_score_mean":89.14016879369821,"seed":0,"agg/test.best_accuracy_std":0,"val.val_score":108.8667901236485,"agg/val.EO_age_mean":38.888888888888886,"agg/test.SP_sex_mean":3.370370370370374,"_step":1,"agg/test.SP_age_std":0,"agg/val.val_score_std":0,"agg/test.best_accuracy_mean":56.493506493506494,"agg/test.EO_age_mean":46.524064171122994,"agg/test.roc_auc_std":0,"agg/test.val_score_bestthr_mean":83.60989590430766,"agg/fold_id_std":0,"agg/test.SP_sex_std":0,"agg/test.recall_mean":46.42857142857143,"val.accuracy":75.80645161290323,"agg/val.roc_auc_std":0,"agg/test.EO_age_std":0,"agg/test.EO_sex_mean":33.33333333333333,"agg/test.best_f1_mean":56.209150326797385,"agg/seed_mean":0,"agg/val.accuracy_mean":75.80645161290323,"agg/val.val_score_mean":108.8667901236485,"test.roc_auc":63.50218658892128,"_runtime":229.872612398,"agg/test.accuracy_mean":65.5844155844156,"val.roc_auc":72.90969899665552,"agg/test.precision_mean":53.06122448979592,"agg/test.best_f1_std":0,"agg/best_epoch_std":0,"agg/val.SP_sex_std":0,"agg/seed_std":0,"agg/val.f1_score_std":0,"agg/best_epoch_mean":23,"test.f1_score":49.523809523809526,"agg/val.f1_score_mean":68.08510638297872,"agg/test.val_score_bestthr_std":0,"agg/test.best_thr_f1_std":0}