{"agg/test.EO_sex_std":0,"agg/test.EO_sex_mean":29.166666666666668,"agg/test.precision_mean":54.90196078431373,"test.SP_sex":2.51851851851852,"agg/val.EO_age_std":0,"test.recall":50,"agg/test.EO_age_std":0,"agg/val.SP_age_mean":15.972222222222221,"val.EO_age":66.66666666666667,"_step":1,"agg/best_epoch_std":0,"agg/test.f1_score_std":0,"val.val_score_bestthr":98.16435153553881,"agg/test.f1_score_mean":52.33644859813084,"agg/val.SP_age_std":0,"agg/val.val_score_bestthr_std":0,"seed":0,"agg/val.roc_auc_std":0,"agg/test.EO_age_mean":22.459893048128343,"val.SP_sex":0.42735042735042583,"agg/val.val_score_std":0,"agg/seed_std":0,"agg/val.roc_auc_mean":68.45039018952062,"agg/val.f1_score_mean":59.57446808510638,"val.SP_age":15.972222222222221,"agg/test.accuracy_std":0,"agg/best_epoch_mean":34,"test.roc_auc":62.427113702623906,"test.EO_sex":29.166666666666668,"agg/test.SP_age_std":0,"agg/val.SP_sex_std":0,"val.val_score":98.16435153553881,"agg/val.EO_age_mean":66.66666666666667,"val.EO_sex":14.70588235294118,"agg/test.roc_auc_std":0,"val.roc_auc":68.45039018952062,"agg/test.precision_std":0,"val.f1_score":59.57446808510638,"_wandb":{"runtime":121},"agg/val.EO_sex_std":0,"test.EO_age":22.459893048128343,"agg/val.val_score_mean":98.16435153553881,"test.SP_age":17.052767052767052,"test.accuracy":66.88311688311688,"agg/val.accuracy_std":0,"agg/test.recall_mean":50,"agg/fold_id_std":0,"agg/test.SP_sex_mean":2.51851851851852,"val.accuracy":69.35483870967742,"_timestamp":1.7672432772247136e+09,"agg/val.SP_sex_mean":0.42735042735042583,"fold":0,"agg/test.accuracy_mean":66.88311688311688,"agg/fold_id_mean":0,"agg/val.accuracy_mean":69.35483870967742,"agg/test.SP_sex_std":0,"test.precision":54.90196078431373,"agg/test.recall_std":0,"agg/test.roc_auc_mean":62.427113702623906,"agg/val.EO_sex_mean":14.70588235294118,"agg/val.val_score_bestthr_mean":98.16435153553881,"_runtime":121.324819992,"agg/val.f1_score_std":0,"agg/test.SP_age_mean":17.052767052767052,"agg/seed_mean":0,"test.f1_score":52.33644859813084}