{"_runtime":56.000798048,"val.EO_sex":0,"agg/test.EO_sex_std":0,"agg/test.EO_age_std":0,"agg/test.accuracy_mean":63.63636363636363,"agg/test.SP_age_mean":2.941176470588235,"agg/test.SP_age_std":0,"_step":1,"agg/test.f1_score_std":0,"val.f1_score":0,"agg/seed_mean":0,"agg/fold_id_std":0,"test.f1_score":3.448275862068965,"_timestamp":1.7672356788400302e+09,"agg/val.val_score_mean":62.903225806451616,"test.roc_auc":44.16909620991253,"test.recall":1.7857142857142856,"agg/val.EO_sex_mean":0,"fold":0,"agg/val.roc_auc_std":0,"agg/val.val_score_std":0,"test.accuracy":63.63636363636363,"agg/val.EO_sex_std":0,"test.SP_age":2.941176470588235,"val.val_score_bestthr":62.903225806451616,"agg/test.precision_mean":50,"seed":0,"agg/test.SP_sex_mean":0.8518518518518517,"agg/val.f1_score_std":0,"agg/val.EO_age_mean":0,"agg/val.val_score_bestthr_std":0,"agg/test.SP_sex_std":0,"agg/test.f1_score_mean":3.448275862068965,"val.SP_sex":0,"test.precision":50,"agg/test.accuracy_std":0,"agg/val.SP_sex_std":0,"agg/test.roc_auc_std":0,"agg/test.EO_sex_mean":2.083333333333333,"agg/val.SP_sex_mean":0,"agg/val.SP_age_mean":0,"agg/best_epoch_std":0,"val.accuracy":62.903225806451616,"agg/test.recall_mean":1.7857142857142856,"test.EO_age":9.090909090909092,"test.SP_sex":0.8518518518518517,"val.EO_age":0,"test.EO_sex":2.083333333333333,"agg/test.roc_auc_mean":44.16909620991253,"agg/test.precision_std":0,"agg/fold_id_mean":0,"val.SP_age":0,"agg/best_epoch_mean":10,"_wandb":{"runtime":56},"agg/val.accuracy_mean":62.903225806451616,"agg/val.f1_score_mean":0,"agg/test.recall_std":0,"val.val_score":62.903225806451616,"val.roc_auc":43.70122630992196,"agg/val.val_score_bestthr_mean":62.903225806451616,"agg/val.EO_age_std":0,"agg/val.roc_auc_mean":43.70122630992196,"agg/val.accuracy_std":0,"agg/test.EO_age_mean":9.090909090909092,"agg/val.SP_age_std":0,"agg/seed_std":0}