{"agg/val.f1_score_std":0,"agg/seed_std":0,"agg/test.SP_sex_mean":8.259259259259261,"_timestamp":1.7670746397753408e+09,"agg/val.val_score_bestthr_std":0,"agg/val.accuracy_std":0,"agg/val.SP_age_std":0,"val.accuracy":75.80645161290323,"agg/test.val_score_bestthr_mean":91.40410621087092,"test.accuracy":61.68831168831169,"agg/val.SP_age_mean":40.97222222222222,"agg/test.best_thr_f1_std":0,"val.f1_score":69.3877551020408,"agg/test.val_score_mean":87.44670209070858,"seed":0,"agg/test.accuracy_std":0,"agg/val.val_score_bestthr_mean":109.5678568160101,"agg/test.best_accuracy_std":0,"agg/test.roc_auc_std":0,"agg/val.SP_sex_mean":0.6410256410256387,"agg/val.EO_sex_mean":12.745098039215685,"agg/test.best_thr_f1_mean":0.4749999999999999,"agg/test.precision_std":0,"agg/val.SP_sex_std":0,"agg/test.best_accuracy_mean":63.63636363636363,"agg/val.val_score_std":0,"_step":1,"agg/test.accuracy_mean":61.68831168831169,"agg/test.recall_mean":60.71428571428571,"agg/test.val_score_std":0,"_wandb":{"runtime":172},"agg/test.SP_age_mean":36.2934362934363,"agg/val.val_score_mean":109.5678568160101,"agg/seed_mean":0,"agg/fold_id_std":0,"val.val_score":109.5678568160101,"agg/test.roc_auc_mean":61.698250728862966,"agg/best_epoch_mean":35,"test.f1_score":53.54330708661418,"agg/test.f1_score_std":0,"agg/val.f1_score_mean":69.3877551020408,"agg/test.precision_mean":47.88732394366197,"agg/test.best_f1_std":0,"agg/test.SP_sex_std":0,"test.roc_auc":61.698250728862966,"agg/test.EO_sex_mean":16.666666666666664,"agg/test.SP_age_std":0,"agg/val.EO_sex_std":0,"agg/test.EO_sex_std":0,"_runtime":172.836745267,"agg/best_epoch_std":0,"agg/fold_id_mean":0,"agg/val.EO_age_std":0,"agg/test.val_score_bestthr_std":0,"agg/test.EO_age_mean":40.10695187165775,"agg/val.roc_auc_std":0,"val.roc_auc":73.13266443701227,"agg/test.best_f1_mean":57.57575757575758,"agg/val.EO_age_mean":38.888888888888886,"agg/val.roc_auc_mean":73.13266443701227,"agg/val.accuracy_mean":75.80645161290323,"agg/test.recall_std":0,"fold":0,"agg/test.f1_score_mean":53.54330708661418,"agg/test.EO_age_std":0}