{"agg/test.EO_age_std":0,"agg/val.roc_auc_mean":68.22742474916387,"agg/val.val_score_mean":101.96820699330188,"agg/seed_std":0,"agg/test.SP_sex_mean":12.555555555555554,"agg/val.EO_sex_mean":26.470588235294112,"agg/test.precision_std":0,"agg/test.f1_score_mean":55.47445255474452,"agg/test.accuracy_mean":60.3896103896104,"_runtime":143.485744105,"agg/test.val_score_bestthr_mean":89.06862646758628,"agg/test.SP_age_std":0,"fold":0,"agg/val.val_score_std":0,"agg/val.SP_age_mean":34.72222222222222,"agg/test.recall_mean":67.85714285714286,"agg/val.f1_score_std":0,"agg/fold_id_mean":0,"agg/best_epoch_mean":31,"agg/val.f1_score_mean":63.99999999999999,"agg/seed_mean":0,"agg/test.val_score_std":0,"agg/test.best_f1_std":0,"agg/test.SP_age_mean":20.499419279907084,"agg/test.best_thr_f1_mean":0.36999999999999994,"agg/test.recall_std":0,"test.accuracy":60.3896103896104,"agg/test.val_score_mean":87.43487871898454,"agg/test.precision_mean":46.913580246913575,"agg/fold_id_std":0,"_step":1,"agg/test.EO_sex_mean":8.333333333333337,"agg/test.val_score_bestthr_std":0,"agg/test.best_f1_mean":57.14285714285714,"agg/test.EO_sex_std":0,"agg/val.val_score_bestthr_mean":99.54181434346077,"_timestamp":1.767082453156251e+09,"agg/test.best_accuracy_std":0,"agg/test.roc_auc_mean":62.24489795918367,"test.f1_score":55.47445255474452,"agg/val.val_score_bestthr_std":0,"agg/test.f1_score_std":0,"test.roc_auc":62.24489795918367,"agg/test.best_thr_f1_std":0,"agg/val.EO_age_std":0,"val.accuracy":70.96774193548387,"agg/val.SP_age_std":0,"agg/best_epoch_std":0,"val.roc_auc":68.22742474916387,"agg/test.accuracy_std":0,"agg/val.roc_auc_std":0,"agg/test.roc_auc_std":0,"agg/test.best_accuracy_mean":61.038961038961034,"val.val_score":101.96820699330188,"_wandb":{"runtime":143},"agg/test.EO_age_mean":27.807486631016044,"agg/val.accuracy_std":0,"agg/test.SP_sex_std":0,"agg/val.SP_sex_std":0,"agg/val.EO_age_mean":30.000000000000004,"seed":0,"val.f1_score":63.99999999999999,"agg/val.EO_sex_std":0,"agg/val.accuracy_mean":70.96774193548387,"agg/val.SP_sex_mean":8.760683760683758}