{"_step":1,"agg/val.f1_score_mean":61.224489795918366,"val.accuracy":69.35483870967742,"agg/test.recall_mean":62.5,"test.accuracy":53.896103896103895,"agg/test.SP_age_mean":12.16216216216216,"agg/val.SP_sex_std":0,"agg/seed_std":0,"agg/test.accuracy_mean":53.896103896103895,"agg/val.roc_auc_std":0,"agg/test.best_f1_std":0,"agg/val.EO_sex_std":0,"agg/test.precision_mean":41.17647058823529,"agg/val.SP_sex_mean":12.606837606837606,"agg/test.EO_age_mean":25.1336898395722,"_wandb":{"runtime":121},"agg/test.roc_auc_mean":60.91472303206997,"agg/test.accuracy_std":0,"agg/test.best_accuracy_mean":39.61038961038961,"agg/val.SP_age_std":0,"agg/fold_id_mean":0,"agg/val.val_score_mean":98.40269823810418,"fold":0,"agg/val.val_score_std":0,"agg/val.EO_age_mean":66.66666666666667,"agg/fold_id_std":0,"agg/val.SP_age_mean":34.02777777777778,"agg/test.SP_sex_std":0,"agg/best_epoch_mean":24,"val.f1_score":61.224489795918366,"agg/val.accuracy_std":0,"agg/test.recall_std":0,"agg/test.val_score_bestthr_std":0,"agg/val.roc_auc_mean":66.5551839464883,"agg/test.EO_sex_std":0,"agg/test.best_f1_mean":54.187192118226605,"agg/test.f1_score_mean":49.645390070921984,"agg/test.val_score_std":0,"agg/test.best_accuracy_std":0,"test.roc_auc":60.91472303206997,"agg/val.EO_sex_mean":43.13725490196078,"val.val_score":98.40269823810418,"val.roc_auc":66.5551839464883,"agg/test.val_score_mean":78.14852559673274,"seed":0,"agg/val.f1_score_std":0,"agg/test.f1_score_std":0,"agg/val.val_score_bestthr_std":0,"agg/test.EO_age_std":0,"agg/test.roc_auc_std":0,"agg/best_epoch_std":0,"agg/test.best_thr_f1_mean":0.12499999999999999,"agg/val.val_score_bestthr_mean":97.3223150716035,"agg/test.precision_std":0,"agg/val.EO_age_std":0,"test.f1_score":49.645390070921984,"_runtime":121.477099317,"agg/test.SP_sex_mean":5.148148148148146,"agg/val.accuracy_mean":69.35483870967742,"agg/test.EO_sex_mean":14.583333333333337,"agg/test.SP_age_std":0,"agg/test.val_score_bestthr_mean":66.48501663744564,"agg/seed_mean":0,"_timestamp":1.7670754513038712e+09,"agg/test.best_thr_f1_std":0}