{"agg/val.val_score_mean":104.91957175756986,"agg/val.f1_score_std":0,"agg/seed_mean":0,"agg/test.SP_sex_mean":6.000000000000005,"agg/test.best_thr_f1_std":0,"agg/val.SP_age_mean":34.72222222222222,"val.val_score":104.91957175756986,"agg/test.recall_mean":66.07142857142857,"agg/test.f1_score_mean":53.237410071942435,"agg/test.recall_std":0,"agg/val.SP_sex_std":0,"agg/val.SP_sex_mean":4.914529914529914,"_timestamp":1.7670801033106496e+09,"_step":1,"agg/fold_id_std":0,"val.roc_auc":69.45373467112597,"agg/test.best_f1_std":0,"agg/test.SP_age_mean":16.92406692406692,"agg/val.f1_score_mean":66.66666666666666,"agg/test.accuracy_mean":57.7922077922078,"agg/test.val_score_bestthr_mean":74.6940706023059,"agg/fold_id_mean":0,"agg/val.EO_age_std":0,"agg/test.precision_std":0,"agg/test.accuracy_std":0,"agg/test.best_accuracy_mean":48.05194805194805,"agg/val.val_score_bestthr_mean":104.24388123735847,"agg/test.SP_sex_std":0,"agg/test.val_score_mean":83.7673450644642,"agg/best_epoch_std":0,"agg/val.roc_auc_mean":69.45373467112597,"agg/val.EO_age_mean":50,"agg/val.accuracy_std":0,"agg/val.val_score_bestthr_std":0,"_runtime":160.278061164,"seed":0,"agg/test.best_accuracy_std":0,"agg/test.EO_age_std":0,"agg/test.precision_mean":44.57831325301205,"agg/val.accuracy_mean":72.58064516129032,"test.accuracy":57.7922077922078,"_wandb":{"runtime":160},"agg/val.val_score_std":0,"val.accuracy":72.58064516129032,"agg/test.roc_auc_std":0,"agg/test.val_score_std":0,"agg/test.roc_auc_mean":62.20845481049563,"agg/best_epoch_mean":21,"agg/seed_std":0,"agg/test.EO_sex_mean":10.416666666666663,"fold":0,"agg/val.roc_auc_std":0,"agg/test.best_thr_f1_mean":0.3499999999999999,"test.f1_score":53.237410071942435,"agg/test.f1_score_std":0,"agg/val.EO_sex_std":0,"agg/test.best_f1_mean":54.545454545454554,"test.roc_auc":62.20845481049563,"agg/test.EO_sex_std":0,"val.f1_score":66.66666666666666,"agg/val.EO_sex_mean":9.80392156862745,"agg/test.SP_age_std":0,"agg/test.val_score_bestthr_std":0,"agg/test.EO_age_mean":31.01604278074866,"agg/val.SP_age_std":0}