{"agg/val.EO_age_std":0,"_timestamp":1.767237998003785e+09,"_runtime":40.91963275,"agg/test.f1_score_mean":40.50632911392405,"test.SP_sex":2.6666666666666643,"agg/test.recall_mean":28.57142857142857,"seed":0,"agg/test.precision_std":0,"agg/test.EO_age_mean":47.05882352941176,"val.f1_score":47.05882352941176,"agg/best_epoch_std":0,"agg/val.val_score_bestthr_mean":94.060074766052,"agg/val.roc_auc_mean":73.13266443701227,"agg/val.f1_score_std":0,"fold":0,"agg/val.roc_auc_std":0,"agg/val.SP_age_std":0,"agg/test.accuracy_mean":69.48051948051948,"val.EO_age":6.6666666666666705,"agg/val.EO_age_mean":6.6666666666666705,"agg/test.recall_std":0,"agg/test.SP_sex_mean":2.6666666666666643,"_wandb":{"runtime":40},"agg/val.SP_sex_mean":2.564102564102566,"agg/test.precision_mean":69.56521739130434,"agg/seed_std":0,"agg/val.val_score_mean":94.3050649540213,"agg/val.f1_score_mean":47.05882352941176,"agg/test.roc_auc_std":0,"val.val_score_bestthr":94.060074766052,"val.accuracy":70.96774193548387,"agg/val.val_score_bestthr_std":0,"agg/val.val_score_std":0,"agg/seed_mean":0,"test.EO_sex":25,"agg/test.f1_score_std":0,"val.roc_auc":73.13266443701227,"test.SP_age":29.4912559618442,"val.SP_sex":2.564102564102566,"agg/test.EO_sex_std":0,"agg/best_epoch_mean":55,"agg/test.EO_sex_mean":25,"test.accuracy":69.48051948051948,"agg/val.SP_age_mean":13.88888888888889,"agg/test.SP_age_std":0,"test.roc_auc":61.18804664723032,"agg/test.EO_age_std":0,"test.precision":69.56521739130434,"val.EO_sex":20.588235294117645,"agg/val.SP_sex_std":0,"val.SP_age":13.88888888888889,"agg/fold_id_mean":0,"agg/val.EO_sex_std":0,"agg/test.roc_auc_mean":61.18804664723032,"agg/test.SP_sex_std":0,"test.recall":28.57142857142857,"agg/val.EO_sex_mean":20.588235294117645,"agg/test.SP_age_mean":29.4912559618442,"agg/test.accuracy_std":0,"test.f1_score":40.50632911392405,"agg/fold_id_std":0,"agg/val.accuracy_mean":70.96774193548387,"test.EO_age":47.05882352941176,"agg/val.accuracy_std":0,"_step":1,"val.val_score":94.3050649540213}