{"agg/val.f1_score_mean":62.500000000000014,"agg/test.roc_auc_mean":59.89431486880466,"agg/val.accuracy_mean":70.96774193548387,"agg/val.f1_score_std":0,"agg/val.val_score_bestthr_std":0,"agg/test.EO_age_std":0,"test.roc_auc":59.89431486880466,"agg/val.accuracy_std":0,"test.SP_age":27.670527670527672,"agg/seed_std":0,"val.SP_sex":16.45299145299145,"agg/val.EO_sex_std":0,"test.recall":30.357142857142854,"agg/test.SP_sex_mean":0.3333333333333355,"agg/test.precision_std":0,"test.EO_sex":8.333333333333332,"seed":0,"agg/val.EO_age_mean":50,"val.accuracy":70.96774193548387,"agg/val.SP_age_mean":16.666666666666668,"agg/test.SP_age_mean":27.670527670527672,"agg/val.val_score_mean":101.18066300134612,"agg/seed_mean":0,"agg/test.f1_score_mean":41.46341463414634,"val.EO_age":50,"fold":0,"val.val_score":101.18066300134612,"test.accuracy":68.83116883116884,"agg/test.recall_std":0,"agg/test.EO_sex_std":0,"test.EO_age":47.05882352941176,"agg/fold_id_std":0,"test.SP_sex":0.3333333333333355,"agg/val.roc_auc_mean":67.00111482720177,"val.SP_age":16.666666666666668,"agg/test.accuracy_mean":68.83116883116884,"val.val_score_bestthr":101.18066300134612,"test.f1_score":41.46341463414634,"agg/test.recall_mean":30.357142857142854,"agg/test.accuracy_std":0,"agg/val.SP_sex_mean":16.45299145299145,"agg/val.EO_sex_mean":20.588235294117652,"agg/fold_id_mean":0,"val.f1_score":62.500000000000014,"agg/test.f1_score_std":0,"_timestamp":1.7672393036986237e+09,"_step":1,"agg/val.roc_auc_std":0,"agg/best_epoch_mean":26,"agg/test.roc_auc_std":0,"agg/val.val_score_std":0,"agg/val.SP_sex_std":0,"_wandb":{"runtime":56},"val.EO_sex":20.588235294117652,"_runtime":56.196892511,"agg/test.EO_age_mean":47.05882352941176,"agg/test.SP_sex_std":0,"val.roc_auc":67.00111482720177,"agg/val.SP_age_std":0,"agg/val.val_score_bestthr_mean":101.18066300134612,"agg/best_epoch_std":0,"agg/test.precision_mean":65.38461538461539,"agg/val.EO_age_std":0,"test.precision":65.38461538461539,"agg/test.EO_sex_mean":8.333333333333332,"agg/test.SP_age_std":0}