{"agg/val.SP_sex_std":0,"val.val_score":102.91673033185609,"agg/val.accuracy_std":0,"agg/val.SP_age_mean":27.77777777777778,"agg/test.EO_sex_mean":4.166666666666666,"_wandb":{"runtime":39},"test.f1_score":32,"agg/test.SP_age_std":0,"agg/test.accuracy_std":0,"agg/fold_id_std":0,"agg/test.roc_auc_mean":61.935131195335266,"fold":0,"agg/test.roc_auc_std":0,"agg/test.SP_sex_std":0,"agg/val.roc_auc_std":0,"val.EO_age":66.66666666666667,"test.roc_auc":61.935131195335266,"agg/test.precision_mean":63.1578947368421,"agg/test.accuracy_mean":66.88311688311688,"agg/test.EO_age_std":0,"agg/fold_id_mean":0,"_step":1,"agg/test.EO_age_mean":35.294117647058826,"agg/val.val_score_std":0,"_runtime":39.548869945,"test.EO_age":35.294117647058826,"agg/seed_mean":0,"agg/test.f1_score_mean":32,"test.EO_sex":4.166666666666666,"test.recall":21.428571428571427,"val.SP_age":27.77777777777778,"val.roc_auc":65.44035674470457,"agg/test.f1_score_std":0,"agg/val.SP_age_std":0,"agg/test.recall_mean":21.428571428571427,"agg/best_epoch_std":0,"test.accuracy":66.88311688311688,"val.val_score_bestthr":102.91673033185609,"agg/test.EO_sex_std":0,"agg/val.EO_sex_std":0,"_timestamp":1.7672357260413058e+09,"agg/val.val_score_mean":102.91673033185609,"agg/val.f1_score_mean":63.829787234042556,"agg/test.recall_std":0,"agg/val.roc_auc_mean":65.44035674470457,"val.accuracy":72.58064516129032,"agg/val.EO_age_mean":66.66666666666667,"agg/val.accuracy_mean":72.58064516129032,"seed":0,"agg/val.SP_sex_mean":20.299145299145298,"agg/test.precision_std":0,"agg/test.SP_sex_mean":0.9629629629629627,"agg/val.val_score_bestthr_std":0,"val.EO_sex":43.13725490196078,"test.SP_age":14.157014157014158,"agg/best_epoch_mean":52,"test.SP_sex":0.9629629629629627,"agg/val.EO_age_std":0,"val.f1_score":63.829787234042556,"agg/val.val_score_bestthr_mean":102.91673033185609,"val.SP_sex":20.299145299145298,"agg/seed_std":0,"agg/val.f1_score_std":0,"agg/test.SP_age_mean":14.157014157014158,"agg/val.EO_sex_mean":43.13725490196078,"test.precision":63.1578947368421}