{"agg/val.EO_sex_mean":1.9607843137254832,"agg/test.val_score_bestthr_mean":63.7649173438647,"agg/test.val_score_std":0,"agg/test.EO_sex_mean":31.25,"test.f1_score":46.15384615384615,"agg/seed_std":0,"agg/test.EO_age_std":0,"agg/test.SP_age_mean":32.94723294723295,"agg/val.val_score_bestthr_mean":107.24611877422598,"fold":0,"agg/best_epoch_std":0,"agg/val.accuracy_std":0,"_runtime":104.131025661,"seed":0,"agg/test.best_accuracy_std":0,"agg/test.val_score_mean":80.98438825982944,"agg/fold_id_mean":0,"agg/val.SP_age_std":0,"agg/test.recall_std":0,"_timestamp":1.7670809322998502e+09,"val.val_score":103.81887965312306,"agg/test.precision_std":0,"agg/test.best_f1_std":0,"agg/test.best_thr_f1_std":0,"agg/test.accuracy_std":0,"agg/test.accuracy_mean":59.09090909090909,"agg/best_epoch_mean":30,"agg/test.roc_auc_mean":59.32944606413994,"agg/test.SP_sex_std":0,"agg/val.SP_sex_std":0,"agg/test.f1_score_mean":46.15384615384615,"_wandb":{"runtime":104},"agg/test.val_score_bestthr_std":0,"_step":1,"agg/test.recall_mean":48.214285714285715,"agg/fold_id_std":0,"agg/val.val_score_bestthr_std":0,"agg/val.f1_score_mean":63.829787234042556,"val.accuracy":72.58064516129032,"val.roc_auc":73.91304347826087,"val.f1_score":63.829787234042556,"agg/test.SP_sex_mean":1.7407407407407371,"agg/val.val_score_std":0,"agg/val.EO_sex_std":0,"agg/test.best_accuracy_mean":37.01298701298701,"agg/val.val_score_mean":103.81887965312306,"agg/test.best_f1_mean":53.58851674641147,"agg/seed_mean":0,"agg/test.SP_age_std":0,"agg/val.accuracy_mean":72.58064516129032,"agg/test.EO_sex_std":0,"test.roc_auc":59.32944606413994,"agg/test.best_thr_f1_mean":0.3,"agg/val.f1_score_std":0,"agg/val.roc_auc_mean":73.91304347826087,"agg/test.EO_age_mean":52.40641711229947,"agg/val.roc_auc_std":0,"agg/val.EO_age_std":0,"agg/test.f1_score_std":0,"agg/test.precision_mean":44.26229508196721,"agg/test.roc_auc_std":0,"test.accuracy":59.09090909090909,"agg/val.SP_sex_mean":0.42735042735042583,"agg/val.SP_age_mean":37.5,"agg/val.EO_age_mean":27.77777777777778}