{"agg/test.recall_std":0,"val.roc_auc":68.00445930880714,"agg/val.EO_sex_mean":37.25490196078432,"agg/test.EO_age_std":0,"test.EO_age":52.94117647058824,"agg/test.EO_age_mean":52.94117647058824,"agg/test.roc_auc_std":0,"seed":0,"val.EO_sex":37.25490196078432,"agg/test.recall_mean":37.5,"agg/val.val_score_bestthr_std":0,"agg/best_epoch_mean":44,"test.EO_sex":0,"test.SP_age":26.25482625482626,"test.SP_sex":5.6296296296296315,"val.f1_score":59.57446808510638,"_runtime":83.129045854,"agg/val.val_score_std":0,"agg/val.EO_sex_std":0,"agg/val.roc_auc_mean":68.00445930880714,"agg/test.SP_age_mean":26.25482625482626,"agg/val.accuracy_mean":69.35483870967742,"agg/val.val_score_bestthr_mean":97.6883271514262,"val.SP_sex":13.675213675213671,"test.accuracy":66.88311688311688,"fold":0,"agg/test.f1_score_std":0,"val.accuracy":69.35483870967742,"agg/test.SP_sex_mean":5.6296296296296315,"agg/val.f1_score_std":0,"val.EO_age":66.66666666666667,"agg/test.accuracy_std":0,"agg/test.precision_mean":56.75675675675676,"agg/val.SP_sex_std":0,"agg/test.accuracy_mean":66.88311688311688,"agg/test.SP_age_std":0,"_wandb":{"runtime":83},"agg/val.accuracy_std":0,"agg/val.val_score_mean":97.6883271514262,"val.val_score":97.6883271514262,"agg/test.EO_sex_mean":0,"_step":1,"agg/test.EO_sex_std":0,"agg/test.f1_score_mean":45.16129032258064,"agg/val.EO_age_std":0,"_timestamp":1.7672376565459275e+09,"test.recall":37.5,"agg/seed_std":0,"agg/test.precision_std":0,"test.precision":56.75675675675676,"agg/fold_id_mean":0,"agg/val.SP_age_std":0,"agg/val.roc_auc_std":0,"test.roc_auc":63.73906705539357,"agg/fold_id_std":0,"agg/val.EO_age_mean":66.66666666666667,"agg/seed_mean":0,"val.SP_age":27.77777777777778,"val.val_score_bestthr":97.6883271514262,"agg/best_epoch_std":0,"test.f1_score":45.16129032258064,"agg/val.SP_sex_mean":13.675213675213671,"agg/test.roc_auc_mean":63.73906705539357,"agg/val.f1_score_mean":59.57446808510638,"agg/test.SP_sex_std":0,"agg/val.SP_age_mean":27.77777777777778}