{"agg/val.SP_sex_std":0,"test.SP_sex":11.66666666666667,"agg/test.EO_sex_mean":29.166666666666664,"agg/val.f1_score_mean":64.15094339622641,"val.SP_age":17.36111111111111,"seed":0,"test.accuracy":68.18181818181817,"agg/val.accuracy_mean":69.35483870967742,"agg/val.EO_age_mean":50,"val.val_score_bestthr":100.26222971397463,"test.recall":62.5,"agg/test.SP_age_mean":17.696267696267697,"agg/val.accuracy_std":0,"agg/test.f1_score_std":0,"_wandb":{"runtime":103},"_timestamp":1.7672417545532386e+09,"agg/test.SP_sex_mean":11.66666666666667,"agg/seed_std":0,"test.SP_age":17.696267696267697,"agg/val.SP_sex_mean":17.094017094017094,"test.f1_score":58.82352941176471,"agg/val.SP_age_mean":17.36111111111111,"test.EO_age":45.98930481283422,"agg/seed_mean":0,"test.EO_sex":29.166666666666664,"agg/val.EO_sex_mean":32.35294117647059,"val.val_score":92.4371047150888,"agg/test.precision_std":0,"agg/test.recall_mean":62.5,"val.SP_sex":17.094017094017094,"agg/test.f1_score_mean":58.82352941176471,"agg/test.roc_auc_std":0,"agg/best_epoch_std":0,"agg/test.EO_sex_std":0,"agg/val.val_score_mean":92.4371047150888,"agg/val.val_score_std":0,"agg/val.val_score_bestthr_std":0,"agg/test.EO_age_std":0,"agg/test.accuracy_std":0,"agg/test.accuracy_mean":68.18181818181817,"val.f1_score":64.15094339622641,"agg/val.EO_age_std":0,"agg/val.roc_auc_mean":69.3422519509476,"agg/test.SP_age_std":0,"_runtime":103.534124663,"agg/test.recall_std":0,"agg/test.EO_age_mean":45.98930481283422,"agg/test.precision_mean":55.55555555555556,"agg/fold_id_mean":0,"val.EO_age":50,"val.accuracy":69.35483870967742,"agg/best_epoch_mean":46,"val.roc_auc":69.3422519509476,"agg/test.roc_auc_mean":65.0692419825073,"agg/val.f1_score_std":0,"test.precision":55.55555555555556,"_step":1,"agg/val.SP_age_std":0,"agg/val.roc_auc_std":0,"agg/val.val_score_bestthr_mean":100.26222971397463,"agg/fold_id_std":0,"agg/val.EO_sex_std":0,"val.EO_sex":32.35294117647059,"agg/test.SP_sex_std":0,"fold":0,"test.roc_auc":65.0692419825073}