{"val.f1_score":69.09090909090908,"agg/test.recall_std":0,"val.roc_auc":70.34559643255295,"agg/test.SP_age_mean":10.81081081081081,"agg/val.SP_sex_std":0,"agg/val.EO_sex_std":0,"val.EO_sex":0.9803921568627527,"val.EO_age":50,"agg/test.SP_sex_std":0,"agg/val.SP_age_mean":41.66666666666667,"agg/best_epoch_mean":18,"val.accuracy":72.58064516129032,"agg/test.accuracy_mean":66.88311688311688,"val.SP_age":41.66666666666667,"test.EO_sex":12.5,"agg/seed_std":0,"agg/test.accuracy_std":0,"agg/val.f1_score_mean":69.09090909090908,"test.EO_age":23.52941176470588,"agg/fold_id_mean":0,"agg/test.EO_sex_mean":12.5,"test.accuracy":66.88311688311688,"agg/val.EO_age_std":0,"val.val_score_bestthr":106.16116758004803,"agg/val.roc_auc_mean":70.34559643255295,"agg/test.SP_age_std":0,"test.precision":72.72727272727273,"test.recall":14.285714285714285,"agg/val.val_score_bestthr_mean":106.16116758004803,"agg/val.val_score_bestthr_std":0,"agg/val.roc_auc_std":0,"agg/seed_mean":0,"agg/fold_id_std":0,"agg/val.accuracy_std":0,"_timestamp":1.7672370078220882e+09,"seed":0,"_wandb":{"runtime":54},"agg/test.SP_sex_mean":0.40740740740740633,"agg/test.f1_score_std":0,"_runtime":54.057283196,"agg/best_epoch_std":0,"val.SP_sex":3.8461538461538436,"val.val_score":98.27464565318587,"agg/test.recall_mean":14.285714285714285,"agg/val.val_score_std":0,"fold":0,"test.f1_score":23.88059701492537,"_step":1,"agg/val.accuracy_mean":72.58064516129032,"agg/val.SP_age_std":0,"test.SP_sex":0.40740740740740633,"agg/test.f1_score_mean":23.88059701492537,"agg/val.val_score_mean":98.27464565318587,"agg/test.EO_age_mean":23.52941176470588,"agg/test.EO_sex_std":0,"agg/test.roc_auc_mean":58.76457725947522,"test.roc_auc":58.76457725947522,"agg/test.precision_mean":72.72727272727273,"agg/test.precision_std":0,"agg/val.EO_sex_mean":0.9803921568627527,"agg/val.f1_score_std":0,"agg/val.EO_age_mean":50,"test.SP_age":10.81081081081081,"agg/test.EO_age_std":0,"agg/val.SP_sex_mean":3.8461538461538436,"agg/test.roc_auc_std":0}