{"agg/test.best_accuracy_std":0,"agg/test.val_score_bestthr_mean":76.66108146105253,"agg/seed_mean":0,"agg/test.SP_sex_mean":3.7037037037037033,"agg/val.SP_age_mean":15.972222222222221,"agg/val.SP_age_std":0,"test.accuracy":57.7922077922078,"seed":0,"agg/test.accuracy_mean":57.7922077922078,"agg/test.best_f1_std":0,"agg/val.roc_auc_std":0,"agg/test.EO_age_mean":34.224598930481285,"agg/val.EO_age_mean":30.000000000000004,"test.roc_auc":61.73469387755102,"agg/test.best_f1_mean":56.830601092896174,"agg/val.SP_sex_std":0,"agg/val.val_score_bestthr_std":0,"agg/val.val_score_bestthr_mean":102.57162579672068,"agg/val.f1_score_std":0,"agg/test.EO_sex_mean":18.75,"_timestamp":1.7670576527250226e+09,"agg/test.best_thr_f1_mean":0.42499999999999993,"agg/val.accuracy_mean":70.96774193548387,"agg/val.EO_sex_mean":14.70588235294118,"agg/test.recall_std":0,"agg/val.f1_score_mean":60.86956521739131,"_runtime":42.381378245,"agg/test.EO_sex_std":0,"agg/val.accuracy_std":0,"agg/test.val_score_bestthr_std":0,"_step":1,"agg/test.SP_age_std":0,"agg/val.val_score_mean":100.68676913945353,"agg/val.EO_sex_std":0,"agg/val.val_score_std":0,"agg/test.precision_mean":44,"agg/test.SP_sex_std":0,"agg/best_epoch_std":0,"agg/val.roc_auc_mean":67.67001114827202,"agg/val.EO_age_std":0,"_wandb":{"runtime":42},"val.f1_score":60.86956521739131,"agg/val.SP_sex_mean":10.897435897435898,"test.f1_score":50.38167938931297,"agg/test.best_thr_f1_std":0,"agg/test.EO_age_std":0,"agg/test.val_score_mean":82.22964927390724,"agg/test.best_accuracy_mean":48.701298701298704,"agg/test.roc_auc_std":0,"agg/test.accuracy_std":0,"val.roc_auc":67.67001114827202,"agg/fold_id_std":0,"agg/test.recall_mean":58.92857142857143,"agg/test.precision_std":0,"agg/test.SP_age_mean":18.661518661518663,"agg/test.f1_score_std":0,"agg/test.roc_auc_mean":61.73469387755102,"agg/test.f1_score_mean":50.38167938931297,"val.accuracy":70.96774193548387,"agg/fold_id_mean":0,"fold":0,"agg/test.val_score_std":0,"agg/seed_std":0,"agg/best_epoch_mean":12}