{"agg/val.val_score_bestthr_std":0,"agg/test.roc_auc_std":0,"agg/test.precision_mean":57.57575757575758,"agg/val.EO_age_mean":46.66666666666667,"val.SP_sex":1.495726495726496,"test.recall":33.92857142857143,"fold":0,"val.EO_age":46.66666666666667,"val.val_score":99.44763031349844,"val.SP_age":33.333333333333336,"test.SP_sex":1.2222222222222219,"agg/val.f1_score_mean":62.222222222222236,"agg/test.f1_score_mean":42.69662921348315,"agg/val.val_score_mean":99.44763031349844,"agg/test.SP_sex_mean":1.2222222222222219,"seed":0,"agg/val.roc_auc_std":0,"val.accuracy":72.58064516129032,"agg/fold_id_mean":0,"test.roc_auc":60.532069970845484,"test.SP_age":20.52767052767053,"agg/test.recall_mean":33.92857142857143,"agg/val.accuracy_mean":72.58064516129032,"agg/val.EO_sex_std":0,"val.f1_score":62.222222222222236,"agg/val.val_score_std":0,"agg/best_epoch_mean":16,"agg/fold_id_std":0,"agg/seed_mean":0,"agg/val.val_score_bestthr_mean":102.57287743881672,"agg/val.accuracy_std":0,"agg/test.SP_age_std":0,"agg/val.EO_sex_mean":30.3921568627451,"agg/val.SP_sex_std":0,"agg/val.EO_age_std":0,"val.EO_sex":30.3921568627451,"agg/test.EO_sex_std":0,"agg/test.SP_sex_std":0,"agg/test.accuracy_std":0,"_runtime":70.632773389,"agg/test.f1_score_std":0,"agg/val.SP_age_mean":33.333333333333336,"_timestamp":1.767244559538611e+09,"_step":1,"test.accuracy":66.88311688311688,"agg/test.accuracy_mean":66.88311688311688,"agg/test.SP_age_mean":20.52767052767053,"val.roc_auc":71.68338907469342,"_wandb":{"runtime":70},"agg/val.f1_score_std":0,"test.EO_age":32.085561497326196,"agg/test.recall_std":0,"agg/test.roc_auc_mean":60.532069970845484,"agg/test.EO_sex_mean":18.75,"agg/test.precision_std":0,"agg/test.EO_age_std":0,"agg/val.roc_auc_mean":71.68338907469342,"agg/seed_std":0,"val.val_score_bestthr":102.57287743881672,"test.EO_sex":18.75,"test.f1_score":42.69662921348315,"agg/best_epoch_std":0,"agg/val.SP_sex_mean":1.495726495726496,"test.precision":57.57575757575758,"agg/test.EO_age_mean":32.085561497326196,"agg/val.SP_age_std":0}