{"agg/test.EO_sex_mean":25,"agg/val.f1_score_mean":63.63636363636365,"agg/test.SP_age_mean":26.898326898326903,"agg/test.accuracy_mean":61.038961038961034,"_runtime":100.402506953,"val.val_score":105.36680813388594,"val.roc_auc":70.79152731326644,"agg/fold_id_mean":0,"agg/test.f1_score_std":0,"agg/val.val_score_bestthr_std":0,"agg/val.roc_auc_std":0,"agg/val.val_score_mean":105.36680813388594,"agg/test.recall_std":0,"val.f1_score":63.63636363636365,"agg/val.SP_age_std":0,"agg/val.EO_age_std":0,"agg/test.f1_score_mean":43.39622641509433,"_wandb":{"runtime":100},"agg/test.best_f1_std":0,"agg/test.recall_mean":41.07142857142857,"agg/test.val_score_std":0,"agg/test.val_score_bestthr_mean":68.84655624876213,"agg/test.best_f1_mean":55.00000000000001,"agg/val.SP_sex_mean":5.34188034188034,"agg/test.SP_sex_mean":4.370370370370375,"agg/test.precision_std":0,"_step":1,"agg/test.roc_auc_std":0,"agg/seed_mean":0,"agg/test.SP_age_std":0,"agg/val.roc_auc_mean":70.79152731326644,"agg/test.EO_age_mean":49.73262032085562,"agg/test.precision_mean":46,"agg/test.SP_sex_std":0,"agg/test.EO_age_std":0,"agg/test.roc_auc_mean":59.001457725947525,"agg/val.f1_score_std":0,"agg/best_epoch_mean":15,"test.f1_score":43.39622641509433,"agg/val.EO_sex_std":0,"agg/val.accuracy_mean":74.19354838709677,"agg/test.val_score_bestthr_std":0,"_timestamp":1.7670712317008867e+09,"agg/val.accuracy_std":0,"agg/val.val_score_bestthr_mean":103.31578115117016,"agg/test.best_thr_f1_mean":0.14999999999999997,"agg/test.best_thr_f1_std":0,"agg/test.val_score_mean":81.67706107061267,"fold":0,"agg/val.EO_sex_mean":14.70588235294118,"agg/test.best_accuracy_std":0,"agg/val.val_score_std":0,"agg/test.accuracy_std":0,"seed":0,"agg/fold_id_std":0,"val.accuracy":74.19354838709677,"test.roc_auc":59.001457725947525,"agg/val.EO_age_mean":16.666666666666664,"agg/test.EO_sex_std":0,"agg/best_epoch_std":0,"agg/test.best_accuracy_mean":41.55844155844156,"agg/seed_std":0,"agg/val.SP_age_mean":27.77777777777778,"agg/val.SP_sex_std":0,"test.accuracy":61.038961038961034}