{"agg/val.SP_age_std":0,"seed":0,"agg/val.val_score_bestthr_mean":114.11420777988614,"agg/test.recall_std":0,"agg/fold_id_mean":0,"agg/test.f1_score_mean":53.900709219858165,"agg/test.EO_age_std":0,"val.f1_score":71.69811320754717,"agg/best_epoch_mean":18,"test.roc_auc":63.83017492711369,"test.accuracy":57.7922077922078,"agg/test.best_accuracy_std":0,"agg/val.SP_sex_mean":3.8461538461538436,"agg/test.SP_age_mean":18.118466898954704,"agg/val.EO_age_std":0,"agg/test.EO_age_mean":36.898395721925134,"agg/test.accuracy_std":0,"agg/val.SP_sex_std":0,"agg/test.val_score_bestthr_std":0,"agg/val.EO_sex_mean":0.9803921568627527,"agg/val.accuracy_std":0,"agg/test.f1_score_std":0,"agg/fold_id_std":0,"agg/seed_std":0,"test.f1_score":53.900709219858165,"agg/val.roc_auc_mean":75.69676700111482,"agg/val.val_score_std":0,"agg/test.precision_std":0,"agg/test.EO_sex_std":0,"agg/val.EO_age_mean":33.333333333333336,"agg/test.precision_mean":44.70588235294118,"agg/test.SP_sex_std":0,"_step":1,"agg/val.val_score_bestthr_std":0,"agg/val.SP_age_mean":17.36111111111111,"agg/test.best_f1_mean":55.483870967741936,"agg/test.roc_auc_mean":63.83017492711369,"fold":0,"agg/test.recall_mean":67.85714285714286,"agg/test.val_score_mean":84.00054192407623,"_runtime":164.855089838,"agg/test.best_f1_std":0,"agg/test.SP_sex_mean":10.851851851851851,"agg/test.accuracy_mean":57.7922077922078,"agg/test.SP_age_std":0,"_wandb":{"runtime":164},"agg/best_epoch_std":0,"agg/test.best_accuracy_mean":55.1948051948052,"agg/seed_mean":0,"_timestamp":1.7670807052356184e+09,"agg/test.best_thr_f1_std":0,"val.roc_auc":75.69676700111482,"agg/val.roc_auc_std":0,"agg/val.EO_sex_std":0,"agg/test.EO_sex_mean":8.333333333333337,"agg/test.best_thr_f1_mean":0.39499999999999996,"agg/val.accuracy_mean":75.80645161290323,"val.val_score":111.10029831220221,"agg/val.f1_score_mean":71.69811320754717,"val.accuracy":75.80645161290323,"agg/test.roc_auc_std":0,"agg/test.val_score_std":0,"agg/val.val_score_mean":111.10029831220221,"agg/test.val_score_bestthr_mean":82.4281036128619,"agg/val.f1_score_std":0}