{"seed":0,"_step":1,"agg/test.f1_score_mean":51.92307692307692,"agg/seed_std":0,"agg/val.val_score_std":0,"agg/val.SP_age_mean":23.61111111111111,"val.EO_age":38.888888888888886,"agg/fold_id_std":0,"fold":0,"agg/test.accuracy_mean":67.53246753246754,"agg/test.SP_age_mean":31.98198198198199,"agg/test.SP_sex_mean":5.222222222222222,"agg/val.val_score_bestthr_std":0,"agg/test.recall_std":0,"agg/val.EO_age_std":0,"agg/val.EO_age_mean":38.888888888888886,"agg/val.SP_sex_std":0,"agg/test.roc_auc_std":0,"agg/test.recall_mean":48.214285714285715,"agg/val.EO_sex_mean":9.80392156862745,"test.precision":56.25,"agg/val.roc_auc_mean":68.89632107023411,"agg/test.EO_age_mean":46.524064171122994,"agg/test.EO_sex_std":0,"test.recall":48.214285714285715,"_wandb":{"runtime":51},"val.EO_sex":9.80392156862745,"_runtime":51.513010148,"val.val_score_bestthr":100.6025703374035,"val.roc_auc":68.89632107023411,"agg/val.roc_auc_std":0,"agg/test.precision_mean":56.25,"agg/val.val_score_mean":91.0988527627759,"test.SP_sex":5.222222222222222,"agg/val.val_score_bestthr_mean":100.6025703374035,"agg/val.SP_age_std":0,"agg/test.roc_auc_mean":62.93731778425655,"agg/fold_id_mean":0,"agg/val.accuracy_std":0,"agg/val.accuracy_mean":69.35483870967742,"test.SP_age":31.98198198198199,"agg/val.SP_sex_mean":10.470085470085472,"agg/test.accuracy_std":0,"val.f1_score":64.15094339622641,"agg/val.f1_score_std":0,"_timestamp":1.7672327021735055e+09,"val.SP_age":23.61111111111111,"val.accuracy":69.35483870967742,"test.accuracy":67.53246753246754,"test.EO_sex":2.0833333333333313,"agg/seed_mean":0,"test.roc_auc":62.93731778425655,"agg/val.f1_score_mean":64.15094339622641,"agg/test.EO_age_std":0,"val.val_score":91.0988527627759,"val.SP_sex":10.470085470085472,"agg/best_epoch_std":0,"agg/test.SP_sex_std":0,"agg/test.EO_sex_mean":2.0833333333333313,"agg/test.f1_score_std":0,"test.EO_age":46.524064171122994,"test.f1_score":51.92307692307692,"agg/best_epoch_mean":36,"agg/test.precision_std":0,"agg/val.EO_sex_std":0,"agg/test.SP_age_std":0}