{"agg/val.val_score_bestthr_std":0,"agg/val.SP_sex_mean":5.9829059829059785,"agg/val.f1_score_mean":65.3061224489796,"val.val_score_bestthr":103.9181583717027,"val.SP_sex":5.9829059829059785,"agg/test.accuracy_mean":67.53246753246754,"seed":0,"val.val_score":99.44763031349844,"agg/val.EO_sex_mean":18.627450980392158,"agg/val.EO_sex_std":0,"agg/test.precision_std":0,"agg/val.val_score_std":0,"val.EO_sex":18.627450980392158,"val.EO_age":66.66666666666667,"agg/test.f1_score_mean":40.476190476190474,"test.precision":60.71428571428571,"agg/test.recall_std":0,"agg/test.SP_age_std":0,"test.accuracy":67.53246753246754,"test.roc_auc":60.0765306122449,"_wandb":{"runtime":65},"test.EO_age":32.085561497326196,"test.EO_sex":22.916666666666668,"agg/val.val_score_mean":99.44763031349844,"agg/best_epoch_mean":16,"test.SP_sex":0.5185185185185182,"agg/test.EO_sex_mean":22.916666666666668,"agg/test.SP_age_mean":22.90862290862291,"agg/val.SP_age_mean":40.27777777777778,"agg/test.f1_score_std":0,"agg/fold_id_mean":0,"test.f1_score":40.476190476190474,"val.accuracy":72.58064516129032,"agg/test.roc_auc_std":0,"agg/test.EO_age_mean":32.085561497326196,"agg/test.recall_mean":30.357142857142854,"agg/val.roc_auc_mean":71.90635451505017,"agg/val.accuracy_mean":72.58064516129032,"agg/val.EO_age_std":0,"val.f1_score":65.3061224489796,"agg/val.SP_sex_std":0,"_timestamp":1.7672496515756567e+09,"agg/test.roc_auc_mean":60.0765306122449,"_step":1,"agg/test.EO_sex_std":0,"agg/test.SP_sex_mean":0.5185185185185182,"agg/test.EO_age_std":0,"test.recall":30.357142857142854,"val.SP_age":40.27777777777778,"agg/test.precision_mean":60.71428571428571,"agg/val.SP_age_std":0,"agg/test.SP_sex_std":0,"fold":0,"val.roc_auc":71.90635451505017,"agg/val.f1_score_std":0,"agg/test.accuracy_std":0,"_runtime":65.33009069,"agg/val.accuracy_std":0,"agg/seed_std":0,"agg/val.EO_age_mean":66.66666666666667,"agg/seed_mean":0,"agg/val.roc_auc_std":0,"test.SP_age":22.90862290862291,"agg/best_epoch_std":0,"agg/val.val_score_bestthr_mean":103.9181583717027,"agg/fold_id_std":0}