{"agg/test.roc_auc_std":0,"agg/test.f1_score_mean":38.55421686746988,"val.val_score_bestthr":103.39473435397777,"agg/val.SP_sex_mean":13.675213675213671,"val.f1_score":63.829787234042556,"agg/val.accuracy_std":0,"test.recall":28.57142857142857,"agg/test.SP_age_std":0,"val.val_score":99.54474499778105,"seed":0,"agg/fold_id_std":0,"agg/test.SP_sex_std":0,"agg/val.EO_sex_std":0,"agg/test.accuracy_std":0,"fold":0,"agg/val.roc_auc_mean":73.46711259754738,"agg/test.EO_sex_mean":10.416666666666668,"agg/val.EO_age_std":0,"test.EO_sex":10.416666666666668,"val.SP_age":27.77777777777778,"test.precision":59.25925925925925,"val.SP_sex":13.675213675213671,"_step":1,"agg/seed_mean":0,"test.roc_auc":55.3935860058309,"agg/val.val_score_mean":99.54474499778105,"agg/val.f1_score_std":0,"agg/test.precision_mean":59.25925925925925,"agg/val.SP_age_mean":27.77777777777778,"agg/val.val_score_bestthr_mean":103.39473435397777,"agg/test.SP_sex_mean":4.3703703703703685,"agg/test.SP_age_mean":27.670527670527672,"agg/best_epoch_mean":19,"agg/val.val_score_bestthr_std":0,"_wandb":{"runtime":68},"agg/val.roc_auc_std":0,"val.EO_age":66.66666666666667,"agg/test.recall_std":0,"test.f1_score":38.55421686746988,"agg/val.SP_age_std":0,"agg/val.SP_sex_std":0,"val.roc_auc":73.46711259754738,"test.EO_age":41.17647058823529,"test.SP_sex":4.3703703703703685,"_timestamp":1.767248970875983e+09,"agg/test.precision_std":0,"agg/val.val_score_std":0,"agg/val.EO_age_mean":66.66666666666667,"test.accuracy":66.88311688311688,"agg/val.accuracy_mean":72.58064516129032,"agg/test.recall_mean":28.57142857142857,"val.accuracy":72.58064516129032,"agg/seed_std":0,"agg/val.f1_score_mean":63.829787234042556,"_runtime":68.122548629,"agg/val.EO_sex_mean":1.9607843137254832,"agg/best_epoch_std":0,"agg/test.EO_age_mean":41.17647058823529,"agg/test.f1_score_std":0,"agg/fold_id_mean":0,"agg/test.EO_age_std":0,"test.SP_age":27.670527670527672,"agg/test.EO_sex_std":0,"val.EO_sex":1.9607843137254832,"agg/test.accuracy_mean":66.88311688311688,"agg/test.roc_auc_mean":55.3935860058309}