{"val.SP_age":22.916666666666668,"test.recall":26.785714285714285,"val.EO_age":50,"agg/test.EO_age_mean":47.05882352941176,"agg/best_epoch_std":0,"agg/fold_id_std":0,"_step":1,"_runtime":46.31612242,"agg/seed_mean":0,"fold":0,"agg/val.accuracy_std":0,"agg/val.val_score_bestthr_std":0,"agg/test.SP_sex_std":0,"val.val_score_bestthr":101.7537839163788,"agg/val.f1_score_mean":63.99999999999999,"agg/test.EO_sex_mean":2.0833333333333313,"agg/val.accuracy_mean":70.96774193548387,"agg/best_epoch_mean":33,"agg/val.val_score_mean":101.01399633467945,"agg/val.roc_auc_mean":65.77480490523968,"agg/fold_id_mean":0,"agg/val.EO_age_std":0,"agg/test.recall_mean":26.785714285714285,"val.accuracy":70.96774193548387,"agg/val.EO_sex_std":0,"val.roc_auc":65.77480490523968,"_wandb":{"runtime":46},"agg/val.SP_sex_mean":22.00854700854701,"agg/test.recall_std":0,"agg/val.SP_age_mean":22.916666666666668,"test.SP_age":19.562419562419564,"agg/val.EO_sex_mean":26.470588235294112,"agg/test.SP_age_mean":19.562419562419564,"val.val_score":101.01399633467945,"val.SP_sex":22.00854700854701,"val.f1_score":63.99999999999999,"test.EO_sex":2.0833333333333313,"agg/val.SP_age_std":0,"seed":0,"agg/test.f1_score_mean":37.9746835443038,"agg/val.f1_score_std":0,"agg/test.roc_auc_mean":60.51384839650146,"test.f1_score":37.9746835443038,"agg/test.roc_auc_std":0,"agg/test.SP_sex_mean":0.18518518518518545,"agg/test.EO_sex_std":0,"test.precision":65.21739130434783,"agg/val.val_score_bestthr_mean":101.7537839163788,"val.EO_sex":26.470588235294112,"agg/test.accuracy_mean":68.18181818181817,"test.SP_sex":0.18518518518518545,"test.roc_auc":60.51384839650146,"agg/test.f1_score_std":0,"agg/val.EO_age_mean":50,"agg/test.precision_mean":65.21739130434783,"test.accuracy":68.18181818181817,"agg/test.accuracy_std":0,"agg/test.precision_std":0,"agg/test.EO_age_std":0,"test.EO_age":47.05882352941176,"_timestamp":1.767235615706688e+09,"agg/seed_std":0,"agg/test.SP_age_std":0,"agg/val.val_score_std":0,"agg/val.SP_sex_std":0,"agg/val.roc_auc_std":0}