{"agg/val.EO_sex_std":0,"agg/fold_id_std":0,"agg/test.accuracy_mean":57.7922077922078,"agg/test.SP_sex_std":0,"agg/test.EO_age_std":0,"agg/test.best_thr_f1_mean":0.3999999999999999,"agg/test.recall_std":0,"agg/test.best_thr_f1_std":0,"agg/val.EO_age_std":0,"agg/val.SP_age_mean":34.72222222222222,"agg/test.val_score_std":0,"agg/test.precision_mean":44.15584415584416,"agg/val.EO_age_mean":50,"_timestamp":1.7670594334478464e+09,"agg/test.val_score_bestthr_mean":79.09070611086642,"agg/fold_id_mean":0,"agg/test.EO_sex_mean":16.666666666666664,"_wandb":{"runtime":56},"agg/test.best_f1_std":0,"_step":1,"agg/val.roc_auc_std":0,"agg/test.best_f1_mean":54.6583850931677,"test.f1_score":51.127819548872175,"seed":0,"agg/test.EO_age_mean":49.19786096256684,"agg/val.val_score_mean":104.91957175756986,"_runtime":56.26454865,"agg/val.accuracy_mean":72.58064516129032,"agg/test.val_score_mean":82.50763960051886,"agg/seed_std":0,"agg/test.accuracy_std":0,"agg/val.roc_auc_mean":69.89966555183948,"agg/val.SP_sex_mean":4.914529914529914,"agg/val.EO_sex_mean":9.80392156862745,"fold":0,"val.f1_score":66.66666666666666,"val.val_score":104.91957175756986,"agg/best_epoch_mean":21,"agg/test.best_accuracy_std":0,"agg/test.roc_auc_std":0,"agg/val.f1_score_std":0,"agg/val.val_score_bestthr_mean":103.2900458570525,"val.accuracy":72.58064516129032,"agg/test.f1_score_std":0,"agg/test.precision_std":0,"agg/val.val_score_bestthr_std":0,"agg/test.f1_score_mean":51.127819548872175,"agg/best_epoch_std":0,"agg/test.SP_age_mean":18.983268983268985,"agg/val.f1_score_mean":66.66666666666666,"agg/val.accuracy_std":0,"val.roc_auc":69.89966555183948,"test.accuracy":57.7922077922078,"agg/test.SP_age_std":0,"agg/val.val_score_std":0,"agg/test.recall_mean":60.71428571428571,"val.val_score_bestthr":103.2900458570525,"agg/test.best_accuracy_mean":52.5974025974026,"agg/test.val_score_bestthr_std":0,"agg/val.SP_age_std":0,"agg/test.SP_sex_mean":0,"test.roc_auc":60.058309037900884,"agg/seed_mean":0,"agg/val.SP_sex_std":0,"agg/test.EO_sex_std":0,"agg/test.roc_auc_mean":60.058309037900884}