{"agg/test.val_score_std":0,"agg/test.roc_auc_mean":61.005830903790084,"agg/test.precision_std":0,"agg/val.accuracy_std":0,"seed":0,"agg/val.EO_sex_mean":6.862745098039225,"agg/seed_mean":0,"agg/val.EO_sex_std":0,"_timestamp":1.7670655594864368e+09,"agg/test.best_f1_mean":53.92156862745098,"agg/val.SP_age_std":0,"agg/seed_std":0,"agg/test.EO_sex_std":0,"agg/fold_id_std":0,"val.f1_score":62.06896551724138,"agg/test.val_score_bestthr_std":0,"fold":0,"agg/test.SP_age_std":0,"agg/test.best_accuracy_mean":38.961038961038966,"val.val_score":94.46702707494109,"agg/val.SP_age_mean":36.11111111111111,"agg/test.roc_auc_std":0,"val.roc_auc":68.89632107023411,"test.roc_auc":61.005830903790084,"agg/test.EO_sex_mean":18.75,"agg/test.val_score_bestthr_mean":65.74518228503523,"test.f1_score":49.68944099378881,"agg/val.roc_auc_mean":68.89632107023411,"agg/test.best_f1_std":0,"agg/val.EO_age_std":0,"agg/test.f1_score_mean":49.68944099378881,"agg/val.val_score_bestthr_mean":95.17512852949287,"agg/val.SP_sex_std":0,"agg/val.SP_sex_mean":15.384615384615385,"agg/test.SP_age_mean":29.343629343629352,"agg/best_epoch_mean":12,"agg/fold_id_mean":0,"agg/test.best_thr_f1_mean":0.185,"agg/test.EO_age_std":0,"_wandb":{"runtime":64},"agg/test.EO_age_mean":27.807486631016044,"agg/val.val_score_std":0,"agg/test.val_score_mean":71.37941785085646,"agg/val.f1_score_mean":62.06896551724138,"agg/val.EO_age_mean":50,"agg/test.accuracy_std":0,"agg/test.precision_mean":38.095238095238095,"val.accuracy":64.51612903225806,"agg/test.SP_sex_mean":10.888888888888882,"agg/val.accuracy_mean":64.51612903225806,"agg/test.best_thr_f1_std":0,"agg/test.best_accuracy_std":0,"agg/val.val_score_bestthr_std":0,"agg/test.recall_std":0,"agg/val.val_score_mean":94.46702707494109,"test.accuracy":47.4025974025974,"agg/val.f1_score_std":0,"_step":1,"agg/test.f1_score_std":0,"agg/best_epoch_std":0,"agg/test.recall_mean":71.42857142857143,"_runtime":64.425197502,"agg/test.accuracy_mean":47.4025974025974,"agg/test.SP_sex_std":0,"agg/val.roc_auc_std":0}