{"_timestamp":1.7670577714150124e+09,"_wandb":{"runtime":48},"agg/test.best_accuracy_mean":55.84415584415584,"agg/test.SP_sex_mean":2.0000000000000018,"agg/test.roc_auc_std":0,"_runtime":48.358645945,"agg/val.val_score_std":0,"agg/test.SP_age_std":0,"agg/val.val_score_bestthr_mean":98.98967661920021,"test.roc_auc":62.17201166180758,"agg/fold_id_mean":0,"agg/test.best_f1_std":0,"val.roc_auc":66.10925306577481,"agg/val.SP_sex_mean":0.6410256410256387,"agg/best_epoch_std":0,"agg/val.roc_auc_std":0,"val.f1_score":61.224489795918366,"agg/val.roc_auc_mean":66.10925306577481,"agg/test.EO_age_mean":31.01604278074866,"agg/val.SP_age_mean":28.47222222222222,"agg/val.SP_sex_std":0,"agg/test.EO_sex_std":0,"fold":0,"agg/test.val_score_std":0,"agg/test.val_score_mean":82.85563738299032,"agg/seed_std":0,"_step":1,"test.f1_score":51.85185185185185,"agg/val.f1_score_std":0,"agg/test.f1_score_std":0,"agg/test.best_thr_f1_mean":0.4499999999999999,"agg/val.f1_score_mean":61.224489795918366,"agg/test.EO_sex_mean":29.166666666666664,"agg/test.precision_mean":44.303797468354425,"agg/test.recall_mean":62.5,"agg/val.val_score_mean":98.98967661920021,"agg/val.accuracy_std":0,"val.accuracy":69.35483870967742,"agg/test.best_f1_mean":55.84415584415584,"test.accuracy":57.7922077922078,"agg/val.accuracy_mean":69.35483870967742,"agg/seed_mean":0,"agg/test.accuracy_std":0,"agg/val.EO_age_mean":66.66666666666667,"agg/val.EO_sex_std":0,"seed":0,"agg/test.best_accuracy_std":0,"agg/test.val_score_bestthr_std":0,"agg/test.SP_sex_std":0,"agg/best_epoch_mean":19,"agg/test.precision_std":0,"agg/val.EO_age_std":0,"agg/test.EO_age_std":0,"agg/test.SP_age_mean":24.066924066924066,"agg/test.accuracy_mean":57.7922077922078,"agg/test.recall_std":0,"agg/test.best_thr_f1_std":0,"agg/fold_id_std":0,"agg/test.val_score_bestthr_mean":82.99304801172448,"agg/test.f1_score_mean":51.85185185185185,"agg/val.val_score_bestthr_std":0,"agg/val.EO_sex_mean":1.9607843137254832,"agg/test.roc_auc_mean":62.17201166180758,"agg/val.SP_age_std":0}