{"agg/val.f1_score_std":0,"agg/val.SP_age_mean":21.52777777777778,"val.SP_age":21.52777777777778,"agg/test.EO_sex_std":0,"agg/test.EO_age_mean":35.294117647058826,"test.accuracy":64.28571428571429,"agg/val.val_score_bestthr_std":0,"agg/best_epoch_std":0,"agg/seed_mean":0,"agg/val.val_score_mean":94.2498877440291,"test.EO_sex":6.25,"test.roc_auc":57.79883381924199,"val.EO_sex":2.941176470588236,"_runtime":59.431370796,"agg/test.EO_sex_mean":6.25,"agg/val.SP_age_std":0,"agg/val.val_score_std":0,"agg/val.val_score_bestthr_mean":96.45857890283281,"agg/test.SP_age_mean":16.859716859716862,"agg/val.accuracy_mean":69.35483870967742,"agg/seed_std":0,"agg/test.roc_auc_std":0,"agg/val.accuracy_std":0,"test.recall":19.642857142857142,"fold":0,"agg/test.roc_auc_mean":57.79883381924199,"agg/test.precision_mean":52.38095238095239,"val.EO_age":46.66666666666667,"agg/val.EO_age_std":0,"agg/val.SP_sex_mean":9.18803418803419,"agg/test.recall_std":0,"val.roc_auc":63.21070234113713,"_step":1,"test.SP_age":16.859716859716862,"agg/test.recall_mean":19.642857142857142,"agg/test.SP_sex_std":0,"test.precision":52.38095238095239,"agg/test.accuracy_std":0,"agg/fold_id_std":0,"agg/best_epoch_mean":30,"agg/test.f1_score_std":0,"agg/test.SP_age_std":0,"_timestamp":1.7672345041436107e+09,"agg/fold_id_mean":0,"val.accuracy":69.35483870967742,"agg/val.SP_sex_std":0,"agg/test.SP_sex_mean":1.037037037037039,"agg/val.roc_auc_std":0,"agg/val.EO_age_mean":46.66666666666667,"val.f1_score":55.81395348837209,"agg/val.roc_auc_mean":63.21070234113713,"agg/test.precision_std":0,"agg/test.f1_score_mean":28.57142857142857,"seed":0,"agg/test.EO_age_std":0,"_wandb":{"runtime":59},"agg/val.EO_sex_std":0,"agg/val.f1_score_mean":55.81395348837209,"test.f1_score":28.57142857142857,"agg/test.accuracy_mean":64.28571428571429,"test.EO_age":35.294117647058826,"val.SP_sex":9.18803418803419,"val.val_score_bestthr":96.45857890283281,"agg/val.EO_sex_mean":2.941176470588236,"test.SP_sex":1.037037037037039,"val.val_score":94.2498877440291}