{"agg/test.f1_score_std":0,"agg/seed_mean":0,"agg/val.f1_score_std":0,"val.EO_age":50,"_timestamp":1.7672340681076324e+09,"test.precision":69.23076923076923,"test.accuracy":70.12987012987013,"agg/val.val_score_std":0,"agg/val.val_score_bestthr_std":0,"agg/test.recall_mean":32.142857142857146,"test.recall":32.142857142857146,"seed":0,"agg/val.EO_age_mean":50,"agg/test.EO_age_std":0,"agg/test.f1_score_mean":43.90243902439025,"val.SP_age":22.22222222222222,"agg/val.EO_age_std":0,"agg/val.EO_sex_std":0,"agg/best_epoch_mean":26,"test.roc_auc":59.98542274052478,"agg/fold_id_mean":0,"agg/test.precision_mean":69.23076923076923,"agg/seed_std":0,"val.val_score_bestthr":103.43068206639606,"test.SP_sex":0.3333333333333355,"val.f1_score":63.829787234042556,"agg/val.roc_auc_std":0,"fold":0,"agg/test.roc_auc_std":0,"agg/val.roc_auc_mean":68.00445930880713,"test.EO_sex":6.25,"_runtime":59.900295267,"agg/test.accuracy_std":0,"agg/val.accuracy_mean":72.58064516129032,"agg/test.precision_std":0,"agg/test.SP_age_std":0,"agg/test.recall_std":0,"agg/test.EO_sex_std":0,"_step":1,"agg/val.val_score_mean":99.6736861204366,"agg/val.SP_sex_std":0,"val.roc_auc":68.00445930880713,"agg/val.SP_age_mean":22.22222222222222,"val.SP_sex":13.675213675213671,"agg/test.EO_age_mean":47.05882352941176,"agg/test.SP_sex_mean":0.3333333333333355,"test.SP_age":27.670527670527672,"_wandb":{"runtime":59},"agg/val.f1_score_mean":63.829787234042556,"agg/val.SP_sex_mean":13.675213675213671,"val.EO_sex":20.588235294117652,"agg/test.EO_sex_mean":6.25,"val.val_score":99.6736861204366,"test.EO_age":47.05882352941176,"agg/val.SP_age_std":0,"agg/val.EO_sex_mean":20.588235294117652,"val.accuracy":72.58064516129032,"agg/val.val_score_bestthr_mean":103.43068206639606,"test.f1_score":43.90243902439025,"agg/val.accuracy_std":0,"agg/fold_id_std":0,"agg/best_epoch_std":0,"agg/test.roc_auc_mean":59.98542274052478,"agg/test.SP_sex_std":0,"agg/test.accuracy_mean":70.12987012987013,"agg/test.SP_age_mean":27.670527670527672}