{"agg/best_epoch_std":0,"agg/val.f1_score_std":0,"agg/val.val_score_std":0,"test.SP_sex":3.037037037037038,"agg/test.recall_std":0,"agg/test.accuracy_mean":68.18181818181817,"agg/val.SP_age_std":0,"agg/val.accuracy_std":0,"agg/val.EO_sex_mean":3.9215686274509887,"agg/test.f1_score_mean":37.9746835443038,"agg/test.precision_std":0,"agg/test.roc_auc_mean":60.71428571428571,"test.EO_sex":12.5,"agg/test.EO_sex_std":0,"agg/val.SP_sex_std":0,"agg/fold_id_std":0,"val.SP_sex":5.9829059829059785,"agg/test.SP_sex_std":0,"test.precision":65.21739130434783,"agg/seed_mean":0,"agg/test.EO_age_mean":41.17647058823529,"agg/val.roc_auc_mean":69.11928651059085,"agg/test.f1_score_std":0,"val.roc_auc":69.11928651059085,"_timestamp":1.76723724819222e+09,"_runtime":38.489369052,"_wandb":{"runtime":38},"agg/test.roc_auc_std":0,"fold":0,"agg/val.val_score_bestthr_std":0,"agg/val.EO_age_mean":66.66666666666667,"agg/val.EO_sex_std":0,"agg/test.precision_mean":65.21739130434783,"agg/val.f1_score_mean":65.3061224489796,"val.val_score":97.12985127880765,"agg/val.SP_sex_mean":5.9829059829059785,"agg/val.val_score_mean":97.12985127880765,"test.SP_age":22.265122265122265,"agg/test.accuracy_std":0,"test.roc_auc":60.71428571428571,"val.EO_sex":3.9215686274509887,"val.accuracy":72.58064516129032,"agg/test.SP_age_std":0,"agg/val.EO_age_std":0,"test.accuracy":68.18181818181817,"val.SP_age":34.02777777777778,"val.f1_score":65.3061224489796,"agg/fold_id_mean":0,"val.val_score_bestthr":104.12771719523211,"agg/val.SP_age_mean":34.02777777777778,"val.EO_age":66.66666666666667,"agg/best_epoch_mean":27,"seed":0,"agg/test.EO_age_std":0,"agg/test.SP_age_mean":22.265122265122265,"agg/seed_std":0,"_step":1,"agg/test.EO_sex_mean":12.5,"agg/test.SP_sex_mean":3.037037037037038,"agg/val.roc_auc_std":0,"agg/val.accuracy_mean":72.58064516129032,"test.f1_score":37.9746835443038,"test.recall":26.785714285714285,"agg/val.val_score_bestthr_mean":104.12771719523211,"test.EO_age":41.17647058823529,"agg/test.recall_mean":26.785714285714285}