{"agg/test.accuracy_mean":67.53246753246754,"agg/best_epoch_std":0,"agg/test.f1_score_std":0,"agg/test.roc_auc_mean":63.174198250728864,"_wandb":{"runtime":83},"val.accuracy":72.58064516129032,"agg/test.precision_mean":60.71428571428571,"agg/val.SP_sex_std":0,"test.EO_age":47.05882352941176,"_runtime":83.528946132,"test.SP_age":18.20349761526232,"agg/seed_mean":0,"seed":0,"val.EO_age":30.000000000000004,"agg/val.EO_age_std":0,"agg/val.val_score_bestthr_std":0,"val.val_score":100.95496924000658,"val.SP_age":15.972222222222221,"agg/val.val_score_std":0,"agg/test.recall_std":0,"agg/val.accuracy_std":0,"agg/test.EO_sex_mean":6.25,"test.roc_auc":63.174198250728864,"val.val_score_bestthr":103.9456958924393,"test.f1_score":40.476190476190474,"agg/test.SP_sex_mean":5.185185185185187,"agg/test.SP_age_std":0,"agg/val.accuracy_mean":72.58064516129032,"agg/seed_std":0,"fold":0,"agg/val.f1_score_mean":63.829787234042556,"agg/fold_id_std":0,"agg/test.SP_sex_std":0,"agg/val.SP_age_mean":15.972222222222221,"agg/val.f1_score_std":0,"agg/test.roc_auc_std":0,"agg/test.recall_mean":30.357142857142854,"agg/test.f1_score_mean":40.476190476190474,"agg/val.EO_sex_mean":1.9607843137254832,"test.accuracy":67.53246753246754,"val.f1_score":63.829787234042556,"agg/val.val_score_bestthr_mean":103.9456958924393,"agg/val.SP_age_std":0,"val.EO_sex":1.9607843137254832,"agg/val.SP_sex_mean":7.051282051282054,"agg/test.EO_age_std":0,"agg/test.EO_age_mean":47.05882352941176,"agg/val.val_score_mean":100.95496924000658,"_step":1,"agg/fold_id_mean":0,"agg/val.EO_age_mean":30.000000000000004,"agg/test.accuracy_std":0,"agg/best_epoch_mean":28,"agg/val.roc_auc_mean":68.11594202898551,"test.precision":60.71428571428571,"agg/val.roc_auc_std":0,"test.SP_sex":5.185185185185187,"val.SP_sex":7.051282051282054,"agg/test.SP_age_mean":18.20349761526232,"val.roc_auc":68.11594202898551,"_timestamp":1.7672422022830148e+09,"test.recall":30.357142857142854,"test.EO_sex":6.25,"agg/val.EO_sex_std":0,"agg/test.EO_sex_std":0,"agg/test.precision_std":0}