{"agg/test.best_thr_f1_mean":0.285,"val.roc_auc":67.67441860465115,"seed":0,"agg/test.best_f1_std":0,"test.accuracy":59.90338164251207,"agg/test.SP_sex_mean":2.1096345514950157,"agg/test.SP_age_std":0,"agg/val.accuracy_mean":67.46987951807229,"agg/val.f1_score_mean":63.99999999999999,"agg/fold_id_std":0,"agg/test.accuracy_std":0,"agg/test.SP_age_mean":5.6140350877192935,"agg/test.best_thr_f1_std":0,"test.f1_score":57.868020304568525,"_runtime":267.668967703,"agg/test.EO_age_mean":7.8947368421052655,"agg/test.roc_auc_mean":64.01083504576872,"agg/test.EO_age_std":0,"_wandb":{"runtime":267},"test.roc_auc":64.01083504576872,"val.f1_score":63.99999999999999,"agg/best_epoch_std":0,"agg/test.best_accuracy_mean":54.106280193236714,"agg/best_epoch_mean":43,"_step":1,"_timestamp":1.7671423542181973e+09,"agg/test.EO_sex_mean":5.021173623714459,"agg/val.EO_sex_std":0,"agg/val.val_score_bestthr_mean":96.18701183983283,"agg/test.val_score_std":0,"agg/val.SP_age_mean":41.82194616977226,"agg/val.val_score_mean":98.48752370962953,"fold":0,"agg/test.precision_mean":62.637362637362635,"agg/val.EO_sex_mean":1.5873015873015817,"agg/val.SP_sex_mean":5.175983436852999,"agg/test.precision_std":0,"agg/val.accuracy_std":0,"agg/seed_std":0,"agg/val.SP_age_std":0,"agg/val.EO_age_std":0,"val.val_score":98.48752370962953,"val.accuracy":67.46987951807229,"agg/val.EO_age_mean":49.65034965034965,"agg/test.val_score_mean":88.630995993746,"agg/test.roc_auc_std":0,"agg/test.EO_sex_std":0,"agg/test.SP_sex_std":0,"agg/val.SP_sex_std":0,"agg/val.roc_auc_mean":67.67441860465115,"agg/test.val_score_bestthr_std":0,"agg/fold_id_mean":0,"agg/test.f1_score_std":0,"agg/test.f1_score_mean":57.868020304568525,"agg/val.val_score_bestthr_std":0,"agg/test.recall_mean":53.77358490566038,"agg/val.val_score_std":0,"agg/seed_mean":0,"agg/test.recall_std":0,"agg/test.best_f1_mean":68.85245901639344,"agg/test.val_score_bestthr_mean":88.41090253876234,"agg/test.best_accuracy_std":0,"agg/test.accuracy_mean":59.90338164251207,"agg/val.roc_auc_std":0,"agg/val.f1_score_std":0}