{"_timestamp":1.7670575409608896e+09,"agg/test.accuracy_std":0,"agg/test.val_score_bestthr_std":0,"agg/val.EO_age_std":0,"agg/test.val_score_bestthr_mean":91.19727002403474,"agg/test.recall_std":0,"test.roc_auc":64.63192419825073,"agg/val.SP_age_mean":22.916666666666668,"agg/test.roc_auc_std":0,"val.accuracy":67.74193548387096,"agg/best_epoch_std":0,"agg/val.roc_auc_mean":65.44035674470457,"agg/test.best_f1_std":0,"agg/test.best_accuracy_mean":62.98701298701299,"agg/test.val_score_mean":88.89279129527583,"agg/test.precision_mean":48.05194805194805,"agg/test.f1_score_std":0,"agg/test.EO_sex_std":0,"agg/test.EO_sex_mean":10.416666666666663,"val.f1_score":61.53846153846154,"agg/test.roc_auc_mean":64.63192419825073,"agg/test.best_thr_f1_mean":0.48499999999999993,"agg/val.f1_score_std":0,"test.f1_score":55.63909774436091,"agg/val.EO_sex_mean":26.470588235294112,"agg/fold_id_std":0,"_step":1,"agg/test.best_accuracy_std":0,"agg/seed_std":0,"agg/val.val_score_bestthr_std":0,"agg/val.SP_sex_std":0,"agg/val.f1_score_mean":61.53846153846154,"agg/test.SP_sex_mean":8.55555555555556,"agg/test.recall_mean":66.07142857142857,"_wandb":{"runtime":47},"agg/val.accuracy_std":0,"agg/test.EO_age_std":0,"agg/test.SP_sex_std":0,"agg/val.SP_age_std":0,"fold":0,"agg/fold_id_mean":0,"agg/val.EO_sex_std":0,"agg/test.SP_age_std":0,"agg/test.EO_age_mean":31.01604278074866,"agg/val.val_score_bestthr_mean":97.44037062715906,"agg/test.best_f1_mean":57.777777777777786,"agg/val.SP_sex_mean":7.6923076923076925,"agg/test.f1_score_mean":55.63909774436091,"agg/test.val_score_std":0,"agg/test.accuracy_mean":61.68831168831169,"agg/seed_mean":0,"agg/test.best_thr_f1_std":0,"agg/val.val_score_mean":97.44037062715906,"val.roc_auc":65.44035674470457,"test.accuracy":61.68831168831169,"_runtime":47.858408239,"agg/val.val_score_std":0,"agg/best_epoch_mean":23,"seed":0,"agg/test.SP_age_mean":11.518661518661515,"agg/val.accuracy_mean":67.74193548387096,"agg/test.precision_std":0,"agg/val.roc_auc_std":0,"agg/val.EO_age_mean":50}