{"agg/fold_id_std":0,"val.roc_auc":71.23745819397993,"val.f1_score":65.38461538461539,"agg/seed_std":0,"agg/test.val_score_bestthr_std":0,"agg/test.SP_age_std":0,"agg/test.EO_sex_mean":22.916666666666664,"agg/test.best_accuracy_mean":57.7922077922078,"agg/test.EO_sex_std":0,"agg/val.EO_age_mean":38.888888888888886,"seed":0,"agg/test.SP_age_mean":30.115830115830118,"agg/val.EO_sex_mean":12.745098039215685,"agg/val.accuracy_mean":70.96774193548387,"agg/val.f1_score_std":0,"agg/test.val_score_mean":83.74678883062802,"agg/test.f1_score_mean":53.900709219858165,"agg/val.f1_score_mean":65.38461538461539,"agg/test.val_score_bestthr_mean":84.84829174148501,"agg/test.best_thr_f1_mean":0.48499999999999993,"agg/val.roc_auc_std":0,"agg/test.best_accuracy_std":0,"agg/val.val_score_std":0,"val.accuracy":70.96774193548387,"agg/val.SP_age_std":0,"fold":0,"agg/test.accuracy_mean":57.7922077922078,"agg/test.precision_mean":44.70588235294118,"agg/test.best_f1_mean":55.78231292517006,"agg/test.recall_mean":67.85714285714286,"agg/val.SP_sex_mean":7.6923076923076925,"agg/test.SP_sex_mean":0.5555555555555536,"agg/test.EO_age_mean":45.98930481283422,"agg/val.val_score_bestthr_std":0,"agg/test.roc_auc_mean":65.3790087463557,"agg/test.EO_age_std":0,"agg/fold_id_mean":0,"agg/test.precision_std":0,"test.roc_auc":65.3790087463557,"agg/test.best_thr_f1_std":0,"agg/best_epoch_std":0,"agg/test.accuracy_std":0,"_wandb":{"runtime":184},"test.f1_score":53.900709219858165,"agg/test.recall_std":0,"agg/test.val_score_std":0,"agg/test.best_f1_std":0,"agg/val.accuracy_std":0,"agg/test.f1_score_std":0,"agg/val.SP_age_mean":23.61111111111111,"agg/val.EO_age_std":0,"agg/val.val_score_bestthr_mean":105.05682665953064,"_step":1,"val.val_score":102.83067557047633,"agg/seed_mean":0,"agg/val.roc_auc_mean":71.23745819397993,"agg/test.SP_sex_std":0,"agg/val.val_score_mean":102.83067557047633,"test.accuracy":57.7922077922078,"agg/test.roc_auc_std":0,"_timestamp":1.767077935163257e+09,"_runtime":184.41731775,"agg/val.EO_sex_std":0,"agg/val.SP_sex_std":0,"agg/best_epoch_mean":17}