{"agg/val.SP_sex_mean":7.47863247863248,"agg/val.SP_age_mean":20.833333333333336,"test.precision":57.692307692307686,"val.SP_sex":7.47863247863248,"agg/val.EO_sex_mean":2.941176470588236,"agg/val.SP_age_std":0,"agg/seed_std":0,"test.SP_sex":0.3333333333333355,"agg/test.precision_mean":57.692307692307686,"test.f1_score":36.58536585365854,"agg/test.recall_std":0,"agg/test.SP_age_mean":19.562419562419564,"agg/val.val_score_std":0,"agg/val.EO_sex_std":0,"_timestamp":1.767242289429896e+09,"_runtime":80.276574553,"agg/val.f1_score_std":0,"test.SP_age":19.562419562419564,"agg/test.SP_sex_mean":0.3333333333333355,"test.EO_sex":12.5,"agg/best_epoch_mean":23,"agg/test.f1_score_std":0,"agg/best_epoch_std":0,"val.val_score_bestthr":97.88854384599166,"_step":1,"agg/test.EO_sex_std":0,"agg/fold_id_std":0,"agg/val.f1_score_mean":55.00000000000001,"test.accuracy":66.23376623376623,"agg/test.recall_mean":26.785714285714285,"agg/val.val_score_bestthr_mean":97.88854384599166,"agg/val.val_score_mean":95.69892600688523,"agg/val.EO_age_mean":26.666666666666668,"agg/test.EO_age_std":0,"test.roc_auc":57.85349854227405,"val.SP_age":20.833333333333336,"val.EO_sex":2.941176470588236,"agg/val.val_score_bestthr_std":0,"test.EO_age":32.085561497326196,"agg/test.accuracy_mean":66.23376623376623,"agg/test.SP_sex_std":0,"val.roc_auc":65.10590858416946,"fold":0,"val.f1_score":55.00000000000001,"agg/test.roc_auc_std":0,"_wandb":{"runtime":80},"agg/test.EO_age_mean":32.085561497326196,"agg/test.f1_score_mean":36.58536585365854,"agg/test.roc_auc_mean":57.85349854227405,"agg/val.accuracy_mean":70.96774193548387,"seed":0,"agg/val.roc_auc_mean":65.10590858416946,"agg/test.precision_std":0,"agg/seed_mean":0,"agg/val.EO_age_std":0,"val.val_score":95.69892600688523,"agg/val.roc_auc_std":0,"agg/val.SP_sex_std":0,"agg/test.SP_age_std":0,"agg/test.accuracy_std":0,"test.recall":26.785714285714285,"val.accuracy":70.96774193548387,"agg/test.EO_sex_mean":12.5,"agg/fold_id_mean":0,"agg/val.accuracy_std":0,"val.EO_age":26.666666666666668}