{"agg/test.best_f1_std":0,"agg/best_epoch_mean":19,"val.roc_auc":71.01449275362319,"agg/test.EO_sex_mean":10.416666666666663,"agg/test.precision_mean":41.57303370786517,"agg/fold_id_mean":0,"agg/val.SP_age_mean":22.916666666666668,"agg/val.EO_sex_std":0,"agg/val.EO_age_mean":33.333333333333336,"fold":0,"test.roc_auc":61.80758017492711,"_timestamp":1.7670710595025346e+09,"agg/val.EO_sex_mean":15.686274509803921,"val.f1_score":69.23076923076923,"agg/seed_std":0,"agg/test.SP_sex_mean":9.148148148148149,"_step":1,"agg/fold_id_std":0,"agg/val.val_score_bestthr_mean":108.01264718046026,"agg/test.EO_age_std":0,"agg/val.accuracy_mean":74.19354838709677,"agg/test.accuracy_std":0,"_wandb":{"runtime":51},"test.accuracy":53.896103896103895,"agg/best_epoch_std":0,"agg/test.f1_score_std":0,"agg/test.SP_age_std":0,"agg/val.accuracy_std":0,"agg/test.roc_auc_mean":61.80758017492711,"agg/val.val_score_bestthr_std":0,"agg/test.val_score_std":0,"agg/test.f1_score_mean":51.03448275862069,"agg/val.f1_score_std":0,"agg/test.SP_sex_std":0,"agg/test.best_accuracy_mean":55.84415584415584,"val.accuracy":74.19354838709677,"agg/seed_mean":0,"agg/test.best_accuracy_std":0,"_runtime":51.229095861,"agg/val.SP_sex_std":0,"agg/val.EO_age_std":0,"agg/val.val_score_std":0,"agg/test.recall_mean":66.07142857142857,"val.val_score":108.01264718046026,"agg/test.EO_age_mean":31.01604278074866,"agg/test.precision_std":0,"agg/val.roc_auc_mean":71.01449275362319,"agg/test.roc_auc_std":0,"agg/test.best_thr_f1_mean":0.41999999999999993,"agg/test.EO_sex_std":0,"agg/test.best_thr_f1_std":0,"agg/test.SP_age_mean":19.62676962676963,"agg/val.roc_auc_std":0,"agg/test.best_f1_mean":55.26315789473685,"agg/val.val_score_mean":108.01264718046026,"test.f1_score":51.03448275862069,"seed":0,"agg/val.SP_sex_mean":7.6923076923076925,"agg/test.recall_std":0,"agg/test.val_score_bestthr_mean":82.70092279404729,"agg/val.SP_age_std":0,"agg/val.f1_score_mean":69.23076923076923,"agg/test.val_score_mean":78.7112690031909,"agg/test.accuracy_mean":53.896103896103895,"agg/test.val_score_bestthr_std":0}