{"agg/fold_id_mean":0,"agg/seed_std":0,"agg/best_epoch_std":0,"agg/val.f1_score_mean":62.500000000000014,"agg/test.f1_score_std":0,"agg/test.accuracy_mean":67.53246753246754,"test.roc_auc":59.71209912536444,"val.EO_sex":20.588235294117652,"test.SP_age":14.750290360046458,"agg/val.val_score_bestthr_std":0,"test.recall":23.214285714285715,"agg/test.SP_age_mean":14.750290360046458,"agg/val.val_score_bestthr_mean":101.02468009536321,"agg/val.accuracy_std":0,"agg/test.SP_sex_std":0,"agg/val.EO_sex_mean":20.588235294117652,"agg/val.SP_age_std":0,"agg/test.EO_age_std":0,"test.EO_sex":2.0833333333333344,"agg/val.val_score_std":0,"agg/seed_mean":0,"val.accuracy":70.96774193548387,"val.SP_sex":9.829059829059828,"agg/val.roc_auc_mean":68.89632107023411,"agg/fold_id_std":0,"agg/test.precision_mean":65,"_step":1,"val.val_score_bestthr":101.02468009536321,"agg/val.SP_sex_std":0,"agg/val.EO_age_std":0,"val.val_score":100.20204691723131,"_runtime":67.239837924,"agg/test.precision_std":0,"agg/val.val_score_mean":100.20204691723131,"_timestamp":1.7672362288449712e+09,"agg/test.recall_mean":23.214285714285715,"agg/test.SP_sex_mean":2.888888888888891,"val.f1_score":62.500000000000014,"test.EO_age":41.17647058823529,"test.SP_sex":2.888888888888891,"agg/val.EO_age_mean":66.66666666666667,"seed":0,"agg/best_epoch_mean":36,"fold":0,"agg/val.SP_sex_mean":9.829059829059828,"agg/val.f1_score_std":0,"agg/test.roc_auc_mean":59.71209912536444,"val.SP_age":22.22222222222222,"agg/test.EO_sex_mean":2.0833333333333344,"agg/test.accuracy_std":0,"val.EO_age":66.66666666666667,"agg/val.SP_age_mean":22.22222222222222,"agg/test.f1_score_mean":34.21052631578948,"test.accuracy":67.53246753246754,"agg/val.roc_auc_std":0,"agg/val.EO_sex_std":0,"agg/test.recall_std":0,"test.precision":65,"agg/test.EO_sex_std":0,"agg/val.accuracy_mean":70.96774193548387,"test.f1_score":34.21052631578948,"agg/test.SP_age_std":0,"agg/test.roc_auc_std":0,"agg/test.EO_age_mean":41.17647058823529,"val.roc_auc":68.89632107023411,"_wandb":{"runtime":67}}