{"test.recall":26.785714285714285,"agg/fold_id_mean":0,"agg/val.roc_auc_mean":67.22408026755853,"val.accuracy":69.35483870967742,"val.SP_sex":9.401709401709402,"val.val_score":96.03165393535411,"agg/val.EO_sex_std":0,"agg/test.precision_mean":53.57142857142857,"agg/val.val_score_bestthr_std":0,"agg/test.accuracy_mean":64.93506493506493,"val.EO_age":50,"test.precision":53.57142857142857,"agg/test.EO_sex_mean":12.5,"agg/val.SP_age_mean":20.833333333333332,"agg/seed_mean":0,"agg/val.EO_age_mean":50,"agg/test.recall_std":0,"agg/val.roc_auc_std":0,"agg/test.SP_age_std":0,"val.EO_sex":15.686274509803921,"val.f1_score":65.45454545454547,"test.f1_score":35.71428571428571,"test.roc_auc":59.274781341107875,"fold":0,"val.roc_auc":67.22408026755853,"agg/val.SP_sex_mean":9.401709401709402,"agg/fold_id_std":0,"agg/test.SP_age_mean":12.129202373104814,"test.EO_sex":12.5,"test.EO_age":23.52941176470588,"test.SP_age":12.129202373104814,"val.SP_age":20.833333333333332,"_wandb":{"runtime":143},"agg/best_epoch_mean":44,"agg/val.EO_age_std":0,"agg/test.EO_sex_std":0,"agg/val.f1_score_mean":65.45454545454547,"_runtime":143.280585646,"agg/val.SP_sex_std":0,"test.SP_sex":5.185185185185187,"agg/test.SP_sex_std":0,"agg/val.accuracy_mean":69.35483870967742,"agg/best_epoch_std":0,"val.val_score_bestthr":101.12289826450169,"test.accuracy":64.93506493506493,"agg/val.val_score_bestthr_mean":101.12289826450169,"agg/test.SP_sex_mean":5.185185185185187,"agg/val.f1_score_std":0,"agg/test.f1_score_mean":35.71428571428571,"_step":1,"agg/val.accuracy_std":0,"agg/test.roc_auc_mean":59.274781341107875,"agg/seed_std":0,"agg/val.EO_sex_mean":15.686274509803921,"seed":0,"agg/val.val_score_mean":96.03165393535411,"agg/test.accuracy_std":0,"agg/test.precision_std":0,"agg/test.roc_auc_std":0,"agg/val.val_score_std":0,"agg/val.SP_age_std":0,"_timestamp":1.7672430707176147e+09,"agg/test.EO_age_mean":23.52941176470588,"agg/test.recall_mean":26.785714285714285,"agg/test.EO_age_std":0,"agg/test.f1_score_std":0}