{"agg/best_epoch_mean":46,"agg/val.SP_age_mean":29.166666666666668,"agg/test.recall_std":0,"agg/val.val_score_bestthr_std":0,"agg/val.EO_sex_mean":9.80392156862745,"agg/test.roc_auc_mean":60.86005830903791,"fold":0,"test.SP_age":24.96782496782497,"agg/val.roc_auc_std":0,"val.val_score_bestthr":102.75965998475486,"agg/test.roc_auc_std":0,"val.EO_sex":9.80392156862745,"test.roc_auc":60.86005830903791,"val.f1_score":65.38461538461539,"val.SP_age":29.166666666666668,"test.EO_sex":14.583333333333334,"agg/val.EO_age_mean":50,"agg/val.accuracy_mean":70.96774193548387,"agg/seed_std":0,"agg/val.SP_sex_mean":1.0683760683760646,"test.f1_score":35.8974358974359,"val.EO_age":50,"_timestamp":1.767232798950258e+09,"agg/test.SP_sex_mean":0.8148148148148127,"agg/val.EO_sex_std":0,"agg/test.f1_score_std":0,"agg/test.EO_sex_mean":14.583333333333334,"agg/val.accuracy_std":0,"agg/val.EO_age_std":0,"agg/val.f1_score_std":0,"test.EO_age":35.294117647058826,"agg/test.precision_mean":63.63636363636363,"agg/test.accuracy_mean":67.53246753246754,"agg/test.precision_std":0,"agg/fold_id_std":0,"agg/test.EO_age_std":0,"val.SP_sex":1.0683760683760646,"val.roc_auc":70.12263099219622,"agg/test.SP_age_std":0,"agg/test.accuracy_std":0,"agg/fold_id_mean":0,"val.accuracy":70.96774193548387,"agg/val.val_score_mean":91.00291197298213,"agg/test.EO_age_mean":35.294117647058826,"_wandb":{"runtime":36},"agg/val.val_score_std":0,"agg/val.val_score_bestthr_mean":102.75965998475486,"agg/val.SP_age_std":0,"agg/val.SP_sex_std":0,"agg/seed_mean":0,"test.SP_sex":0.8148148148148127,"test.precision":63.63636363636363,"agg/val.roc_auc_mean":70.12263099219622,"_runtime":36.742565254,"test.recall":25,"agg/best_epoch_std":0,"agg/test.recall_mean":25,"agg/test.SP_age_mean":24.96782496782497,"_step":1,"agg/val.f1_score_mean":65.38461538461539,"val.val_score":91.00291197298213,"agg/test.SP_sex_std":0,"seed":0,"test.accuracy":67.53246753246754,"agg/test.EO_sex_std":0,"agg/test.f1_score_mean":35.8974358974359}