{"agg/seed_mean":0,"val.roc_auc":72.01783723522854,"agg/test.best_thr_f1_std":0,"agg/test.roc_auc_std":0,"agg/val.val_score_bestthr_mean":108.16712179081723,"agg/test.EO_age_mean":58.28877005347592,"agg/test.best_f1_mean":55.84415584415584,"agg/val.EO_sex_std":0,"agg/test.best_accuracy_mean":55.84415584415584,"agg/test.best_f1_std":0,"agg/test.roc_auc_mean":62.7368804664723,"agg/val.accuracy_mean":72.58064516129032,"test.roc_auc":62.7368804664723,"_timestamp":1.76707626217041e+09,"agg/test.accuracy_mean":55.1948051948052,"agg/val.val_score_bestthr_std":0,"agg/test.best_thr_f1_mean":0.33999999999999997,"agg/fold_id_mean":0,"agg/test.EO_age_std":0,"agg/val.EO_age_std":0,"agg/val.f1_score_std":0,"agg/val.f1_score_mean":65.3061224489796,"agg/test.accuracy_std":0,"agg/val.val_score_std":0,"_wandb":{"runtime":65},"fold":0,"_step":1,"agg/test.precision_std":0,"agg/test.f1_score_mean":49.63503649635036,"agg/val.roc_auc_std":0,"val.val_score":104.12771719523211,"agg/seed_std":0,"agg/test.EO_sex_mean":2.083333333333337,"agg/val.SP_sex_std":0,"agg/fold_id_std":0,"agg/test.val_score_std":0,"agg/test.recall_mean":60.71428571428571,"agg/test.f1_score_std":0,"agg/val.SP_age_std":0,"agg/test.best_accuracy_std":0,"agg/val.val_score_mean":104.12771719523211,"agg/val.EO_age_mean":66.66666666666667,"agg/test.SP_sex_std":0,"agg/val.EO_sex_mean":3.9215686274509887,"agg/test.val_score_bestthr_mean":83.0957464244229,"val.accuracy":72.58064516129032,"agg/test.recall_std":0,"_runtime":65.358844272,"agg/test.val_score_mean":79.09619714670701,"val.f1_score":65.3061224489796,"agg/val.roc_auc_mean":72.01783723522854,"agg/test.SP_age_mean":24.388674388674392,"agg/test.SP_age_std":0,"agg/test.precision_mean":41.9753086419753,"agg/val.SP_age_mean":34.02777777777778,"agg/val.SP_sex_mean":5.9829059829059785,"test.f1_score":49.63503649635036,"seed":0,"agg/test.EO_sex_std":0,"agg/best_epoch_std":0,"agg/test.val_score_bestthr_std":0,"agg/val.accuracy_std":0,"agg/test.SP_sex_mean":6.851851851851859,"agg/best_epoch_mean":18,"test.accuracy":55.1948051948052}